{"time":"2026-09-11T01:03:56.140Z","level":"info","message":"DB connected","meta":{"database":"biro_umum_db","host":"localhost","port":5432}}
{"time":"2026-09-11T01:03:56.266Z","level":"info","message":"HTTP request","meta":{"method":"GET","path":"/api/auth/me","status":304,"duration_ms":8,"user_id":2,"role":"kabag"}}
{"time":"2026-09-11T01:03:56.270Z","level":"info","message":"HTTP request","meta":{"method":"GET","path":"/api/auth/me","status":304,"duration_ms":2,"user_id":2,"role":"kabag"}}
{"time":"2026-09-11T01:03:56.340Z","level":"info","message":"HTTP request","meta":{"method":"GET","path":"/api/pemeliharaan?kategori=&lokasi=&status=&search=","status":304,"duration_ms":7,"user_id":2,"role":"kabag"}}
{"time":"2026-09-11T01:03:56.346Z","level":"info","message":"HTTP request","meta":{"method":"GET","path":"/api/pemeliharaan?kategori=&lokasi=&status=&search=","status":304,"duration_ms":5,"user_id":2,"role":"kabag"}}
{"time":"2026-09-11T01:03:58.774Z","level":"info","message":"HTTP request","meta":{"method":"GET","path":"/api/auth/me","status":304,"duration_ms":2,"user_id":2,"role":"kabag"}}
{"time":"2026-09-11T01:03:58.779Z","level":"info","message":"HTTP request","meta":{"method":"GET","path":"/api/auth/me","status":304,"duration_ms":1,"user_id":2,"role":"kabag"}}
{"time":"2026-09-11T01:03:58.822Z","level":"info","message":"HTTP request","meta":{"method":"GET","path":"/api/pemeliharaan?kategori=&lokasi=&status=&search=","status":304,"duration_ms":4,"user_id":2,"role":"kabag"}}
{"time":"2026-09-11T01:03:58.835Z","level":"info","message":"HTTP request","meta":{"method":"GET","path":"/api/pemeliharaan?kategori=&lokasi=&status=&search=","status":304,"duration_ms":12,"user_id":2,"role":"kabag"}}
{"time":"2026-09-11T01:03:59.234Z","level":"info","message":"HTTP request","meta":{"method":"GET","path":"/api/auth/me","status":304,"duration_ms":3,"user_id":2,"role":"kabag"}}
{"time":"2026-09-11T01:03:59.236Z","level":"info","message":"HTTP request","meta":{"method":"GET","path":"/api/auth/me","status":304,"duration_ms":1,"user_id":2,"role":"kabag"}}
{"time":"2026-09-11T01:03:59.280Z","level":"info","message":"HTTP request","meta":{"method":"GET","path":"/api/pemeliharaan?kategori=&lokasi=&status=&search=","status":304,"duration_ms":4,"user_id":2,"role":"kabag"}}
{"time":"2026-09-11T01:03:59.287Z","level":"info","message":"HTTP request","meta":{"method":"GET","path":"/api/pemeliharaan?kategori=&lokasi=&status=&search=","status":304,"duration_ms":5,"user_id":2,"role":"kabag"}}
{"time":"2026-09-11T01:03:59.425Z","level":"info","message":"HTTP request","meta":{"method":"GET","path":"/api/auth/me","status":304,"duration_ms":1,"user_id":2,"role":"kabag"}}
{"time":"2026-09-11T01:03:59.429Z","level":"info","message":"HTTP request","meta":{"method":"GET","path":"/api/auth/me","status":304,"duration_ms":3,"user_id":2,"role":"kabag"}}
{"time":"2026-09-11T01:03:59.473Z","level":"info","message":"HTTP request","meta":{"method":"GET","path":"/api/pemeliharaan?kategori=&lokasi=&status=&search=","status":304,"duration_ms":5,"user_id":2,"role":"kabag"}}
{"time":"2026-09-11T01:03:59.481Z","level":"info","message":"HTTP request","meta":{"method":"GET","path":"/api/pemeliharaan?kategori=&lokasi=&status=&search=","status":304,"duration_ms":7,"user_id":2,"role":"kabag"}}
{"time":"2026-09-11T01:03:59.619Z","level":"info","message":"HTTP request","meta":{"method":"GET","path":"/api/auth/me","status":304,"duration_ms":2,"user_id":2,"role":"kabag"}}
{"time":"2026-09-11T01:03:59.622Z","level":"info","message":"HTTP request","meta":{"method":"GET","path":"/api/auth/me","status":304,"duration_ms":2,"user_id":2,"role":"kabag"}}
{"time":"2026-09-11T01:03:59.665Z","level":"info","message":"HTTP request","meta":{"method":"GET","path":"/api/pemeliharaan?kategori=&lokasi=&status=&search=","status":304,"duration_ms":5,"user_id":2,"role":"kabag"}}
{"time":"2026-09-11T01:03:59.672Z","level":"info","message":"HTTP request","meta":{"method":"GET","path":"/api/pemeliharaan?kategori=&lokasi=&status=&search=","status":304,"duration_ms":5,"user_id":2,"role":"kabag"}}
{"time":"2026-09-11T01:04:00.884Z","level":"info","message":"HTTP request","meta":{"method":"GET","path":"/api/health","status":304,"duration_ms":0,"user_id":null,"role":null}}
{"time":"2026-09-11T01:04:01.085Z","level":"info","message":"HTTP request","meta":{"method":"GET","path":"/api/health","status":304,"duration_ms":0,"user_id":null,"role":null}}
{"time":"2026-09-11T01:04:01.267Z","level":"info","message":"HTTP request","meta":{"method":"GET","path":"/api/health","status":304,"duration_ms":0,"user_id":null,"role":null}}
{"time":"2026-09-11T01:04:05.586Z","level":"info","message":"HTTP request","meta":{"method":"GET","path":"/api/auth/me","status":304,"duration_ms":2,"user_id":2,"role":"kabag"}}
{"time":"2026-09-11T01:04:05.589Z","level":"info","message":"HTTP request","meta":{"method":"GET","path":"/api/auth/me","status":304,"duration_ms":2,"user_id":2,"role":"kabag"}}
{"time":"2026-09-11T01:04:05.636Z","level":"info","message":"HTTP request","meta":{"method":"GET","path":"/api/pemeliharaan?kategori=&lokasi=&status=&search=","status":304,"duration_ms":4,"user_id":2,"role":"kabag"}}
{"time":"2026-09-11T01:04:05.643Z","level":"info","message":"HTTP request","meta":{"method":"GET","path":"/api/pemeliharaan?kategori=&lokasi=&status=&search=","status":304,"duration_ms":5,"user_id":2,"role":"kabag"}}
{"time":"2026-09-11T01:04:06.743Z","level":"info","message":"HTTP request","meta":{"method":"GET","path":"/api/pemeliharaan?kategori=&lokasi=&status=&search=","status":304,"duration_ms":5,"user_id":2,"role":"kabag"}}
{"time":"2026-09-11T01:04:06.749Z","level":"info","message":"HTTP request","meta":{"method":"GET","path":"/api/pemeliharaan?kategori=&lokasi=&status=&search=","status":304,"duration_ms":5,"user_id":2,"role":"kabag"}}
{"time":"2026-09-11T01:04:11.959Z","level":"info","message":"HTTP request","meta":{"method":"POST","path":"/api/pemeliharaan","status":201,"duration_ms":3,"user_id":2,"role":"kabag"}}
{"time":"2026-09-11T01:04:11.968Z","level":"info","message":"HTTP request","meta":{"method":"GET","path":"/api/pemeliharaan?kategori=&lokasi=&status=&search=","status":200,"duration_ms":4,"user_id":2,"role":"kabag"}}
{"time":"2026-09-11T01:04:14.708Z","level":"info","message":"DB connected","meta":{"database":"biro_umum_db","host":"localhost","port":5432}}
{"time":"2026-09-11T01:04:14.713Z","level":"info","message":"HTTP request","meta":{"method":"GET","path":"/api/dashboard/activities","status":200,"duration_ms":43,"user_id":2,"role":"kabag"}}
{"time":"2026-09-11T01:04:14.716Z","level":"info","message":"HTTP request","meta":{"method":"GET","path":"/api/dashboard/activities","status":304,"duration_ms":2,"user_id":2,"role":"kabag"}}
{"time":"2026-09-11T01:04:14.803Z","level":"info","message":"DB connected","meta":{"database":"biro_umum_db","host":"localhost","port":5432}}
{"time":"2026-09-11T01:04:14.807Z","level":"info","message":"HTTP request","meta":{"method":"GET","path":"/api/dashboard/summary","status":200,"duration_ms":139,"user_id":2,"role":"kabag"}}
{"time":"2026-09-11T01:04:14.812Z","level":"info","message":"HTTP request","meta":{"method":"GET","path":"/api/dashboard/summary","status":304,"duration_ms":4,"user_id":2,"role":"kabag"}}
{"time":"2026-09-11T01:04:16.132Z","level":"info","message":"HTTP request","meta":{"method":"GET","path":"/api/pemeliharaan?kategori=&lokasi=&status=&search=","status":304,"duration_ms":7,"user_id":2,"role":"kabag"}}
{"time":"2026-09-11T01:04:16.137Z","level":"info","message":"HTTP request","meta":{"method":"GET","path":"/api/pemeliharaan?kategori=&lokasi=&status=&search=","status":304,"duration_ms":4,"user_id":2,"role":"kabag"}}
{"time":"2026-09-11T01:04:20.987Z","level":"info","message":"HTTP request","meta":{"method":"GET","path":"/api/pengadaan?kategori=&lokasi=&status=&search=","status":200,"duration_ms":2,"user_id":2,"role":"kabag"}}
{"time":"2026-09-11T01:04:20.991Z","level":"info","message":"HTTP request","meta":{"method":"GET","path":"/api/pengadaan?kategori=&lokasi=&status=&search=","status":304,"duration_ms":3,"user_id":2,"role":"kabag"}}
{"time":"2026-09-11T01:04:31.812Z","level":"info","message":"DB connected","meta":{"database":"biro_umum_db","host":"localhost","port":5432}}
{"time":"2026-09-11T01:04:31.817Z","level":"info","message":"HTTP request","meta":{"method":"POST","path":"/api/pengadaan","status":201,"duration_ms":33,"user_id":2,"role":"kabag"}}
{"time":"2026-09-11T01:04:31.826Z","level":"info","message":"HTTP request","meta":{"method":"GET","path":"/api/pengadaan?kategori=&lokasi=&status=&search=","status":200,"duration_ms":3,"user_id":2,"role":"kabag"}}
{"time":"2026-09-11T01:04:34.451Z","level":"info","message":"DB connected","meta":{"database":"biro_umum_db","host":"localhost","port":5432}}
{"time":"2026-09-11T01:04:34.456Z","level":"info","message":"HTTP request","meta":{"method":"GET","path":"/api/dashboard/activities","status":200,"duration_ms":41,"user_id":2,"role":"kabag"}}
{"time":"2026-09-11T01:04:34.459Z","level":"info","message":"HTTP request","meta":{"method":"GET","path":"/api/dashboard/activities","status":304,"duration_ms":1,"user_id":2,"role":"kabag"}}
{"time":"2026-09-11T01:04:34.559Z","level":"info","message":"DB connected","meta":{"database":"biro_umum_db","host":"localhost","port":5432}}
{"time":"2026-09-11T01:04:34.563Z","level":"info","message":"HTTP request","meta":{"method":"GET","path":"/api/dashboard/summary","status":200,"duration_ms":149,"user_id":2,"role":"kabag"}}
{"time":"2026-09-11T01:04:34.566Z","level":"info","message":"HTTP request","meta":{"method":"GET","path":"/api/dashboard/summary","status":304,"duration_ms":2,"user_id":2,"role":"kabag"}}
{"time":"2026-09-11T01:04:36.749Z","level":"info","message":"HTTP request","meta":{"method":"GET","path":"/api/pemeliharaan?kategori=&lokasi=&status=&search=","status":304,"duration_ms":8,"user_id":2,"role":"kabag"}}
{"time":"2026-09-11T01:04:36.755Z","level":"info","message":"HTTP request","meta":{"method":"GET","path":"/api/pemeliharaan?kategori=&lokasi=&status=&search=","status":304,"duration_ms":5,"user_id":2,"role":"kabag"}}
{"time":"2026-09-11T01:04:37.541Z","level":"info","message":"HTTP request","meta":{"method":"GET","path":"/api/pengadaan?kategori=&lokasi=&status=&search=","status":304,"duration_ms":2,"user_id":2,"role":"kabag"}}
{"time":"2026-09-11T01:04:37.544Z","level":"info","message":"HTTP request","meta":{"method":"GET","path":"/api/pengadaan?kategori=&lokasi=&status=&search=","status":304,"duration_ms":2,"user_id":2,"role":"kabag"}}
{"time":"2026-09-11T01:04:42.452Z","level":"info","message":"HTTP request","meta":{"method":"GET","path":"/api/pemeliharaan?kategori=&lokasi=&status=&search=","status":304,"duration_ms":6,"user_id":2,"role":"kabag"}}
{"time":"2026-09-11T01:04:42.458Z","level":"info","message":"HTTP request","meta":{"method":"GET","path":"/api/pemeliharaan?kategori=&lokasi=&status=&search=","status":304,"duration_ms":5,"user_id":2,"role":"kabag"}}
{"time":"2026-09-11T01:13:01.575Z","level":"info","message":"DB connected","meta":{"database":"biro_umum_db","host":"localhost","port":5432}}
{"time":"2026-09-11T01:13:01.585Z","level":"info","message":"HTTP request","meta":{"method":"GET","path":"/api/pemeliharaan?kategori=&lokasi=&status=&search=","status":304,"duration_ms":44,"user_id":2,"role":"kabag"}}
{"time":"2026-09-11T01:13:07.722Z","level":"info","message":"HTTP request","meta":{"method":"GET","path":"/api/auth/me","status":304,"duration_ms":2,"user_id":2,"role":"kabag"}}
{"time":"2026-09-11T01:13:07.727Z","level":"info","message":"HTTP request","meta":{"method":"GET","path":"/api/auth/me","status":304,"duration_ms":2,"user_id":2,"role":"kabag"}}
{"time":"2026-09-11T01:13:07.795Z","level":"info","message":"HTTP request","meta":{"method":"GET","path":"/api/pemeliharaan?kategori=&lokasi=&status=&search=","status":304,"duration_ms":6,"user_id":2,"role":"kabag"}}
{"time":"2026-09-11T01:13:07.932Z","level":"info","message":"HTTP request","meta":{"method":"GET","path":"/api/auth/me","status":304,"duration_ms":1,"user_id":2,"role":"kabag"}}
{"time":"2026-09-11T01:13:07.940Z","level":"info","message":"HTTP request","meta":{"method":"GET","path":"/api/auth/me","status":304,"duration_ms":4,"user_id":2,"role":"kabag"}}
{"time":"2026-09-11T01:13:08.003Z","level":"info","message":"HTTP request","meta":{"method":"GET","path":"/api/pemeliharaan?kategori=&lokasi=&status=&search=","status":200,"duration_ms":6,"user_id":2,"role":"kabag"}}
{"time":"2026-09-11T01:13:08.025Z","level":"info","message":"HTTP request","meta":{"method":"GET","path":"/api/pemeliharaan?kategori=&lokasi=&status=&search=","status":304,"duration_ms":9,"user_id":2,"role":"kabag"}}
{"time":"2026-09-11T01:13:19.514Z","level":"info","message":"DB connected","meta":{"database":"biro_umum_db","host":"localhost","port":5432}}
{"time":"2026-09-11T01:13:19.520Z","level":"info","message":"HTTP request","meta":{"method":"GET","path":"/api/pengadaan?kategori=&lokasi=&status=&search=","status":304,"duration_ms":149,"user_id":2,"role":"kabag"}}
{"time":"2026-09-11T01:13:19.523Z","level":"info","message":"HTTP request","meta":{"method":"GET","path":"/api/pengadaan?kategori=&lokasi=&status=&search=","status":304,"duration_ms":1,"user_id":2,"role":"kabag"}}
{"time":"2026-09-11T01:13:28.134Z","level":"info","message":"HTTP request","meta":{"method":"POST","path":"/api/pengadaan","status":201,"duration_ms":2,"user_id":2,"role":"kabag"}}
{"time":"2026-09-11T01:13:28.141Z","level":"info","message":"HTTP request","meta":{"method":"GET","path":"/api/pengadaan?kategori=&lokasi=&status=&search=","status":200,"duration_ms":1,"user_id":2,"role":"kabag"}}
{"time":"2026-09-11T01:13:32.744Z","level":"info","message":"DB connected","meta":{"database":"biro_umum_db","host":"localhost","port":5432}}
{"time":"2026-09-11T01:13:32.745Z","level":"info","message":"DB connected","meta":{"database":"biro_umum_db","host":"localhost","port":5432}}
{"time":"2026-09-11T01:13:32.750Z","level":"info","message":"HTTP request","meta":{"method":"GET","path":"/api/dashboard/summary","status":200,"duration_ms":71,"user_id":2,"role":"kabag"}}
{"time":"2026-09-11T01:13:32.754Z","level":"info","message":"HTTP request","meta":{"method":"GET","path":"/api/dashboard/activities","status":200,"duration_ms":72,"user_id":2,"role":"kabag"}}
{"time":"2026-09-11T01:13:32.757Z","level":"info","message":"HTTP request","meta":{"method":"GET","path":"/api/dashboard/summary","status":304,"duration_ms":6,"user_id":2,"role":"kabag"}}
{"time":"2026-09-11T01:13:32.759Z","level":"info","message":"HTTP request","meta":{"method":"GET","path":"/api/dashboard/activities","status":304,"duration_ms":3,"user_id":2,"role":"kabag"}}
{"time":"2026-09-11T01:13:41.408Z","level":"info","message":"HTTP request","meta":{"method":"GET","path":"/api/pemeliharaan?kategori=&lokasi=&status=&search=","status":304,"duration_ms":9,"user_id":2,"role":"kabag"}}
{"time":"2026-09-11T01:13:41.414Z","level":"info","message":"HTTP request","meta":{"method":"GET","path":"/api/pemeliharaan?kategori=&lokasi=&status=&search=","status":304,"duration_ms":5,"user_id":2,"role":"kabag"}}
{"time":"2026-09-11T01:13:41.848Z","level":"info","message":"HTTP request","meta":{"method":"GET","path":"/api/pengadaan?kategori=&lokasi=&status=&search=","status":304,"duration_ms":2,"user_id":2,"role":"kabag"}}
{"time":"2026-09-11T01:13:41.852Z","level":"info","message":"HTTP request","meta":{"method":"GET","path":"/api/pengadaan?kategori=&lokasi=&status=&search=","status":304,"duration_ms":3,"user_id":2,"role":"kabag"}}
{"time":"2026-09-11T01:13:42.400Z","level":"info","message":"HTTP request","meta":{"method":"GET","path":"/api/pemeliharaan?kategori=&lokasi=&status=&search=","status":304,"duration_ms":5,"user_id":2,"role":"kabag"}}
{"time":"2026-09-11T01:13:42.408Z","level":"info","message":"HTTP request","meta":{"method":"GET","path":"/api/pemeliharaan?kategori=&lokasi=&status=&search=","status":304,"duration_ms":6,"user_id":2,"role":"kabag"}}
{"time":"2026-09-11T01:13:43.162Z","level":"info","message":"DB connected","meta":{"database":"biro_umum_db","host":"localhost","port":5432}}
{"time":"2026-09-11T01:13:43.167Z","level":"info","message":"HTTP request","meta":{"method":"GET","path":"/api/dashboard/summary","status":304,"duration_ms":46,"user_id":2,"role":"kabag"}}
{"time":"2026-09-11T01:13:43.168Z","level":"info","message":"DB connected","meta":{"database":"biro_umum_db","host":"localhost","port":5432}}
{"time":"2026-09-11T01:13:43.174Z","level":"info","message":"HTTP request","meta":{"method":"GET","path":"/api/dashboard/summary","status":304,"duration_ms":5,"user_id":2,"role":"kabag"}}
{"time":"2026-09-11T01:13:43.176Z","level":"info","message":"HTTP request","meta":{"method":"GET","path":"/api/dashboard/activities","status":304,"duration_ms":53,"user_id":2,"role":"kabag"}}
{"time":"2026-09-11T01:13:43.181Z","level":"info","message":"HTTP request","meta":{"method":"GET","path":"/api/dashboard/activities","status":304,"duration_ms":2,"user_id":2,"role":"kabag"}}
{"time":"2026-09-11T01:13:43.497Z","level":"info","message":"HTTP request","meta":{"method":"GET","path":"/api/pemeliharaan?kategori=&lokasi=&status=&search=","status":304,"duration_ms":8,"user_id":2,"role":"kabag"}}
{"time":"2026-09-11T01:13:43.504Z","level":"info","message":"HTTP request","meta":{"method":"GET","path":"/api/pemeliharaan?kategori=&lokasi=&status=&search=","status":304,"duration_ms":5,"user_id":2,"role":"kabag"}}
{"time":"2026-09-11T01:13:43.798Z","level":"info","message":"HTTP request","meta":{"method":"GET","path":"/api/pengadaan?kategori=&lokasi=&status=&search=","status":304,"duration_ms":1,"user_id":2,"role":"kabag"}}
{"time":"2026-09-11T01:13:43.803Z","level":"info","message":"HTTP request","meta":{"method":"GET","path":"/api/pengadaan?kategori=&lokasi=&status=&search=","status":304,"duration_ms":2,"user_id":2,"role":"kabag"}}
{"time":"2026-09-11T01:13:44.672Z","level":"info","message":"HTTP request","meta":{"method":"GET","path":"/api/pengadaan?kategori=sarana&lokasi=&status=&search=","status":304,"duration_ms":2,"user_id":2,"role":"kabag"}}
{"time":"2026-09-11T01:13:45.109Z","level":"info","message":"HTTP request","meta":{"method":"GET","path":"/api/pengadaan?kategori=prasarana&lokasi=&status=&search=","status":304,"duration_ms":2,"user_id":2,"role":"kabag"}}
{"time":"2026-09-11T01:13:45.608Z","level":"info","message":"HTTP request","meta":{"method":"GET","path":"/api/pengadaan?kategori=sarana&lokasi=&status=&search=","status":304,"duration_ms":2,"user_id":2,"role":"kabag"}}
{"time":"2026-09-11T01:13:45.984Z","level":"info","message":"HTTP request","meta":{"method":"GET","path":"/api/pengadaan?kategori=&lokasi=&status=&search=","status":304,"duration_ms":2,"user_id":2,"role":"kabag"}}
{"time":"2026-09-11T01:13:48.021Z","level":"info","message":"HTTP request","meta":{"method":"GET","path":"/api/pengadaan?kategori=sarana&lokasi=&status=&search=","status":304,"duration_ms":2,"user_id":2,"role":"kabag"}}
{"time":"2026-09-11T01:13:48.400Z","level":"info","message":"HTTP request","meta":{"method":"GET","path":"/api/pengadaan?kategori=prasarana&lokasi=&status=&search=","status":304,"duration_ms":2,"user_id":2,"role":"kabag"}}
{"time":"2026-09-11T01:13:48.917Z","level":"info","message":"HTTP request","meta":{"method":"GET","path":"/api/pengadaan?kategori=&lokasi=&status=&search=","status":304,"duration_ms":2,"user_id":2,"role":"kabag"}}
{"time":"2026-09-11T01:13:49.745Z","level":"info","message":"HTTP request","meta":{"method":"GET","path":"/api/pengadaan?kategori=sarana&lokasi=&status=&search=","status":304,"duration_ms":2,"user_id":2,"role":"kabag"}}
{"time":"2026-09-11T01:13:50.149Z","level":"info","message":"HTTP request","meta":{"method":"GET","path":"/api/pengadaan?kategori=prasarana&lokasi=&status=&search=","status":304,"duration_ms":1,"user_id":2,"role":"kabag"}}
{"time":"2026-09-11T01:13:50.516Z","level":"info","message":"HTTP request","meta":{"method":"GET","path":"/api/pengadaan?kategori=&lokasi=&status=&search=","status":304,"duration_ms":2,"user_id":2,"role":"kabag"}}
{"time":"2026-09-11T01:14:30.465Z","level":"info","message":"DB connected","meta":{"database":"biro_umum_db","host":"localhost","port":5432}}
{"time":"2026-09-11T01:14:30.473Z","level":"info","message":"HTTP request","meta":{"method":"GET","path":"/api/pemeliharaan?kategori=&lokasi=&status=&search=","status":304,"duration_ms":40,"user_id":2,"role":"kabag"}}
{"time":"2026-09-11T01:14:30.483Z","level":"info","message":"HTTP request","meta":{"method":"GET","path":"/api/pemeliharaan?kategori=&lokasi=&status=&search=","status":304,"duration_ms":9,"user_id":2,"role":"kabag"}}
{"time":"2026-09-11T01:16:38.814Z","level":"info","message":"DB connected","meta":{"database":"biro_umum_db","host":"localhost","port":5432}}
{"time":"2026-09-11T01:16:38.818Z","level":"info","message":"HTTP request","meta":{"method":"GET","path":"/api/auth/me","status":304,"duration_ms":44,"user_id":2,"role":"kabag"}}
{"time":"2026-09-11T01:16:38.820Z","level":"info","message":"HTTP request","meta":{"method":"GET","path":"/api/auth/me","status":304,"duration_ms":1,"user_id":2,"role":"kabag"}}
{"time":"2026-09-11T01:16:38.862Z","level":"info","message":"HTTP request","meta":{"method":"GET","path":"/api/pemeliharaan?kategori=&lokasi=&status=&search=","status":304,"duration_ms":7,"user_id":2,"role":"kabag"}}
{"time":"2026-09-11T01:16:38.874Z","level":"info","message":"HTTP request","meta":{"method":"GET","path":"/api/pemeliharaan?kategori=&lokasi=&status=&search=","status":304,"duration_ms":11,"user_id":2,"role":"kabag"}}
{"time":"2026-09-11T01:16:40.375Z","level":"info","message":"HTTP request","meta":{"method":"GET","path":"/api/pengadaan?kategori=&lokasi=&status=&search=","status":304,"duration_ms":5,"user_id":2,"role":"kabag"}}
{"time":"2026-09-11T01:16:40.378Z","level":"info","message":"HTTP request","meta":{"method":"GET","path":"/api/pengadaan?kategori=&lokasi=&status=&search=","status":304,"duration_ms":2,"user_id":2,"role":"kabag"}}
{"time":"2026-09-11T01:16:41.124Z","level":"info","message":"HTTP request","meta":{"method":"GET","path":"/api/pengadaan?kategori=barang&lokasi=&status=&search=","status":200,"duration_ms":2,"user_id":2,"role":"kabag"}}
{"time":"2026-09-11T01:16:41.875Z","level":"info","message":"HTTP request","meta":{"method":"GET","path":"/api/pengadaan?kategori=jasa&lokasi=&status=&search=","status":200,"duration_ms":2,"user_id":2,"role":"kabag"}}
{"time":"2026-09-11T01:16:42.498Z","level":"info","message":"HTTP request","meta":{"method":"GET","path":"/api/pengadaan?kategori=barang&lokasi=&status=&search=","status":304,"duration_ms":1,"user_id":2,"role":"kabag"}}
{"time":"2026-09-11T01:16:42.838Z","level":"info","message":"HTTP request","meta":{"method":"GET","path":"/api/pengadaan?kategori=&lokasi=&status=&search=","status":304,"duration_ms":2,"user_id":2,"role":"kabag"}}
{"time":"2026-09-11T01:16:51.061Z","level":"info","message":"HTTP request","meta":{"method":"GET","path":"/api/pemeliharaan?kategori=&lokasi=&status=&search=","status":304,"duration_ms":6,"user_id":2,"role":"kabag"}}
{"time":"2026-09-11T01:16:51.069Z","level":"info","message":"HTTP request","meta":{"method":"GET","path":"/api/pemeliharaan?kategori=&lokasi=&status=&search=","status":304,"duration_ms":7,"user_id":2,"role":"kabag"}}
{"time":"2026-09-11T01:18:52.667Z","level":"info","message":"DB connected","meta":{"database":"biro_umum_db","host":"localhost","port":5432}}
{"time":"2026-09-11T01:18:52.673Z","level":"info","message":"HTTP request","meta":{"method":"GET","path":"/api/pemeliharaan?kategori=prasarana&lokasi=&status=&search=","status":200,"duration_ms":134,"user_id":2,"role":"kabag"}}
{"time":"2026-09-11T01:18:52.836Z","level":"info","message":"HTTP request","meta":{"method":"GET","path":"/api/pemeliharaan?kategori=sarana&lokasi=&status=&search=","status":200,"duration_ms":4,"user_id":2,"role":"kabag"}}
{"time":"2026-09-11T01:18:53.149Z","level":"info","message":"HTTP request","meta":{"method":"GET","path":"/api/pemeliharaan?kategori=&lokasi=&status=&search=","status":304,"duration_ms":4,"user_id":2,"role":"kabag"}}
{"time":"2026-09-11T01:50:55.487Z","level":"info","message":"DB connected","meta":{"database":"biro_umum_db","host":"localhost","port":5432}}
{"time":"2026-09-11T01:50:55.765Z","level":"info","message":"HTTP request","meta":{"method":"GET","path":"/api/auth/me","status":304,"duration_ms":15,"user_id":2,"role":"kabag"}}
{"time":"2026-09-11T01:50:55.772Z","level":"info","message":"HTTP request","meta":{"method":"GET","path":"/api/auth/me","status":304,"duration_ms":4,"user_id":2,"role":"kabag"}}
{"time":"2026-09-11T01:50:55.958Z","level":"info","message":"HTTP request","meta":{"method":"GET","path":"/api/pemeliharaan?kategori=&lokasi=&status=&search=","status":304,"duration_ms":13,"user_id":2,"role":"kabag"}}
{"time":"2026-09-11T01:50:55.969Z","level":"info","message":"HTTP request","meta":{"method":"GET","path":"/api/pemeliharaan?kategori=&lokasi=&status=&search=","status":304,"duration_ms":7,"user_id":2,"role":"kabag"}}
{"time":"2026-09-11T01:51:04.271Z","level":"info","message":"HTTP request","meta":{"method":"GET","path":"/api/auth/me","status":304,"duration_ms":4,"user_id":2,"role":"kabag"}}
{"time":"2026-09-11T01:51:04.277Z","level":"info","message":"HTTP request","meta":{"method":"GET","path":"/api/auth/me","status":304,"duration_ms":2,"user_id":2,"role":"kabag"}}
{"time":"2026-09-11T01:51:04.340Z","level":"info","message":"HTTP request","meta":{"method":"GET","path":"/api/pemeliharaan?kategori=&lokasi=&status=&search=","status":304,"duration_ms":5,"user_id":2,"role":"kabag"}}
{"time":"2026-09-11T01:51:04.350Z","level":"info","message":"HTTP request","meta":{"method":"GET","path":"/api/pemeliharaan?kategori=&lokasi=&status=&search=","status":304,"duration_ms":6,"user_id":2,"role":"kabag"}}
{"time":"2026-09-11T01:51:05.199Z","level":"info","message":"DB connected","meta":{"database":"biro_umum_db","host":"localhost","port":5432}}
{"time":"2026-09-11T01:51:05.207Z","level":"info","message":"HTTP request","meta":{"method":"GET","path":"/api/dashboard/activities","status":304,"duration_ms":55,"user_id":2,"role":"kabag"}}
{"time":"2026-09-11T01:51:05.212Z","level":"info","message":"HTTP request","meta":{"method":"GET","path":"/api/dashboard/activities","status":304,"duration_ms":3,"user_id":2,"role":"kabag"}}
{"time":"2026-09-11T01:51:05.296Z","level":"info","message":"DB connected","meta":{"database":"biro_umum_db","host":"localhost","port":5432}}
{"time":"2026-09-11T01:51:05.300Z","level":"info","message":"HTTP request","meta":{"method":"GET","path":"/api/dashboard/summary","status":304,"duration_ms":150,"user_id":2,"role":"kabag"}}
{"time":"2026-09-11T01:51:05.304Z","level":"info","message":"HTTP request","meta":{"method":"GET","path":"/api/dashboard/summary","status":304,"duration_ms":3,"user_id":2,"role":"kabag"}}
{"time":"2026-09-11T01:51:09.383Z","level":"info","message":"HTTP request","meta":{"method":"GET","path":"/api/pengadaan?kategori=&lokasi=&status=&search=","status":304,"duration_ms":5,"user_id":2,"role":"kabag"}}
{"time":"2026-09-11T01:51:09.387Z","level":"info","message":"HTTP request","meta":{"method":"GET","path":"/api/pengadaan?kategori=&lokasi=&status=&search=","status":304,"duration_ms":2,"user_id":2,"role":"kabag"}}
{"time":"2026-09-11T01:51:09.892Z","level":"info","message":"HTTP request","meta":{"method":"GET","path":"/api/pemeliharaan?kategori=&lokasi=&status=&search=","status":304,"duration_ms":6,"user_id":2,"role":"kabag"}}
{"time":"2026-09-11T01:51:09.898Z","level":"info","message":"HTTP request","meta":{"method":"GET","path":"/api/pemeliharaan?kategori=&lokasi=&status=&search=","status":304,"duration_ms":5,"user_id":2,"role":"kabag"}}
{"time":"2026-09-11T01:51:10.706Z","level":"info","message":"HTTP request","meta":{"method":"GET","path":"/api/dashboard/summary","status":304,"duration_ms":3,"user_id":2,"role":"kabag"}}
{"time":"2026-09-11T01:51:10.711Z","level":"info","message":"HTTP request","meta":{"method":"GET","path":"/api/dashboard/activities","status":304,"duration_ms":6,"user_id":2,"role":"kabag"}}
{"time":"2026-09-11T01:51:10.713Z","level":"info","message":"HTTP request","meta":{"method":"GET","path":"/api/dashboard/summary","status":304,"duration_ms":5,"user_id":2,"role":"kabag"}}
{"time":"2026-09-11T01:51:10.716Z","level":"info","message":"HTTP request","meta":{"method":"GET","path":"/api/dashboard/activities","status":304,"duration_ms":2,"user_id":2,"role":"kabag"}}
{"time":"2026-09-11T01:51:14.655Z","level":"info","message":"HTTP request","meta":{"method":"GET","path":"/api/pemeliharaan?kategori=&lokasi=&status=&search=","status":304,"duration_ms":8,"user_id":2,"role":"kabag"}}
{"time":"2026-09-11T01:51:14.661Z","level":"info","message":"HTTP request","meta":{"method":"GET","path":"/api/pemeliharaan?kategori=&lokasi=&status=&search=","status":304,"duration_ms":4,"user_id":2,"role":"kabag"}}
{"time":"2026-09-11T01:51:32.949Z","level":"info","message":"DB connected","meta":{"database":"biro_umum_db","host":"localhost","port":5432}}
{"time":"2026-09-11T01:51:32.957Z","level":"info","message":"HTTP request","meta":{"method":"GET","path":"/api/pengadaan?kategori=&lokasi=&status=&search=","status":304,"duration_ms":149,"user_id":2,"role":"kabag"}}
{"time":"2026-09-11T01:51:32.960Z","level":"info","message":"HTTP request","meta":{"method":"GET","path":"/api/pengadaan?kategori=&lokasi=&status=&search=","status":304,"duration_ms":2,"user_id":2,"role":"kabag"}}
{"time":"2026-09-11T01:51:33.918Z","level":"info","message":"HTTP request","meta":{"method":"GET","path":"/api/pengadaan?kategori=&lokasi=&status=&search=","status":304,"duration_ms":2,"user_id":2,"role":"kabag"}}
{"time":"2026-09-11T01:54:24.195Z","level":"info","message":"DB connected","meta":{"database":"biro_umum_db","host":"localhost","port":5432}}
{"time":"2026-09-11T01:54:25.997Z","level":"info","message":"DB connected","meta":{"database":"biro_umum_db","host":"localhost","port":5432}}
{"time":"2026-09-11T01:54:26.332Z","level":"info","message":"HTTP request","meta":{"request_id":"99bf0f10122e1da794611112","method":"GET","path":"/me","status":304,"duration_ms":12,"user_id":2,"role":"kabag"}}
{"time":"2026-09-11T01:54:26.339Z","level":"info","message":"HTTP request","meta":{"request_id":"78683dad0ae44d3afc0b70e6","method":"GET","path":"/me","status":304,"duration_ms":4,"user_id":2,"role":"kabag"}}
{"time":"2026-09-11T01:54:26.443Z","level":"info","message":"HTTP request","meta":{"request_id":"36e7e5ab782eded4ab3f3ca4","method":"GET","path":"/","status":304,"duration_ms":6,"user_id":2,"role":"kabag"}}
{"time":"2026-09-11T01:54:26.448Z","level":"info","message":"HTTP request","meta":{"request_id":"761fb239be1805759c5a5cf5","method":"GET","path":"/","status":304,"duration_ms":2,"user_id":2,"role":"kabag"}}
{"time":"2026-09-11T01:54:44.324Z","level":"info","message":"HTTP request","meta":{"request_id":"80af75f985330d1007bea92f","method":"GET","path":"/me","status":304,"duration_ms":3,"user_id":2,"role":"kabag"}}
{"time":"2026-09-11T01:54:44.329Z","level":"info","message":"HTTP request","meta":{"request_id":"4bfd56cd1f3d58af84d2c572","method":"GET","path":"/me","status":304,"duration_ms":2,"user_id":2,"role":"kabag"}}
{"time":"2026-09-11T01:54:44.385Z","level":"info","message":"HTTP request","meta":{"request_id":"495655be1e29a3e3e0240e17","method":"GET","path":"/","status":304,"duration_ms":1,"user_id":2,"role":"kabag"}}
{"time":"2026-09-11T01:54:44.388Z","level":"info","message":"HTTP request","meta":{"request_id":"5a26924abcfdf6ffc887cc99","method":"GET","path":"/","status":304,"duration_ms":2,"user_id":2,"role":"kabag"}}
{"time":"2026-09-11T01:54:44.894Z","level":"info","message":"HTTP request","meta":{"request_id":"bb1e976b6a1cec30d423830e","method":"GET","path":"/me","status":304,"duration_ms":3,"user_id":2,"role":"kabag"}}
{"time":"2026-09-11T01:54:44.899Z","level":"info","message":"HTTP request","meta":{"request_id":"43abeebc9688dc465e5b70dd","method":"GET","path":"/me","status":304,"duration_ms":1,"user_id":2,"role":"kabag"}}
{"time":"2026-09-11T01:54:44.949Z","level":"info","message":"HTTP request","meta":{"request_id":"b34fd810984ed5fcf30f07f9","method":"GET","path":"/","status":304,"duration_ms":2,"user_id":2,"role":"kabag"}}
{"time":"2026-09-11T01:54:44.953Z","level":"info","message":"HTTP request","meta":{"request_id":"aac8481ae6081fe6d2d68f98","method":"GET","path":"/","status":304,"duration_ms":2,"user_id":2,"role":"kabag"}}
{"time":"2026-09-11T01:54:45.081Z","level":"info","message":"HTTP request","meta":{"request_id":"afd401c843347cb3e094384f","method":"GET","path":"/me","status":304,"duration_ms":2,"user_id":2,"role":"kabag"}}
{"time":"2026-09-11T01:54:45.084Z","level":"info","message":"HTTP request","meta":{"request_id":"aaeb163a7d8cd1e098d961cc","method":"GET","path":"/me","status":304,"duration_ms":1,"user_id":2,"role":"kabag"}}
{"time":"2026-09-11T01:54:45.149Z","level":"info","message":"HTTP request","meta":{"request_id":"d9d5d62423f55bd6621a8865","method":"GET","path":"/","status":304,"duration_ms":3,"user_id":2,"role":"kabag"}}
{"time":"2026-09-11T01:54:45.154Z","level":"info","message":"HTTP request","meta":{"request_id":"e1ffc5e40156b5ac596a6130","method":"GET","path":"/","status":304,"duration_ms":4,"user_id":2,"role":"kabag"}}
{"time":"2026-09-11T01:55:09.452Z","level":"info","message":"HTTP request","meta":{"request_id":"ac7ed987eeee2ac23ecb07cd","method":"POST","path":"/","status":201,"duration_ms":5,"user_id":2,"role":"kabag"}}
{"time":"2026-09-11T01:55:09.466Z","level":"info","message":"HTTP request","meta":{"request_id":"b9cbb7956c8aaf15069ce323","method":"GET","path":"/","status":200,"duration_ms":4,"user_id":2,"role":"kabag"}}
{"time":"2026-09-11T01:55:11.196Z","level":"info","message":"DB connected","meta":{"database":"biro_umum_db","host":"localhost","port":5432}}
{"time":"2026-09-11T01:55:11.198Z","level":"info","message":"DB connected","meta":{"database":"biro_umum_db","host":"localhost","port":5432}}
{"time":"2026-09-11T01:55:11.205Z","level":"info","message":"HTTP request","meta":{"request_id":"dbdf7e149bc55e7352cca33e","method":"GET","path":"/summary","status":200,"duration_ms":86,"user_id":2,"role":"kabag"}}
{"time":"2026-09-11T01:55:11.219Z","level":"info","message":"HTTP request","meta":{"request_id":"99c3ea277fa5cd1f9c6bbe61","method":"GET","path":"/activities","status":200,"duration_ms":97,"user_id":2,"role":"kabag"}}
{"time":"2026-09-11T01:55:11.222Z","level":"info","message":"HTTP request","meta":{"request_id":"dd09e8d614440bbbf6491f5b","method":"GET","path":"/summary","status":304,"duration_ms":10,"user_id":2,"role":"kabag"}}
{"time":"2026-09-11T01:55:11.230Z","level":"info","message":"HTTP request","meta":{"request_id":"393ede0b60e3927372ce8ca1","method":"GET","path":"/activities","status":304,"duration_ms":4,"user_id":2,"role":"kabag"}}
{"time":"2026-09-11T01:55:14.843Z","level":"info","message":"HTTP request","meta":{"request_id":"db31bd8ce58b84f2c58e18f3","method":"GET","path":"/summary","status":304,"duration_ms":1,"user_id":2,"role":"kabag"}}
{"time":"2026-09-11T01:55:14.845Z","level":"info","message":"HTTP request","meta":{"request_id":"aca3f0c9d205ae908788bd1d","method":"GET","path":"/activities","status":304,"duration_ms":3,"user_id":2,"role":"kabag"}}
{"time":"2026-09-11T01:55:15.016Z","level":"info","message":"HTTP request","meta":{"request_id":"a0f62dbb246198f4069acee8","method":"GET","path":"/summary","status":304,"duration_ms":2,"user_id":2,"role":"kabag"}}
{"time":"2026-09-11T01:55:15.017Z","level":"info","message":"HTTP request","meta":{"request_id":"5d34f4c33968c9e27ce9f551","method":"GET","path":"/activities","status":304,"duration_ms":2,"user_id":2,"role":"kabag"}}
{"time":"2026-09-11T01:55:15.181Z","level":"info","message":"HTTP request","meta":{"request_id":"dec746417fdddbbd9bbb57f9","method":"GET","path":"/summary","status":304,"duration_ms":1,"user_id":2,"role":"kabag"}}
{"time":"2026-09-11T01:55:15.182Z","level":"info","message":"HTTP request","meta":{"request_id":"5aa56cf7db71a3787113c6fb","method":"GET","path":"/activities","status":304,"duration_ms":2,"user_id":2,"role":"kabag"}}
{"time":"2026-09-11T01:55:15.336Z","level":"info","message":"HTTP request","meta":{"request_id":"668c6b09382832148880fd9c","method":"GET","path":"/summary","status":304,"duration_ms":1,"user_id":2,"role":"kabag"}}
{"time":"2026-09-11T01:55:15.338Z","level":"info","message":"HTTP request","meta":{"request_id":"5c1ee8f982683135b47a4bca","method":"GET","path":"/activities","status":304,"duration_ms":2,"user_id":2,"role":"kabag"}}
{"time":"2026-09-11T01:55:18.289Z","level":"info","message":"HTTP request","meta":{"request_id":"281b9b70b768335542da57ce","method":"GET","path":"/","status":304,"duration_ms":7,"user_id":2,"role":"kabag"}}
{"time":"2026-09-11T01:55:18.298Z","level":"info","message":"HTTP request","meta":{"request_id":"9050244f7ab168414522d5da","method":"GET","path":"/","status":304,"duration_ms":5,"user_id":2,"role":"kabag"}}
{"time":"2026-09-11T01:55:19.647Z","level":"info","message":"HTTP request","meta":{"request_id":"7fd2e1ffd6460ede96595812","method":"GET","path":"/","status":304,"duration_ms":3,"user_id":2,"role":"kabag"}}
{"time":"2026-09-11T01:55:19.651Z","level":"info","message":"HTTP request","meta":{"request_id":"0f66a89b0ad7626b35a2b5d2","method":"GET","path":"/","status":304,"duration_ms":2,"user_id":2,"role":"kabag"}}
{"time":"2026-09-11T01:55:35.322Z","level":"info","message":"HTTP request","meta":{"request_id":"a75e58d42c25e8b007614ea6","method":"PUT","path":"/5","status":200,"duration_ms":7,"user_id":2,"role":"kabag"}}
{"time":"2026-09-11T01:55:42.178Z","level":"info","message":"HTTP request","meta":{"request_id":"525c1e2e4dc8ca067260fe08","method":"PUT","path":"/5","status":200,"duration_ms":3,"user_id":2,"role":"kabag"}}
{"time":"2026-09-11T01:59:24.105Z","level":"info","message":"DB connected","meta":{"database":"biro_umum_db","host":"localhost","port":5432}}
{"time":"2026-09-11T01:59:24.351Z","level":"info","message":"HTTP request","meta":{"request_id":"27c8cb38dcd4a1c815808563","method":"GET","path":"/","status":200,"duration_ms":26,"user_id":2,"role":"kabag"}}
{"time":"2026-09-11T01:59:28.005Z","level":"info","message":"HTTP request","meta":{"request_id":"092efc264d53465f71009b39","method":"GET","path":"/me","status":304,"duration_ms":5,"user_id":2,"role":"kabag"}}
{"time":"2026-09-11T01:59:28.019Z","level":"info","message":"HTTP request","meta":{"request_id":"5c8fa1d14709caec6977a607","method":"GET","path":"/me","status":304,"duration_ms":10,"user_id":2,"role":"kabag"}}
{"time":"2026-09-11T01:59:28.073Z","level":"info","message":"HTTP request","meta":{"request_id":"ef3d70ed7441e38b6b5bce5c","method":"GET","path":"/","status":304,"duration_ms":2,"user_id":2,"role":"kabag"}}
{"time":"2026-09-11T01:59:28.077Z","level":"info","message":"HTTP request","meta":{"request_id":"528dcb895615ba7038428871","method":"GET","path":"/","status":304,"duration_ms":2,"user_id":2,"role":"kabag"}}
{"time":"2026-09-11T01:59:35.320Z","level":"info","message":"HTTP request","meta":{"request_id":"39e0633883e209792416d1e5","method":"PUT","path":"/5","status":200,"duration_ms":9,"user_id":2,"role":"kabag"}}
{"time":"2026-09-11T01:59:35.458Z","level":"info","message":"DB connected","meta":{"database":"biro_umum_db","host":"localhost","port":5432}}
{"time":"2026-09-11T01:59:35.467Z","level":"info","message":"HTTP request","meta":{"request_id":"81f26307c928048af8b1cb21","method":"PUT","path":"/5","status":200,"duration_ms":154,"user_id":2,"role":"kabag"}}
{"time":"2026-09-11T01:59:39.583Z","level":"info","message":"HTTP request","meta":{"request_id":"a3a3acdf47774fe2b6296727","method":"PUT","path":"/5","status":200,"duration_ms":2,"user_id":2,"role":"kabag"}}
{"time":"2026-09-11T01:59:45.160Z","level":"info","message":"HTTP request","meta":{"request_id":"a4613de4f86f5b49b926ef17","method":"PUT","path":"/5","status":200,"duration_ms":5,"user_id":2,"role":"kabag"}}
{"time":"2026-09-11T01:59:49.040Z","level":"info","message":"HTTP request","meta":{"request_id":"ee6239bb5e7caa3a227909ef","method":"PUT","path":"/5","status":200,"duration_ms":3,"user_id":2,"role":"kabag"}}
{"time":"2026-09-11T01:59:50.935Z","level":"info","message":"HTTP request","meta":{"request_id":"dd3fbfe6b2c6fe45ed9b1b06","method":"GET","path":"/","status":304,"duration_ms":12,"user_id":2,"role":"kabag"}}
{"time":"2026-09-11T01:59:50.944Z","level":"info","message":"HTTP request","meta":{"request_id":"c2d84e48e6ff7bf4c2448ade","method":"GET","path":"/","status":304,"duration_ms":6,"user_id":2,"role":"kabag"}}
{"time":"2026-09-11T02:05:54.846Z","level":"info","message":"DB connected","meta":{"database":"biro_umum_db","host":"localhost","port":5432}}
{"time":"2026-09-11T02:06:00.004Z","level":"info","message":"HTTP request","meta":{"request_id":"1399a0e71076c4ad8df1343c","method":"GET","path":"/me","status":304,"duration_ms":15,"user_id":2,"role":"kabag"}}
{"time":"2026-09-11T02:06:00.012Z","level":"info","message":"HTTP request","meta":{"request_id":"19c4cab293e05a66608705e4","method":"GET","path":"/me","status":304,"duration_ms":4,"user_id":2,"role":"kabag"}}
{"time":"2026-09-11T02:06:00.102Z","level":"info","message":"HTTP request","meta":{"request_id":"b5fa51deb024082fc09e71c0","method":"GET","path":"/","status":304,"duration_ms":13,"user_id":2,"role":"kabag"}}
{"time":"2026-09-11T02:06:00.113Z","level":"info","message":"HTTP request","meta":{"request_id":"f29b75514a84a100a9af52bf","method":"GET","path":"/","status":304,"duration_ms":6,"user_id":2,"role":"kabag"}}
{"time":"2026-09-11T02:06:00.557Z","level":"info","message":"HTTP request","meta":{"request_id":"9c5dad1affc983dbd54c1ef7","method":"GET","path":"/","status":200,"duration_ms":9,"user_id":2,"role":"kabag"}}
{"time":"2026-09-11T02:06:00.563Z","level":"info","message":"HTTP request","meta":{"request_id":"a43e1ea449ffe4a48f28b5b3","method":"GET","path":"/","status":304,"duration_ms":3,"user_id":2,"role":"kabag"}}
{"time":"2026-09-11T02:06:10.515Z","level":"info","message":"HTTP request","meta":{"request_id":"d8a9cdb2952821ca79ed8261","method":"PUT","path":"/5","status":200,"duration_ms":8,"user_id":2,"role":"kabag"}}
{"time":"2026-09-11T02:06:22.706Z","level":"info","message":"DB connected","meta":{"database":"biro_umum_db","host":"localhost","port":5432}}
{"time":"2026-09-11T02:06:22.714Z","level":"info","message":"HTTP request","meta":{"request_id":"8c5b57fc12514804fbb538e4","method":"GET","path":"/summary","status":200,"duration_ms":88,"user_id":2,"role":"kabag"}}
{"time":"2026-09-11T02:06:22.726Z","level":"info","message":"HTTP request","meta":{"request_id":"f02febd8f70d0f9b7576de31","method":"GET","path":"/summary","status":304,"duration_ms":8,"user_id":2,"role":"kabag"}}
{"time":"2026-09-11T02:06:22.729Z","level":"info","message":"DB connected","meta":{"database":"biro_umum_db","host":"localhost","port":5432}}
{"time":"2026-09-11T02:06:22.742Z","level":"info","message":"HTTP request","meta":{"request_id":"432bb271cf79ffbbeeda366f","method":"GET","path":"/activities","status":200,"duration_ms":113,"user_id":2,"role":"kabag"}}
{"time":"2026-09-11T02:06:22.747Z","level":"info","message":"HTTP request","meta":{"request_id":"872d5cbb247d7f6c18066525","method":"GET","path":"/activities","status":304,"duration_ms":3,"user_id":2,"role":"kabag"}}
{"time":"2026-09-11T02:37:28.149Z","level":"info","message":"DB connected","meta":{"database":"biro_umum_db","host":"localhost","port":5432}}
{"time":"2026-09-11T02:37:28.162Z","level":"info","message":"HTTP request","meta":{"request_id":"b3e41c6ef36395d2273cd125","method":"GET","path":"/","status":304,"duration_ms":155,"user_id":2,"role":"kabag"}}
{"time":"2026-09-11T02:37:28.168Z","level":"info","message":"HTTP request","meta":{"request_id":"81f9f9c00acf67785ae226b7","method":"GET","path":"/","status":304,"duration_ms":5,"user_id":2,"role":"kabag"}}
{"time":"2026-09-11T02:37:28.538Z","level":"info","message":"HTTP request","meta":{"request_id":"6f8d3b1786daa4f59e847a23","method":"GET","path":"/","status":200,"duration_ms":6,"user_id":2,"role":"kabag"}}
{"time":"2026-09-11T02:37:28.543Z","level":"info","message":"HTTP request","meta":{"request_id":"004a1ced9dee696e178af57c","method":"GET","path":"/","status":304,"duration_ms":3,"user_id":2,"role":"kabag"}}
{"time":"2026-09-11T02:37:30.989Z","level":"info","message":"HTTP request","meta":{"request_id":"95c0c35be817e4d666506073","method":"GET","path":"/","status":304,"duration_ms":3,"user_id":2,"role":"kabag"}}
{"time":"2026-09-11T02:37:30.994Z","level":"info","message":"HTTP request","meta":{"request_id":"128c311109d898f65d2fa28e","method":"GET","path":"/","status":304,"duration_ms":3,"user_id":2,"role":"kabag"}}
{"time":"2026-09-11T02:37:31.220Z","level":"info","message":"HTTP request","meta":{"request_id":"b4ae40313d0c75225e9ce80d","method":"GET","path":"/","status":304,"duration_ms":7,"user_id":2,"role":"kabag"}}
{"time":"2026-09-11T02:37:31.229Z","level":"info","message":"HTTP request","meta":{"request_id":"55240d7204cb04366d958249","method":"GET","path":"/","status":304,"duration_ms":7,"user_id":2,"role":"kabag"}}
{"time":"2026-09-11T02:37:31.762Z","level":"info","message":"DB connected","meta":{"database":"biro_umum_db","host":"localhost","port":5432}}
{"time":"2026-09-11T02:37:31.768Z","level":"info","message":"HTTP request","meta":{"request_id":"207d2c61203d671a910e533d","method":"GET","path":"/summary","status":304,"duration_ms":51,"user_id":2,"role":"kabag"}}
{"time":"2026-09-11T02:37:31.774Z","level":"info","message":"HTTP request","meta":{"request_id":"66a2ca9717f9ee3f9d28a056","method":"GET","path":"/summary","status":304,"duration_ms":5,"user_id":2,"role":"kabag"}}
{"time":"2026-09-11T02:37:31.866Z","level":"info","message":"DB connected","meta":{"database":"biro_umum_db","host":"localhost","port":5432}}
{"time":"2026-09-11T02:37:31.872Z","level":"info","message":"HTTP request","meta":{"request_id":"30c40fcd56747a4c654d5dc7","method":"GET","path":"/activities","status":304,"duration_ms":153,"user_id":2,"role":"kabag"}}
{"time":"2026-09-11T02:37:31.876Z","level":"info","message":"HTTP request","meta":{"request_id":"576a981c4ba1ec3256478cbe","method":"GET","path":"/activities","status":304,"duration_ms":2,"user_id":2,"role":"kabag"}}
{"time":"2026-09-11T02:37:32.305Z","level":"info","message":"HTTP request","meta":{"request_id":"f80cce45793d49ae3c949c05","method":"GET","path":"/","status":304,"duration_ms":13,"user_id":2,"role":"kabag"}}
{"time":"2026-09-11T02:37:32.314Z","level":"info","message":"HTTP request","meta":{"request_id":"d99f7f3033d7bde78fac664f","method":"GET","path":"/","status":304,"duration_ms":6,"user_id":2,"role":"kabag"}}
{"time":"2026-09-11T02:37:32.975Z","level":"info","message":"HTTP request","meta":{"request_id":"98e9e3f0e4dc379af78f8e83","method":"GET","path":"/","status":304,"duration_ms":2,"user_id":2,"role":"kabag"}}
{"time":"2026-09-11T02:37:32.980Z","level":"info","message":"HTTP request","meta":{"request_id":"27b8c05f600f663827f99eae","method":"GET","path":"/","status":304,"duration_ms":3,"user_id":2,"role":"kabag"}}
{"time":"2026-09-11T02:37:34.568Z","level":"info","message":"HTTP request","meta":{"request_id":"11e127f0dff5ae3760eaad32","method":"GET","path":"/","status":304,"duration_ms":2,"user_id":2,"role":"kabag"}}
{"time":"2026-09-11T02:37:34.572Z","level":"info","message":"HTTP request","meta":{"request_id":"4d2a9984b588d8b4951229a3","method":"GET","path":"/","status":304,"duration_ms":3,"user_id":2,"role":"kabag"}}
{"time":"2026-09-11T02:37:37.925Z","level":"info","message":"HTTP request","meta":{"request_id":"6b6c4bc92789a1a4566509ab","method":"GET","path":"/","status":304,"duration_ms":4,"user_id":2,"role":"kabag"}}
{"time":"2026-09-11T02:37:37.932Z","level":"info","message":"HTTP request","meta":{"request_id":"96ff5f65e37ed74861066a5c","method":"GET","path":"/","status":304,"duration_ms":3,"user_id":2,"role":"kabag"}}
{"time":"2026-09-11T02:40:32.455Z","level":"info","message":"DB connected","meta":{"database":"biro_umum_db","host":"localhost","port":5432}}
{"time":"2026-09-11T02:40:33.586Z","level":"info","message":"DB connected","meta":{"database":"biro_umum_db","host":"localhost","port":5432}}
{"time":"2026-09-11T02:40:33.828Z","level":"info","message":"HTTP request","meta":{"request_id":"49e30fd71c7f47e38ed802c1","method":"GET","path":"/","status":200,"duration_ms":8,"user_id":2,"role":"kabag"}}
{"time":"2026-09-11T02:40:33.832Z","level":"info","message":"HTTP request","meta":{"request_id":"259c4e85827ee168fa3dda59","method":"GET","path":"/","status":304,"duration_ms":3,"user_id":2,"role":"kabag"}}
{"time":"2026-09-11T02:41:05.680Z","level":"info","message":"DB connected","meta":{"database":"biro_umum_db","host":"localhost","port":5432}}
{"time":"2026-09-11T02:41:05.686Z","level":"info","message":"HTTP request","meta":{"request_id":"053a6c132436734a3c1fb75a","method":"GET","path":"/me","status":304,"duration_ms":44,"user_id":2,"role":"kabag"}}
{"time":"2026-09-11T02:41:05.689Z","level":"info","message":"HTTP request","meta":{"request_id":"5aa878a04ed20e9653c94da7","method":"GET","path":"/me","status":304,"duration_ms":2,"user_id":2,"role":"kabag"}}
{"time":"2026-09-11T02:41:05.744Z","level":"info","message":"HTTP request","meta":{"request_id":"237421db7f5e24cb95af517f","method":"GET","path":"/","status":304,"duration_ms":4,"user_id":2,"role":"kabag"}}
{"time":"2026-09-11T02:41:05.747Z","level":"info","message":"HTTP request","meta":{"request_id":"b22c9915c171aa565734c238","method":"GET","path":"/","status":304,"duration_ms":1,"user_id":2,"role":"kabag"}}
{"time":"2026-09-11T02:41:23.023Z","level":"info","message":"HTTP request","meta":{"request_id":"137e53c5073260b4ef4d9760","method":"GET","path":"/","status":304,"duration_ms":3,"user_id":2,"role":"kabag"}}
{"time":"2026-09-11T02:41:23.028Z","level":"info","message":"HTTP request","meta":{"request_id":"8d004215cbd52ec5e35e0017","method":"GET","path":"/","status":304,"duration_ms":2,"user_id":2,"role":"kabag"}}
{"time":"2026-09-11T02:41:23.340Z","level":"info","message":"HTTP request","meta":{"request_id":"65691513f3c08949af7ed7c7","method":"GET","path":"/","status":304,"duration_ms":7,"user_id":2,"role":"kabag"}}
{"time":"2026-09-11T02:41:23.344Z","level":"info","message":"HTTP request","meta":{"request_id":"7009e9fdec45847544176243","method":"GET","path":"/","status":304,"duration_ms":2,"user_id":2,"role":"kabag"}}
{"time":"2026-09-11T02:41:23.620Z","level":"info","message":"HTTP request","meta":{"request_id":"eecc1c7f373ef494b26192f6","method":"GET","path":"/","status":304,"duration_ms":7,"user_id":2,"role":"kabag"}}
{"time":"2026-09-11T02:41:23.629Z","level":"info","message":"HTTP request","meta":{"request_id":"ecba04b353fe7c203a4a97f5","method":"GET","path":"/","status":304,"duration_ms":7,"user_id":2,"role":"kabag"}}
{"time":"2026-09-11T02:41:24.163Z","level":"info","message":"DB connected","meta":{"database":"biro_umum_db","host":"localhost","port":5432}}
{"time":"2026-09-11T02:41:24.168Z","level":"info","message":"DB connected","meta":{"database":"biro_umum_db","host":"localhost","port":5432}}
{"time":"2026-09-11T02:41:24.170Z","level":"info","message":"HTTP request","meta":{"request_id":"2d4969adb676cc24c7da6982","method":"GET","path":"/summary","status":304,"duration_ms":81,"user_id":2,"role":"kabag"}}
{"time":"2026-09-11T02:41:24.179Z","level":"info","message":"HTTP request","meta":{"request_id":"bfefa9cf736da6d3381476f9","method":"GET","path":"/summary","status":304,"duration_ms":6,"user_id":2,"role":"kabag"}}
{"time":"2026-09-11T02:41:24.182Z","level":"info","message":"HTTP request","meta":{"request_id":"f85531dbf1bb742aa19c4b99","method":"GET","path":"/activities","status":304,"duration_ms":91,"user_id":2,"role":"kabag"}}
{"time":"2026-09-11T02:41:24.188Z","level":"info","message":"HTTP request","meta":{"request_id":"02c62887980d6eb0f7ea315b","method":"GET","path":"/activities","status":304,"duration_ms":4,"user_id":2,"role":"kabag"}}
{"time":"2026-09-11T02:50:19.474Z","level":"info","message":"HTTP request","meta":{"request_id":"0a20bd1d2173840c2df283de","method":"GET","path":"/api/health","status":304,"duration_ms":1,"user_id":null,"role":null}}
{"time":"2026-09-11T02:50:21.080Z","level":"info","message":"DB connected","meta":{"database":"biro_umum_db","host":"localhost","port":5432}}
{"time":"2026-09-11T02:50:21.084Z","level":"info","message":"HTTP request","meta":{"request_id":"59affbb8373dd43bdaeb47c0","method":"GET","path":"/me","status":304,"duration_ms":51,"user_id":2,"role":"kabag"}}
{"time":"2026-09-11T02:50:21.088Z","level":"info","message":"HTTP request","meta":{"request_id":"86b07873fcf14591d6d827fb","method":"GET","path":"/me","status":304,"duration_ms":2,"user_id":2,"role":"kabag"}}
{"time":"2026-09-11T02:50:21.203Z","level":"info","message":"DB connected","meta":{"database":"biro_umum_db","host":"localhost","port":5432}}
{"time":"2026-09-11T02:50:21.209Z","level":"info","message":"HTTP request","meta":{"request_id":"433e6600f7ee5297fe8c85a7","method":"GET","path":"/summary","status":304,"duration_ms":59,"user_id":2,"role":"kabag"}}
{"time":"2026-09-11T02:50:21.210Z","level":"info","message":"DB connected","meta":{"database":"biro_umum_db","host":"localhost","port":5432}}
{"time":"2026-09-11T02:50:21.216Z","level":"info","message":"HTTP request","meta":{"request_id":"40a413d92cbf62cfa76bab6a","method":"GET","path":"/summary","status":304,"duration_ms":4,"user_id":2,"role":"kabag"}}
{"time":"2026-09-11T02:50:21.220Z","level":"info","message":"HTTP request","meta":{"request_id":"ffe0a0f098e02d09a4e48810","method":"GET","path":"/activities","status":304,"duration_ms":69,"user_id":2,"role":"kabag"}}
{"time":"2026-09-11T02:50:21.224Z","level":"info","message":"HTTP request","meta":{"request_id":"c4fa61bb03dc0c3dfa3ec38f","method":"GET","path":"/activities","status":304,"duration_ms":3,"user_id":2,"role":"kabag"}}
{"time":"2026-09-11T02:52:24.239Z","level":"info","message":"DB connected","meta":{"database":"biro_umum_db","host":"localhost","port":5432}}
{"time":"2026-09-11T02:52:24.248Z","level":"info","message":"DB connected","meta":{"database":"biro_umum_db","host":"localhost","port":5432}}
{"time":"2026-09-11T02:52:24.255Z","level":"info","message":"HTTP request","meta":{"request_id":"e95fb80d1710632ffbd65b1b","method":"GET","path":"/summary","status":304,"duration_ms":74,"user_id":2,"role":"kabag"}}
{"time":"2026-09-11T02:52:24.256Z","level":"info","message":"DB connected","meta":{"database":"biro_umum_db","host":"localhost","port":5432}}
{"time":"2026-09-11T02:52:24.264Z","level":"info","message":"HTTP request","meta":{"request_id":"f8029c5c430f24094914ae12","method":"GET","path":"/summary","status":304,"duration_ms":6,"user_id":2,"role":"kabag"}}
{"time":"2026-09-11T02:52:24.267Z","level":"info","message":"HTTP request","meta":{"request_id":"b702edc95817cb510fb79002","method":"GET","path":"/activities","status":304,"duration_ms":84,"user_id":2,"role":"kabag"}}
{"time":"2026-09-11T02:52:24.271Z","level":"info","message":"HTTP request","meta":{"request_id":"259ba78b9dff6ac650c477e3","method":"GET","path":"/activities","status":304,"duration_ms":2,"user_id":2,"role":"kabag"}}
{"time":"2026-09-11T02:52:24.820Z","level":"info","message":"HTTP request","meta":{"request_id":"0406c28162bb06333e5bef67","method":"GET","path":"/","status":304,"duration_ms":9,"user_id":2,"role":"kabag"}}
{"time":"2026-09-11T02:52:24.842Z","level":"info","message":"HTTP request","meta":{"request_id":"5f5c8a3ccece8d6e73f21e5e","method":"GET","path":"/","status":304,"duration_ms":20,"user_id":2,"role":"kabag"}}
{"time":"2026-09-11T02:52:25.365Z","level":"info","message":"HTTP request","meta":{"request_id":"5d129b035eed02aebc521128","method":"GET","path":"/","status":304,"duration_ms":1,"user_id":2,"role":"kabag"}}
{"time":"2026-09-11T02:52:25.369Z","level":"info","message":"HTTP request","meta":{"request_id":"bac1d3af2eed58ee90ae5a08","method":"GET","path":"/","status":304,"duration_ms":2,"user_id":2,"role":"kabag"}}
{"time":"2026-09-11T02:52:25.975Z","level":"info","message":"HTTP request","meta":{"request_id":"ea5c63f12af7b0ab6a78b979","method":"GET","path":"/","status":304,"duration_ms":6,"user_id":2,"role":"kabag"}}
{"time":"2026-09-11T02:52:25.978Z","level":"info","message":"HTTP request","meta":{"request_id":"39dff3fa75ba493f5f6d7526","method":"GET","path":"/","status":304,"duration_ms":2,"user_id":2,"role":"kabag"}}
{"time":"2026-09-11T02:52:26.370Z","level":"info","message":"HTTP request","meta":{"request_id":"fe468c1451f50b5ba77b66af","method":"GET","path":"/","status":304,"duration_ms":6,"user_id":2,"role":"kabag"}}
{"time":"2026-09-11T02:52:26.381Z","level":"info","message":"HTTP request","meta":{"request_id":"4cb3f98eee21a52535300baa","method":"GET","path":"/","status":304,"duration_ms":8,"user_id":2,"role":"kabag"}}
{"time":"2026-09-11T02:52:27.088Z","level":"info","message":"HTTP request","meta":{"request_id":"286cba7d5e35277e9280f88d","method":"GET","path":"/summary","status":304,"duration_ms":3,"user_id":2,"role":"kabag"}}
{"time":"2026-09-11T02:52:27.092Z","level":"info","message":"HTTP request","meta":{"request_id":"4b55bbed41d5eb0fef88e9bf","method":"GET","path":"/activities","status":304,"duration_ms":6,"user_id":2,"role":"kabag"}}
{"time":"2026-09-11T02:52:27.099Z","level":"info","message":"HTTP request","meta":{"request_id":"1985ffc5b1711b529b899381","method":"GET","path":"/summary","status":304,"duration_ms":3,"user_id":2,"role":"kabag"}}
{"time":"2026-09-11T02:52:27.103Z","level":"info","message":"HTTP request","meta":{"request_id":"baaf588bdb5f0cf710dba95b","method":"GET","path":"/activities","status":304,"duration_ms":5,"user_id":2,"role":"kabag"}}
{"time":"2026-09-11T02:52:27.836Z","level":"info","message":"HTTP request","meta":{"request_id":"c539705557b35f777159f7a7","method":"GET","path":"/","status":304,"duration_ms":12,"user_id":2,"role":"kabag"}}
{"time":"2026-09-11T02:52:27.843Z","level":"info","message":"HTTP request","meta":{"request_id":"a7187e8e5411e5bb4eddffd0","method":"GET","path":"/","status":304,"duration_ms":6,"user_id":2,"role":"kabag"}}
{"time":"2026-09-11T02:52:28.236Z","level":"info","message":"HTTP request","meta":{"request_id":"f154be2f7c47d07d871cc0be","method":"GET","path":"/","status":304,"duration_ms":3,"user_id":2,"role":"kabag"}}
{"time":"2026-09-11T02:52:28.241Z","level":"info","message":"HTTP request","meta":{"request_id":"8c2e1a9fd135126e98a82ba9","method":"GET","path":"/","status":304,"duration_ms":3,"user_id":2,"role":"kabag"}}
{"time":"2026-09-11T02:52:29.206Z","level":"info","message":"HTTP request","meta":{"request_id":"bfc7286e9e616511e5b28bbf","method":"GET","path":"/","status":304,"duration_ms":8,"user_id":2,"role":"kabag"}}
{"time":"2026-09-11T02:52:29.215Z","level":"info","message":"HTTP request","meta":{"request_id":"01d5fcc66cc293a9aa880ace","method":"GET","path":"/","status":304,"duration_ms":6,"user_id":2,"role":"kabag"}}
{"time":"2026-09-11T02:52:30.380Z","level":"info","message":"HTTP request","meta":{"request_id":"13eac82d56e5da68bb840598","method":"GET","path":"/summary","status":304,"duration_ms":3,"user_id":2,"role":"kabag"}}
{"time":"2026-09-11T02:52:30.382Z","level":"info","message":"HTTP request","meta":{"request_id":"28dab07e5b84613ead25754e","method":"GET","path":"/activities","status":304,"duration_ms":4,"user_id":2,"role":"kabag"}}
{"time":"2026-09-11T02:52:30.386Z","level":"info","message":"HTTP request","meta":{"request_id":"bac63bbcef26c3c8089ffc37","method":"GET","path":"/summary","status":304,"duration_ms":2,"user_id":2,"role":"kabag"}}
{"time":"2026-09-11T02:52:30.389Z","level":"info","message":"HTTP request","meta":{"request_id":"ea2ddce659174ec704fd1028","method":"GET","path":"/activities","status":304,"duration_ms":4,"user_id":2,"role":"kabag"}}
{"time":"2026-09-11T02:52:35.889Z","level":"info","message":"HTTP request","meta":{"request_id":"fb8b08d1e037ada884518886","method":"GET","path":"/","status":304,"duration_ms":7,"user_id":2,"role":"kabag"}}
{"time":"2026-09-11T02:52:35.901Z","level":"info","message":"HTTP request","meta":{"request_id":"e03dc873a7e8434921a41c01","method":"GET","path":"/","status":304,"duration_ms":8,"user_id":2,"role":"kabag"}}
{"time":"2026-09-11T02:52:36.417Z","level":"info","message":"HTTP request","meta":{"request_id":"cea8718cd41a6c698c4b2aa2","method":"GET","path":"/","status":304,"duration_ms":2,"user_id":2,"role":"kabag"}}
{"time":"2026-09-11T02:52:36.420Z","level":"info","message":"HTTP request","meta":{"request_id":"2186b6e470be0e85e9fe2b41","method":"GET","path":"/","status":304,"duration_ms":2,"user_id":2,"role":"kabag"}}
{"time":"2026-09-11T02:52:37.225Z","level":"info","message":"HTTP request","meta":{"request_id":"4a6b9ad81a2b193d931ad22f","method":"GET","path":"/","status":304,"duration_ms":5,"user_id":2,"role":"kabag"}}
{"time":"2026-09-11T02:52:37.232Z","level":"info","message":"HTTP request","meta":{"request_id":"5ea3f4108cdbfa26de9d32dc","method":"GET","path":"/","status":304,"duration_ms":5,"user_id":2,"role":"kabag"}}
{"time":"2026-09-11T02:53:14.518Z","level":"info","message":"DB connected","meta":{"database":"biro_umum_db","host":"localhost","port":5432}}
{"time":"2026-09-11T02:53:15.875Z","level":"info","message":"DB connected","meta":{"database":"biro_umum_db","host":"localhost","port":5432}}
{"time":"2026-09-11T02:56:57.616Z","level":"info","message":"DB connected","meta":{"database":"biro_umum_db","host":"localhost","port":5432}}
{"time":"2026-09-11T02:56:57.625Z","level":"info","message":"HTTP request","meta":{"request_id":"f7380859679db7b56f6077db","method":"GET","path":"/","status":200,"duration_ms":53,"user_id":2,"role":"kabag"}}
{"time":"2026-09-11T02:56:57.629Z","level":"info","message":"HTTP request","meta":{"request_id":"cf18bac895b4450c0beaec12","method":"GET","path":"/","status":304,"duration_ms":2,"user_id":2,"role":"kabag"}}
{"time":"2026-09-11T02:59:21.599Z","level":"info","message":"DB connected","meta":{"database":"biro_umum_db","host":"localhost","port":5432}}
{"time":"2026-09-11T02:59:21.606Z","level":"info","message":"DB connected","meta":{"database":"biro_umum_db","host":"localhost","port":5432}}
{"time":"2026-09-11T02:59:21.607Z","level":"info","message":"DB connected","meta":{"database":"biro_umum_db","host":"localhost","port":5432}}
{"time":"2026-09-11T02:59:21.613Z","level":"info","message":"HTTP request","meta":{"request_id":"2598d9cb043b16ea502cadd6","method":"GET","path":"/summary","status":304,"duration_ms":70,"user_id":2,"role":"kabag"}}
{"time":"2026-09-11T02:59:21.620Z","level":"info","message":"HTTP request","meta":{"request_id":"2000b2b14e1839b5a9462705","method":"GET","path":"/activities","status":304,"duration_ms":73,"user_id":2,"role":"kabag"}}
{"time":"2026-09-11T02:59:21.623Z","level":"info","message":"HTTP request","meta":{"request_id":"ecaaf2146b643d2d8e6b34bb","method":"GET","path":"/summary","status":304,"duration_ms":6,"user_id":2,"role":"kabag"}}
{"time":"2026-09-11T02:59:21.632Z","level":"info","message":"HTTP request","meta":{"request_id":"5194794a2035270a8ee0e017","method":"GET","path":"/activities","status":304,"duration_ms":6,"user_id":2,"role":"kabag"}}
{"time":"2026-09-11T02:59:22.873Z","level":"info","message":"HTTP request","meta":{"request_id":"3a79ac7613f5a5a832b9b426","method":"GET","path":"/","status":304,"duration_ms":8,"user_id":2,"role":"kabag"}}
{"time":"2026-09-11T02:59:22.881Z","level":"info","message":"HTTP request","meta":{"request_id":"f28789ec461874a0e69772e0","method":"GET","path":"/","status":304,"duration_ms":6,"user_id":2,"role":"kabag"}}
{"time":"2026-09-11T03:01:40.941Z","level":"info","message":"DB connected","meta":{"database":"biro_umum_db","host":"localhost","port":5432}}
{"time":"2026-09-11T03:07:10.013Z","level":"info","message":"DB connected","meta":{"database":"biro_umum_db","host":"localhost","port":5432}}
{"time":"2026-09-11T03:07:10.347Z","level":"info","message":"HTTP request","meta":{"request_id":"082ba759feeae74fd933f630","method":"GET","path":"/","status":200,"duration_ms":24,"user_id":2,"role":"kabag"}}
{"time":"2026-09-11T03:07:10.363Z","level":"info","message":"HTTP request","meta":{"request_id":"19b6722c5a3588b6a5f422a4","method":"GET","path":"/","status":304,"duration_ms":11,"user_id":2,"role":"kabag"}}
{"time":"2026-09-11T03:07:15.164Z","level":"info","message":"HTTP request","meta":{"request_id":"55b1d2abab358d6570bee32d","method":"GET","path":"/me","status":304,"duration_ms":11,"user_id":2,"role":"kabag"}}
{"time":"2026-09-11T03:07:15.180Z","level":"info","message":"HTTP request","meta":{"request_id":"d6600c9ac4e6ec812d2ffa93","method":"GET","path":"/me","status":304,"duration_ms":7,"user_id":2,"role":"kabag"}}
{"time":"2026-09-11T03:07:15.482Z","level":"info","message":"HTTP request","meta":{"request_id":"1fe04eb5d9c9e12046acd8c4","method":"GET","path":"/","status":304,"duration_ms":43,"user_id":2,"role":"kabag"}}
{"time":"2026-09-11T03:07:15.516Z","level":"info","message":"HTTP request","meta":{"request_id":"92ec5e4fe630ba6ce9642dbc","method":"GET","path":"/","status":304,"duration_ms":26,"user_id":2,"role":"kabag"}}
{"time":"2026-09-11T03:07:35.456Z","level":"info","message":"HTTP request","meta":{"request_id":"0222e4b2e047a4131dd42b09","method":"PUT","path":"/5","status":200,"duration_ms":213,"user_id":2,"role":"kabag"}}
{"time":"2026-09-11T03:08:03.012Z","level":"info","message":"HTTP request","meta":{"request_id":"1fd3177c254283bc8c880337","method":"GET","path":"/","status":304,"duration_ms":3,"user_id":2,"role":"kabag"}}
{"time":"2026-09-11T03:08:03.018Z","level":"info","message":"HTTP request","meta":{"request_id":"7b02c0d8408c3376adcd0659","method":"GET","path":"/","status":304,"duration_ms":3,"user_id":2,"role":"kabag"}}
{"time":"2026-09-11T03:08:03.795Z","level":"info","message":"DB connected","meta":{"database":"biro_umum_db","host":"localhost","port":5432}}
{"time":"2026-09-11T03:08:03.804Z","level":"info","message":"HTTP request","meta":{"request_id":"a6de0ca91ad6bca2abb93232","method":"GET","path":"/activities","status":200,"duration_ms":60,"user_id":2,"role":"kabag"}}
{"time":"2026-09-11T03:08:03.809Z","level":"info","message":"HTTP request","meta":{"request_id":"53a960463836b8ba809112fb","method":"GET","path":"/activities","status":304,"duration_ms":3,"user_id":2,"role":"kabag"}}
{"time":"2026-09-11T03:08:03.890Z","level":"info","message":"DB connected","meta":{"database":"biro_umum_db","host":"localhost","port":5432}}
{"time":"2026-09-11T03:08:03.895Z","level":"info","message":"HTTP request","meta":{"request_id":"0f26e75c569d377c910719d9","method":"GET","path":"/summary","status":304,"duration_ms":154,"user_id":2,"role":"kabag"}}
{"time":"2026-09-11T03:08:03.902Z","level":"info","message":"HTTP request","meta":{"request_id":"43a6461c0b15d5b3e435f5cc","method":"GET","path":"/summary","status":304,"duration_ms":5,"user_id":2,"role":"kabag"}}
{"time":"2026-09-11T03:13:01.535Z","level":"info","message":"DB connected","meta":{"database":"biro_umum_db","host":"localhost","port":5432}}
{"time":"2026-09-11T03:13:01.541Z","level":"info","message":"HTTP request","meta":{"request_id":"51379494cf259fc8f26e7bde","method":"GET","path":"/","status":304,"duration_ms":62,"user_id":2,"role":"kabag"}}
{"time":"2026-09-11T03:13:01.545Z","level":"info","message":"HTTP request","meta":{"request_id":"4d10466152e90c498010e8e1","method":"GET","path":"/","status":304,"duration_ms":2,"user_id":2,"role":"kabag"}}
{"time":"2026-09-11T03:13:02.280Z","level":"info","message":"HTTP request","meta":{"request_id":"fec620155c9e265985c2d053","method":"GET","path":"/","status":304,"duration_ms":5,"user_id":2,"role":"kabag"}}
{"time":"2026-09-11T03:13:02.284Z","level":"info","message":"HTTP request","meta":{"request_id":"f5c4eaaf81dd08a56ebfe394","method":"GET","path":"/","status":304,"duration_ms":2,"user_id":2,"role":"kabag"}}
{"time":"2026-09-11T03:13:04.519Z","level":"info","message":"HTTP request","meta":{"request_id":"4d5daa260fc74665c6c073f7","method":"GET","path":"/me","status":304,"duration_ms":6,"user_id":2,"role":"kabag"}}
{"time":"2026-09-11T03:13:04.522Z","level":"info","message":"HTTP request","meta":{"request_id":"ee0a2ed29ab90ad953c942f9","method":"GET","path":"/me","status":304,"duration_ms":1,"user_id":2,"role":"kabag"}}
{"time":"2026-09-11T03:13:05.304Z","level":"info","message":"HTTP request","meta":{"request_id":"4354896227c04c2599aed8ae","method":"GET","path":"/me","status":304,"duration_ms":2,"user_id":2,"role":"kabag"}}
{"time":"2026-09-11T03:13:05.307Z","level":"info","message":"HTTP request","meta":{"request_id":"7894b03509a8fcc55f2be51a","method":"GET","path":"/me","status":304,"duration_ms":2,"user_id":2,"role":"kabag"}}
{"time":"2026-09-11T03:13:09.060Z","level":"info","message":"HTTP request","meta":{"request_id":"8ccf127a239a575e307b0306","method":"GET","path":"/me","status":304,"duration_ms":2,"user_id":2,"role":"kabag"}}
{"time":"2026-09-11T03:13:09.064Z","level":"info","message":"HTTP request","meta":{"request_id":"991399f2d01ef94ab7336cd5","method":"GET","path":"/me","status":304,"duration_ms":2,"user_id":2,"role":"kabag"}}
{"time":"2026-09-11T03:13:09.147Z","level":"info","message":"HTTP request","meta":{"request_id":"dd9ccb8d03282011490e3ce0","method":"GET","path":"/","status":304,"duration_ms":2,"user_id":2,"role":"kabag"}}
{"time":"2026-09-11T03:13:09.151Z","level":"info","message":"HTTP request","meta":{"request_id":"0345071e773ea6f9ae40a670","method":"GET","path":"/","status":304,"duration_ms":2,"user_id":2,"role":"kabag"}}
{"time":"2026-09-11T03:13:10.650Z","level":"info","message":"DB connected","meta":{"database":"biro_umum_db","host":"localhost","port":5432}}
{"time":"2026-09-11T03:13:10.663Z","level":"info","message":"HTTP request","meta":{"request_id":"d42b2bfe72e851d1c74acc38","method":"GET","path":"/activities","status":304,"duration_ms":112,"user_id":2,"role":"kabag"}}
{"time":"2026-09-11T03:13:10.670Z","level":"info","message":"HTTP request","meta":{"request_id":"4affd864703a23eaf6286c4d","method":"GET","path":"/activities","status":304,"duration_ms":4,"user_id":2,"role":"kabag"}}
{"time":"2026-09-11T03:13:10.746Z","level":"info","message":"DB connected","meta":{"database":"biro_umum_db","host":"localhost","port":5432}}
{"time":"2026-09-11T03:13:10.755Z","level":"info","message":"HTTP request","meta":{"request_id":"9a9cdc73002168ae2440bf57","method":"GET","path":"/summary","status":304,"duration_ms":206,"user_id":2,"role":"kabag"}}
{"time":"2026-09-11T03:13:10.764Z","level":"info","message":"HTTP request","meta":{"request_id":"a31725e09be43b7c3c840074","method":"GET","path":"/summary","status":304,"duration_ms":7,"user_id":2,"role":"kabag"}}
{"time":"2026-09-11T03:13:11.178Z","level":"info","message":"HTTP request","meta":{"request_id":"4950a3a87f5564ccf3b4c223","method":"GET","path":"/","status":200,"duration_ms":20,"user_id":2,"role":"kabag"}}
{"time":"2026-09-11T03:13:11.204Z","level":"info","message":"HTTP request","meta":{"request_id":"d60c0db50fab0ac320019df0","method":"GET","path":"/","status":304,"duration_ms":22,"user_id":2,"role":"kabag"}}
{"time":"2026-09-11T03:15:32.597Z","level":"info","message":"DB connected","meta":{"database":"biro_umum_db","host":"localhost","port":5432}}
{"time":"2026-09-11T03:15:32.602Z","level":"info","message":"HTTP request","meta":{"request_id":"f6c3508687934440f7634ace","method":"GET","path":"/me","status":304,"duration_ms":49,"user_id":2,"role":"kabag"}}
{"time":"2026-09-11T03:15:32.605Z","level":"info","message":"HTTP request","meta":{"request_id":"ecf4c85bdfd0a4cc79ef3791","method":"GET","path":"/me","status":304,"duration_ms":1,"user_id":2,"role":"kabag"}}
{"time":"2026-09-11T03:15:32.623Z","level":"info","message":"HTTP request","meta":{"request_id":"5652d390e6ad39a22ed8bfa9","method":"GET","path":"/","status":304,"duration_ms":4,"user_id":2,"role":"kabag"}}
{"time":"2026-09-11T03:15:32.627Z","level":"info","message":"HTTP request","meta":{"request_id":"b3bcdd1ccd605263959e6e7e","method":"GET","path":"/","status":304,"duration_ms":2,"user_id":2,"role":"kabag"}}
{"time":"2026-09-11T03:15:54.940Z","level":"info","message":"HTTP request","meta":{"request_id":"b374b286c807a2ed3e59259b","method":"GET","path":"/me","status":304,"duration_ms":1,"user_id":2,"role":"kabag"}}
{"time":"2026-09-11T03:15:54.944Z","level":"info","message":"HTTP request","meta":{"request_id":"4adda75642efe143d648fdf8","method":"GET","path":"/me","status":304,"duration_ms":2,"user_id":2,"role":"kabag"}}
{"time":"2026-09-11T03:15:55.000Z","level":"info","message":"HTTP request","meta":{"request_id":"8423b6b55152c051946006c2","method":"GET","path":"/","status":304,"duration_ms":1,"user_id":2,"role":"kabag"}}
{"time":"2026-09-11T03:15:55.005Z","level":"info","message":"HTTP request","meta":{"request_id":"c600d907cd2ba1d18d30cd81","method":"GET","path":"/","status":304,"duration_ms":3,"user_id":2,"role":"kabag"}}
{"time":"2026-09-11T03:15:56.067Z","level":"info","message":"HTTP request","meta":{"request_id":"6fe0ca8658bd5a58e5ad3010","method":"GET","path":"/","status":304,"duration_ms":15,"user_id":2,"role":"kabag"}}
{"time":"2026-09-11T03:15:56.080Z","level":"info","message":"HTTP request","meta":{"request_id":"4774707721a0e6ff1054cbfe","method":"GET","path":"/","status":304,"duration_ms":11,"user_id":2,"role":"kabag"}}
{"time":"2026-09-11T03:15:56.593Z","level":"info","message":"HTTP request","meta":{"request_id":"419924c5498e818c4e2edf04","method":"GET","path":"/","status":304,"duration_ms":3,"user_id":2,"role":"kabag"}}
{"time":"2026-09-11T03:15:56.597Z","level":"info","message":"HTTP request","meta":{"request_id":"ea179d4117d7221ae690564f","method":"GET","path":"/","status":304,"duration_ms":3,"user_id":2,"role":"kabag"}}
{"time":"2026-09-11T03:15:57.165Z","level":"info","message":"HTTP request","meta":{"request_id":"c472e43ca55cfa5437cf81a5","method":"GET","path":"/","status":304,"duration_ms":4,"user_id":2,"role":"kabag"}}
{"time":"2026-09-11T03:15:57.169Z","level":"info","message":"HTTP request","meta":{"request_id":"eb9ceb143d29b65c75472db5","method":"GET","path":"/","status":304,"duration_ms":2,"user_id":2,"role":"kabag"}}
{"time":"2026-09-11T03:15:57.578Z","level":"info","message":"HTTP request","meta":{"request_id":"3720fcb5c8f7c384c0f76e49","method":"GET","path":"/","status":304,"duration_ms":5,"user_id":2,"role":"kabag"}}
{"time":"2026-09-11T03:15:57.581Z","level":"info","message":"HTTP request","meta":{"request_id":"fe3729692670e1587f055def","method":"GET","path":"/","status":304,"duration_ms":1,"user_id":2,"role":"kabag"}}
{"time":"2026-09-11T03:16:48.901Z","level":"info","message":"DB connected","meta":{"database":"biro_umum_db","host":"localhost","port":5432}}
{"time":"2026-09-11T03:16:48.909Z","level":"info","message":"HTTP request","meta":{"request_id":"3f01753bac521f5be8c0ea36","method":"GET","path":"/","status":304,"duration_ms":48,"user_id":2,"role":"kabag"}}
{"time":"2026-09-11T03:16:48.913Z","level":"info","message":"HTTP request","meta":{"request_id":"a15509205167fa454df5260f","method":"GET","path":"/","status":304,"duration_ms":2,"user_id":2,"role":"kabag"}}
{"time":"2026-09-11T03:16:49.359Z","level":"info","message":"HTTP request","meta":{"request_id":"2fbd84ec4e59fb23e84ca643","method":"GET","path":"/","status":304,"duration_ms":5,"user_id":2,"role":"kabag"}}
{"time":"2026-09-11T03:16:49.362Z","level":"info","message":"HTTP request","meta":{"request_id":"3cc1a7a4591a18039b67f930","method":"GET","path":"/","status":304,"duration_ms":2,"user_id":2,"role":"kabag"}}
{"time":"2026-09-11T03:16:50.677Z","level":"info","message":"HTTP request","meta":{"request_id":"600e246f9049dce697f455e2","method":"GET","path":"/","status":304,"duration_ms":13,"user_id":2,"role":"kabag"}}
{"time":"2026-09-11T03:16:50.693Z","level":"info","message":"HTTP request","meta":{"request_id":"3ed0ced886105fb4e68b3b86","method":"GET","path":"/","status":304,"duration_ms":13,"user_id":2,"role":"kabag"}}
{"time":"2026-09-11T03:16:51.134Z","level":"info","message":"HTTP request","meta":{"request_id":"8a8e4cf13950150153926eaf","method":"GET","path":"/","status":304,"duration_ms":3,"user_id":2,"role":"kabag"}}
{"time":"2026-09-11T03:16:51.138Z","level":"info","message":"HTTP request","meta":{"request_id":"47ba0d254a90baad3d89e592","method":"GET","path":"/","status":304,"duration_ms":3,"user_id":2,"role":"kabag"}}
{"time":"2026-09-11T03:16:51.563Z","level":"info","message":"HTTP request","meta":{"request_id":"69c6780d6a8ec3b1f750b8b7","method":"GET","path":"/","status":304,"duration_ms":7,"user_id":2,"role":"kabag"}}
{"time":"2026-09-11T03:16:51.574Z","level":"info","message":"HTTP request","meta":{"request_id":"4a21eeac9d467c4b8ebcf168","method":"GET","path":"/","status":304,"duration_ms":8,"user_id":2,"role":"kabag"}}
{"time":"2026-09-11T03:16:51.906Z","level":"info","message":"DB connected","meta":{"database":"biro_umum_db","host":"localhost","port":5432}}
{"time":"2026-09-11T03:16:51.913Z","level":"info","message":"HTTP request","meta":{"request_id":"f6cf93ada64dd0f15b1785a9","method":"GET","path":"/summary","status":304,"duration_ms":65,"user_id":2,"role":"kabag"}}
{"time":"2026-09-11T03:16:51.920Z","level":"info","message":"HTTP request","meta":{"request_id":"78536ffef49af1cd27bf2cef","method":"GET","path":"/summary","status":304,"duration_ms":5,"user_id":2,"role":"kabag"}}
{"time":"2026-09-11T03:16:51.922Z","level":"info","message":"DB connected","meta":{"database":"biro_umum_db","host":"localhost","port":5432}}
{"time":"2026-09-11T03:16:51.930Z","level":"info","message":"HTTP request","meta":{"request_id":"9f9deda3759eceff4b5872a1","method":"GET","path":"/activities","status":304,"duration_ms":80,"user_id":2,"role":"kabag"}}
{"time":"2026-09-11T03:16:51.936Z","level":"info","message":"HTTP request","meta":{"request_id":"f0bfe5e686f4dd12f674fd31","method":"GET","path":"/activities","status":304,"duration_ms":3,"user_id":2,"role":"kabag"}}
{"time":"2026-09-11T03:16:52.824Z","level":"info","message":"HTTP request","meta":{"request_id":"5294e35d88cf1d78414fb16f","method":"GET","path":"/","status":304,"duration_ms":12,"user_id":2,"role":"kabag"}}
{"time":"2026-09-11T03:16:52.835Z","level":"info","message":"HTTP request","meta":{"request_id":"4a90671fcf5d099a8cf1dc3c","method":"GET","path":"/","status":304,"duration_ms":9,"user_id":2,"role":"kabag"}}
{"time":"2026-09-11T03:17:29.783Z","level":"info","message":"DB connected","meta":{"database":"biro_umum_db","host":"localhost","port":5432}}
{"time":"2026-09-11T03:17:29.900Z","level":"info","message":"HTTP request","meta":{"request_id":"161a1f4b818871c579dffa41","method":"POST","path":"/login","status":200,"duration_ms":258,"user_id":null,"role":null}}
{"time":"2026-09-11T03:17:30.039Z","level":"info","message":"DB connected","meta":{"database":"biro_umum_db","host":"localhost","port":5432}}
{"time":"2026-09-11T03:17:30.046Z","level":"info","message":"HTTP request","meta":{"request_id":"f6081e386ddb85d848838529","method":"GET","path":"/summary","status":304,"duration_ms":99,"user_id":1,"role":"karyawan"}}
{"time":"2026-09-11T03:17:30.057Z","level":"info","message":"HTTP request","meta":{"request_id":"661a4b9d571d18f5f39cad9c","method":"GET","path":"/summary","status":304,"duration_ms":5,"user_id":1,"role":"karyawan"}}
{"time":"2026-09-11T03:17:30.063Z","level":"info","message":"DB connected","meta":{"database":"biro_umum_db","host":"localhost","port":5432}}
{"time":"2026-09-11T03:17:30.076Z","level":"info","message":"HTTP request","meta":{"request_id":"fdb996640e182e1309597081","method":"GET","path":"/activities","status":304,"duration_ms":128,"user_id":1,"role":"karyawan"}}
{"time":"2026-09-11T03:17:30.087Z","level":"info","message":"HTTP request","meta":{"request_id":"97695054720621ade397ce73","method":"GET","path":"/activities","status":304,"duration_ms":4,"user_id":1,"role":"karyawan"}}
{"time":"2026-09-11T03:17:31.002Z","level":"info","message":"HTTP request","meta":{"request_id":"2571714d0b011349078a97b0","method":"GET","path":"/","status":304,"duration_ms":15,"user_id":1,"role":"karyawan"}}
{"time":"2026-09-11T03:17:31.016Z","level":"info","message":"HTTP request","meta":{"request_id":"ffed75b4e443a6d1789ab121","method":"GET","path":"/","status":304,"duration_ms":12,"user_id":1,"role":"karyawan"}}
{"time":"2026-09-11T03:18:48.499Z","level":"info","message":"DB connected","meta":{"database":"biro_umum_db","host":"localhost","port":5432}}
{"time":"2026-09-11T03:18:48.570Z","level":"info","message":"HTTP request","meta":{"request_id":"619e55a9891c860c58f6bce5","method":"POST","path":"/login","status":401,"duration_ms":206,"user_id":null,"role":null}}
{"time":"2026-09-11T03:18:52.273Z","level":"info","message":"HTTP request","meta":{"request_id":"c5adfafe88983cfd53df2b0d","method":"POST","path":"/login","status":200,"duration_ms":67,"user_id":null,"role":null}}
{"time":"2026-09-11T03:18:52.335Z","level":"info","message":"DB connected","meta":{"database":"biro_umum_db","host":"localhost","port":5432}}
{"time":"2026-09-11T03:18:52.337Z","level":"info","message":"DB connected","meta":{"database":"biro_umum_db","host":"localhost","port":5432}}
{"time":"2026-09-11T03:18:52.339Z","level":"info","message":"HTTP request","meta":{"request_id":"bb5ee702bba1d5952cb521b3","method":"GET","path":"/summary","status":304,"duration_ms":43,"user_id":2,"role":"kabag"}}
{"time":"2026-09-11T03:18:52.345Z","level":"info","message":"HTTP request","meta":{"request_id":"c2b87aebf0aa10be0edeb186","method":"GET","path":"/activities","status":304,"duration_ms":47,"user_id":2,"role":"kabag"}}
{"time":"2026-09-11T03:18:52.346Z","level":"info","message":"HTTP request","meta":{"request_id":"d2bb1f50b08167ad5de3dcda","method":"GET","path":"/summary","status":304,"duration_ms":6,"user_id":2,"role":"kabag"}}
{"time":"2026-09-11T03:18:52.350Z","level":"info","message":"HTTP request","meta":{"request_id":"2f6f274f4602ca1b4b2a4fc1","method":"GET","path":"/activities","status":304,"duration_ms":2,"user_id":2,"role":"kabag"}}
{"time":"2026-09-11T03:18:54.136Z","level":"info","message":"HTTP request","meta":{"request_id":"02cdbe717404936562afd2a9","method":"GET","path":"/","status":304,"duration_ms":8,"user_id":2,"role":"kabag"}}
{"time":"2026-09-11T03:18:54.150Z","level":"info","message":"HTTP request","meta":{"request_id":"aafe305647ab113f31c92487","method":"GET","path":"/","status":304,"duration_ms":13,"user_id":2,"role":"kabag"}}
{"time":"2026-09-11T03:22:05.599Z","level":"info","message":"DB connected","meta":{"database":"biro_umum_db","host":"localhost","port":5432}}
{"time":"2026-09-11T03:22:05.833Z","level":"info","message":"HTTP request","meta":{"request_id":"cedabea9deee26ffaaa2e5fb","method":"GET","path":"/","status":200,"duration_ms":35,"user_id":2,"role":"kabag"}}
{"time":"2026-09-11T03:22:09.768Z","level":"info","message":"HTTP request","meta":{"request_id":"2976c2c8b603fb328246c0fc","method":"GET","path":"/me","status":304,"duration_ms":4,"user_id":2,"role":"kabag"}}
{"time":"2026-09-11T03:22:09.772Z","level":"info","message":"HTTP request","meta":{"request_id":"c3bf2e7c3caf8b6470ddc8f2","method":"GET","path":"/me","status":304,"duration_ms":2,"user_id":2,"role":"kabag"}}
{"time":"2026-09-11T03:22:09.847Z","level":"info","message":"HTTP request","meta":{"request_id":"4da00f0db418fd8471cee3a1","method":"GET","path":"/","status":304,"duration_ms":12,"user_id":2,"role":"kabag"}}
{"time":"2026-09-11T03:22:09.860Z","level":"info","message":"HTTP request","meta":{"request_id":"2e6b6adc7aa7ef7d44ec3461","method":"GET","path":"/","status":304,"duration_ms":10,"user_id":2,"role":"kabag"}}
{"time":"2026-09-11T03:22:12.676Z","level":"info","message":"DB connected","meta":{"database":"biro_umum_db","host":"localhost","port":5432}}
{"time":"2026-09-11T03:22:12.681Z","level":"info","message":"HTTP request","meta":{"request_id":"5fc9f6e747303864b5ececf8","method":"GET","path":"/summary","status":304,"duration_ms":55,"user_id":2,"role":"kabag"}}
{"time":"2026-09-11T03:22:12.683Z","level":"info","message":"DB connected","meta":{"database":"biro_umum_db","host":"localhost","port":5432}}
{"time":"2026-09-11T03:22:12.690Z","level":"info","message":"HTTP request","meta":{"request_id":"9e5e823a2ac7419f255bebab","method":"GET","path":"/summary","status":304,"duration_ms":5,"user_id":2,"role":"kabag"}}
{"time":"2026-09-11T03:22:12.692Z","level":"info","message":"HTTP request","meta":{"request_id":"d6e0ffb436ab5ecee5b28b31","method":"GET","path":"/activities","status":304,"duration_ms":63,"user_id":2,"role":"kabag"}}
{"time":"2026-09-11T03:22:12.698Z","level":"info","message":"HTTP request","meta":{"request_id":"7572d9334de0d867b4d21a6a","method":"GET","path":"/activities","status":304,"duration_ms":3,"user_id":2,"role":"kabag"}}
{"time":"2026-09-11T03:22:13.114Z","level":"info","message":"HTTP request","meta":{"request_id":"fef0910eb499b3483821b9e2","method":"GET","path":"/","status":200,"duration_ms":6,"user_id":2,"role":"kabag"}}
{"time":"2026-09-11T03:22:13.117Z","level":"info","message":"HTTP request","meta":{"request_id":"55ced264b5b72378d504648e","method":"GET","path":"/","status":304,"duration_ms":2,"user_id":2,"role":"kabag"}}
{"time":"2026-09-11T03:22:14.378Z","level":"info","message":"HTTP request","meta":{"request_id":"edb727aed21c0544c680b6a4","method":"GET","path":"/","status":304,"duration_ms":12,"user_id":2,"role":"kabag"}}
{"time":"2026-09-11T03:22:14.391Z","level":"info","message":"HTTP request","meta":{"request_id":"6a5a123eb7f5220874117124","method":"GET","path":"/","status":304,"duration_ms":10,"user_id":2,"role":"kabag"}}
{"time":"2026-09-11T03:22:14.736Z","level":"info","message":"HTTP request","meta":{"request_id":"b184658e9392617b69dea076","method":"GET","path":"/summary","status":304,"duration_ms":3,"user_id":2,"role":"kabag"}}
{"time":"2026-09-11T03:22:14.737Z","level":"info","message":"HTTP request","meta":{"request_id":"0a717c2b1441037fafe1a50a","method":"GET","path":"/activities","status":304,"duration_ms":3,"user_id":2,"role":"kabag"}}
{"time":"2026-09-11T03:22:14.743Z","level":"info","message":"HTTP request","meta":{"request_id":"3ea7a4a320f2eb124a2db421","method":"GET","path":"/summary","status":304,"duration_ms":4,"user_id":2,"role":"kabag"}}
{"time":"2026-09-11T03:22:14.745Z","level":"info","message":"HTTP request","meta":{"request_id":"63c5419d9a4e32e491b25111","method":"GET","path":"/activities","status":304,"duration_ms":5,"user_id":2,"role":"kabag"}}
{"time":"2026-09-11T03:22:15.321Z","level":"info","message":"HTTP request","meta":{"request_id":"626b25829078f00339ac0049","method":"GET","path":"/","status":304,"duration_ms":9,"user_id":2,"role":"kabag"}}
{"time":"2026-09-11T03:22:15.329Z","level":"info","message":"HTTP request","meta":{"request_id":"ffe3e840e4986d1796c1da77","method":"GET","path":"/","status":304,"duration_ms":7,"user_id":2,"role":"kabag"}}
{"time":"2026-09-11T03:39:57.296Z","level":"info","message":"DB connected","meta":{"database":"biro_umum_db","host":"localhost","port":5432}}
{"time":"2026-09-11T03:39:57.302Z","level":"info","message":"HTTP request","meta":{"request_id":"1c822bfe22ee7f3b3349f9c7","method":"GET","path":"/me","status":304,"duration_ms":46,"user_id":2,"role":"kabag"}}
{"time":"2026-09-11T03:39:57.305Z","level":"info","message":"HTTP request","meta":{"request_id":"cd3db08a96919b58bbc0cdf5","method":"GET","path":"/me","status":304,"duration_ms":2,"user_id":2,"role":"kabag"}}
{"time":"2026-09-11T03:39:57.386Z","level":"info","message":"HTTP request","meta":{"request_id":"bc4c55bbe21354a8a5e66d61","method":"GET","path":"/","status":304,"duration_ms":18,"user_id":2,"role":"kabag"}}
{"time":"2026-09-11T03:39:57.398Z","level":"info","message":"HTTP request","meta":{"request_id":"e8bc75138b91beec075ce87e","method":"GET","path":"/","status":304,"duration_ms":8,"user_id":2,"role":"kabag"}}
{"time":"2026-09-11T03:39:58.214Z","level":"info","message":"DB connected","meta":{"database":"biro_umum_db","host":"localhost","port":5432}}
{"time":"2026-09-11T03:39:58.224Z","level":"info","message":"DB connected","meta":{"database":"biro_umum_db","host":"localhost","port":5432}}
{"time":"2026-09-11T03:39:58.227Z","level":"info","message":"HTTP request","meta":{"request_id":"131d19bf12b11f1340511255","method":"GET","path":"/summary","status":304,"duration_ms":78,"user_id":2,"role":"kabag"}}
{"time":"2026-09-11T03:39:58.247Z","level":"info","message":"HTTP request","meta":{"request_id":"83c1470c8e0947f925be901d","method":"GET","path":"/summary","status":304,"duration_ms":9,"user_id":2,"role":"kabag"}}
{"time":"2026-09-11T03:39:58.253Z","level":"info","message":"HTTP request","meta":{"request_id":"884bb479c2499db4ad6f6f53","method":"GET","path":"/activities","status":304,"duration_ms":102,"user_id":2,"role":"kabag"}}
{"time":"2026-09-11T03:39:58.264Z","level":"info","message":"HTTP request","meta":{"request_id":"6bca467b51f59595a198fb63","method":"GET","path":"/activities","status":304,"duration_ms":4,"user_id":2,"role":"kabag"}}
{"time":"2026-09-11T03:39:58.997Z","level":"info","message":"HTTP request","meta":{"request_id":"3544e7ba40ae571564ec8238","method":"GET","path":"/","status":304,"duration_ms":12,"user_id":2,"role":"kabag"}}
{"time":"2026-09-11T03:39:59.009Z","level":"info","message":"HTTP request","meta":{"request_id":"f27b6da3c588563b8fcd54eb","method":"GET","path":"/","status":304,"duration_ms":11,"user_id":2,"role":"kabag"}}
{"time":"2026-09-11T03:40:01.040Z","level":"info","message":"HTTP request","meta":{"request_id":"4e658b22d2c68e64b3dc80b4","method":"GET","path":"/","status":304,"duration_ms":2,"user_id":2,"role":"kabag"}}
{"time":"2026-09-11T03:40:01.044Z","level":"info","message":"HTTP request","meta":{"request_id":"cfb7aa767f9de4ca757fb2c6","method":"GET","path":"/","status":304,"duration_ms":2,"user_id":2,"role":"kabag"}}
{"time":"2026-09-11T03:40:11.366Z","level":"info","message":"HTTP request","meta":{"request_id":"902e601486e8c1a20a83dec1","method":"GET","path":"/","status":304,"duration_ms":7,"user_id":2,"role":"kabag"}}
{"time":"2026-09-11T03:40:11.370Z","level":"info","message":"HTTP request","meta":{"request_id":"808d9e03ef048a134a3b8e97","method":"GET","path":"/","status":304,"duration_ms":1,"user_id":2,"role":"kabag"}}
{"time":"2026-09-11T03:40:11.906Z","level":"info","message":"HTTP request","meta":{"request_id":"c8a3123dcce64e4dd90dc51e","method":"GET","path":"/","status":304,"duration_ms":4,"user_id":2,"role":"kabag"}}
{"time":"2026-09-11T03:40:11.910Z","level":"info","message":"HTTP request","meta":{"request_id":"b5dc7af63f85c9c3b5b57ba5","method":"GET","path":"/","status":304,"duration_ms":3,"user_id":2,"role":"kabag"}}
{"time":"2026-09-11T03:40:12.691Z","level":"info","message":"HTTP request","meta":{"request_id":"1971c93d0dfa6ada6b96ce3d","method":"GET","path":"/","status":304,"duration_ms":2,"user_id":2,"role":"kabag"}}
{"time":"2026-09-11T03:40:12.698Z","level":"info","message":"HTTP request","meta":{"request_id":"df87d9522a1f29bd35c4cd93","method":"GET","path":"/","status":304,"duration_ms":3,"user_id":2,"role":"kabag"}}
{"time":"2026-09-11T03:40:13.649Z","level":"info","message":"HTTP request","meta":{"request_id":"50bd381a2fdbd03249a41010","method":"GET","path":"/","status":304,"duration_ms":2,"user_id":2,"role":"kabag"}}
{"time":"2026-09-11T03:40:13.653Z","level":"info","message":"HTTP request","meta":{"request_id":"8240576f1c020f05aaf5ec5f","method":"GET","path":"/","status":304,"duration_ms":2,"user_id":2,"role":"kabag"}}
{"time":"2026-09-11T03:40:17.740Z","level":"info","message":"HTTP request","meta":{"request_id":"47ee719fdc27fef0619a3e94","method":"GET","path":"/","status":304,"duration_ms":2,"user_id":2,"role":"kabag"}}
{"time":"2026-09-11T03:40:17.743Z","level":"info","message":"HTTP request","meta":{"request_id":"649f4f1ef156f1a3c3910f42","method":"GET","path":"/","status":304,"duration_ms":2,"user_id":2,"role":"kabag"}}
{"time":"2026-09-11T03:40:44.696Z","level":"info","message":"HTTP request","meta":{"request_id":"345465fb0024030e845fddd8","method":"GET","path":"/","status":304,"duration_ms":1,"user_id":2,"role":"kabag"}}
{"time":"2026-09-11T03:40:44.699Z","level":"info","message":"HTTP request","meta":{"request_id":"bdc24f4d9ab33c7133b977c0","method":"GET","path":"/","status":304,"duration_ms":1,"user_id":2,"role":"kabag"}}
{"time":"2026-09-11T03:40:45.350Z","level":"info","message":"HTTP request","meta":{"request_id":"cb8e4173b5d100cffa55225a","method":"GET","path":"/","status":304,"duration_ms":3,"user_id":2,"role":"kabag"}}
{"time":"2026-09-11T03:40:45.356Z","level":"info","message":"HTTP request","meta":{"request_id":"b386e2830bb9035a30463beb","method":"GET","path":"/","status":304,"duration_ms":4,"user_id":2,"role":"kabag"}}
{"time":"2026-09-11T03:40:45.998Z","level":"info","message":"HTTP request","meta":{"request_id":"15182593ed30e25bdb4e35de","method":"GET","path":"/","status":304,"duration_ms":11,"user_id":2,"role":"kabag"}}
{"time":"2026-09-11T03:40:46.024Z","level":"info","message":"HTTP request","meta":{"request_id":"5f977524e543defbe7145f91","method":"GET","path":"/","status":304,"duration_ms":22,"user_id":2,"role":"kabag"}}
{"time":"2026-09-11T03:40:46.434Z","level":"info","message":"DB connected","meta":{"database":"biro_umum_db","host":"localhost","port":5432}}
{"time":"2026-09-11T03:40:46.441Z","level":"info","message":"HTTP request","meta":{"request_id":"6586d1513bee3fd18cfb9817","method":"GET","path":"/summary","status":304,"duration_ms":61,"user_id":2,"role":"kabag"}}
{"time":"2026-09-11T03:40:46.442Z","level":"info","message":"DB connected","meta":{"database":"biro_umum_db","host":"localhost","port":5432}}
{"time":"2026-09-11T03:40:46.451Z","level":"info","message":"HTTP request","meta":{"request_id":"84effac51602969595240174","method":"GET","path":"/summary","status":304,"duration_ms":6,"user_id":2,"role":"kabag"}}
{"time":"2026-09-11T03:40:46.455Z","level":"info","message":"HTTP request","meta":{"request_id":"f37d19151c589aed74640c9a","method":"GET","path":"/activities","status":304,"duration_ms":73,"user_id":2,"role":"kabag"}}
{"time":"2026-09-11T03:40:46.459Z","level":"info","message":"HTTP request","meta":{"request_id":"81a8e536a67f56e860cce554","method":"GET","path":"/activities","status":304,"duration_ms":3,"user_id":2,"role":"kabag"}}
{"time":"2026-09-11T03:40:48.160Z","level":"info","message":"HTTP request","meta":{"request_id":"296726b81038800938c44717","method":"GET","path":"/","status":304,"duration_ms":7,"user_id":2,"role":"kabag"}}
{"time":"2026-09-11T03:40:48.163Z","level":"info","message":"HTTP request","meta":{"request_id":"654cdf74ea213eb7efd4fc82","method":"GET","path":"/","status":304,"duration_ms":1,"user_id":2,"role":"kabag"}}
{"time":"2026-09-11T03:40:49.222Z","level":"info","message":"HTTP request","meta":{"request_id":"7d910bd356e66f407e80b91c","method":"GET","path":"/summary","status":304,"duration_ms":3,"user_id":2,"role":"kabag"}}
{"time":"2026-09-11T03:40:49.225Z","level":"info","message":"HTTP request","meta":{"request_id":"96610e31dde7c22b51d3d1fc","method":"GET","path":"/activities","status":304,"duration_ms":5,"user_id":2,"role":"kabag"}}
{"time":"2026-09-11T03:40:49.234Z","level":"info","message":"HTTP request","meta":{"request_id":"9abf0d024a32d126d4a915e6","method":"GET","path":"/summary","status":304,"duration_ms":5,"user_id":2,"role":"kabag"}}
{"time":"2026-09-11T03:40:49.240Z","level":"info","message":"HTTP request","meta":{"request_id":"c14c946dbb4a6bea2f21563f","method":"GET","path":"/activities","status":304,"duration_ms":10,"user_id":2,"role":"kabag"}}
{"time":"2026-09-11T03:40:50.156Z","level":"info","message":"HTTP request","meta":{"request_id":"edfb1bbc8a0bb03961ad3776","method":"GET","path":"/","status":304,"duration_ms":6,"user_id":2,"role":"kabag"}}
{"time":"2026-09-11T03:40:50.162Z","level":"info","message":"HTTP request","meta":{"request_id":"cc8c5b425e2222ecf463ec2f","method":"GET","path":"/","status":304,"duration_ms":4,"user_id":2,"role":"kabag"}}
{"time":"2026-09-11T03:40:51.217Z","level":"info","message":"HTTP request","meta":{"request_id":"b83d405cca503867ecfb3ad2","method":"GET","path":"/summary","status":304,"duration_ms":3,"user_id":2,"role":"kabag"}}
{"time":"2026-09-11T03:40:51.219Z","level":"info","message":"HTTP request","meta":{"request_id":"a5e64a7ef37d55da3dde6610","method":"GET","path":"/activities","status":304,"duration_ms":4,"user_id":2,"role":"kabag"}}
{"time":"2026-09-11T03:40:51.226Z","level":"info","message":"HTTP request","meta":{"request_id":"36afb86fc6e81d040714c0b5","method":"GET","path":"/summary","status":304,"duration_ms":3,"user_id":2,"role":"kabag"}}
{"time":"2026-09-11T03:40:51.231Z","level":"info","message":"HTTP request","meta":{"request_id":"6248702d49e434fa07fa613d","method":"GET","path":"/activities","status":304,"duration_ms":7,"user_id":2,"role":"kabag"}}
{"time":"2026-09-11T03:42:02.694Z","level":"info","message":"DB connected","meta":{"database":"biro_umum_db","host":"localhost","port":5432}}
{"time":"2026-09-11T03:42:02.708Z","level":"info","message":"HTTP request","meta":{"request_id":"a301abe1383492000c25d495","method":"GET","path":"/","status":304,"duration_ms":52,"user_id":2,"role":"kabag"}}
{"time":"2026-09-11T03:42:02.717Z","level":"info","message":"HTTP request","meta":{"request_id":"bdd6542e2ee78b958fcfbecb","method":"GET","path":"/","status":304,"duration_ms":8,"user_id":2,"role":"kabag"}}
{"time":"2026-09-11T03:42:03.493Z","level":"info","message":"HTTP request","meta":{"request_id":"826c91a979188b0b04d53d90","method":"GET","path":"/","status":304,"duration_ms":6,"user_id":2,"role":"kabag"}}
{"time":"2026-09-11T03:42:03.497Z","level":"info","message":"HTTP request","meta":{"request_id":"dc3f2bc3e47bdf9d292af62d","method":"GET","path":"/","status":304,"duration_ms":1,"user_id":2,"role":"kabag"}}
{"time":"2026-09-11T03:42:04.586Z","level":"info","message":"DB connected","meta":{"database":"biro_umum_db","host":"localhost","port":5432}}
{"time":"2026-09-11T03:42:04.591Z","level":"info","message":"DB connected","meta":{"database":"biro_umum_db","host":"localhost","port":5432}}
{"time":"2026-09-11T03:42:04.594Z","level":"info","message":"HTTP request","meta":{"request_id":"c7aebd7d9d2b5dd6b1a326db","method":"GET","path":"/summary","status":304,"duration_ms":65,"user_id":2,"role":"kabag"}}
{"time":"2026-09-11T03:42:04.606Z","level":"info","message":"HTTP request","meta":{"request_id":"15d04b02999bd64e1e906b87","method":"GET","path":"/activities","status":304,"duration_ms":75,"user_id":2,"role":"kabag"}}
{"time":"2026-09-11T03:42:04.615Z","level":"info","message":"HTTP request","meta":{"request_id":"2eb4473aaed4b2490f6c36f9","method":"GET","path":"/summary","status":304,"duration_ms":15,"user_id":2,"role":"kabag"}}
{"time":"2026-09-11T03:42:04.620Z","level":"info","message":"HTTP request","meta":{"request_id":"52cfef9605e27715dd2e5de5","method":"GET","path":"/activities","status":304,"duration_ms":7,"user_id":2,"role":"kabag"}}
{"time":"2026-09-11T04:58:03.433Z","level":"info","message":"DB connected","meta":{"database":"biro_umum_db","host":"localhost","port":5432}}
{"time":"2026-09-11T04:58:03.439Z","level":"info","message":"HTTP request","meta":{"request_id":"51c576439028f75076838c0e","method":"GET","path":"/","status":304,"duration_ms":45,"user_id":2,"role":"kabag"}}
{"time":"2026-09-11T04:58:03.443Z","level":"info","message":"HTTP request","meta":{"request_id":"064b807f1e594fd92d77c303","method":"GET","path":"/","status":304,"duration_ms":2,"user_id":2,"role":"kabag"}}
{"time":"2026-09-11T04:58:03.931Z","level":"info","message":"HTTP request","meta":{"request_id":"9980d1643247df7df325d485","method":"GET","path":"/","status":304,"duration_ms":7,"user_id":2,"role":"kabag"}}
{"time":"2026-09-11T04:58:03.934Z","level":"info","message":"HTTP request","meta":{"request_id":"6ce54f6c96384ebf39858054","method":"GET","path":"/","status":304,"duration_ms":1,"user_id":2,"role":"kabag"}}
{"time":"2026-09-11T04:58:04.445Z","level":"info","message":"DB connected","meta":{"database":"biro_umum_db","host":"localhost","port":5432}}
{"time":"2026-09-11T04:58:04.452Z","level":"info","message":"HTTP request","meta":{"request_id":"7861e1f287c4f938ab5e4e4f","method":"GET","path":"/activities","status":304,"duration_ms":52,"user_id":2,"role":"kabag"}}
{"time":"2026-09-11T04:58:04.456Z","level":"info","message":"HTTP request","meta":{"request_id":"45b419b20476287678ed06ea","method":"GET","path":"/activities","status":304,"duration_ms":2,"user_id":2,"role":"kabag"}}
{"time":"2026-09-11T04:58:04.536Z","level":"info","message":"DB connected","meta":{"database":"biro_umum_db","host":"localhost","port":5432}}
{"time":"2026-09-11T04:58:04.540Z","level":"info","message":"HTTP request","meta":{"request_id":"8ca199bedf40f6eabfff6db3","method":"GET","path":"/summary","status":304,"duration_ms":142,"user_id":2,"role":"kabag"}}
{"time":"2026-09-11T04:58:04.547Z","level":"info","message":"HTTP request","meta":{"request_id":"d335546a61c4e55e1cbf261f","method":"GET","path":"/summary","status":304,"duration_ms":3,"user_id":2,"role":"kabag"}}
{"time":"2026-09-11T04:58:06.300Z","level":"info","message":"HTTP request","meta":{"request_id":"ffaa5524dff93e9dba27fd4a","method":"GET","path":"/","status":304,"duration_ms":14,"user_id":2,"role":"kabag"}}
{"time":"2026-09-11T04:58:06.314Z","level":"info","message":"HTTP request","meta":{"request_id":"68d60fea5de5fb8f596a0185","method":"GET","path":"/","status":304,"duration_ms":11,"user_id":2,"role":"kabag"}}
{"time":"2026-09-11T04:58:30.217Z","level":"info","message":"HTTP request","meta":{"request_id":"321522394b280b93917ea635","method":"PUT","path":"/5","status":200,"duration_ms":46,"user_id":2,"role":"kabag"}}
{"time":"2026-09-11T04:58:30.243Z","level":"info","message":"HTTP request","meta":{"request_id":"85c71d5a126e6df40435893c","method":"PUT","path":"/5","status":200,"duration_ms":65,"user_id":2,"role":"kabag"}}
{"time":"2026-09-11T04:58:33.248Z","level":"info","message":"HTTP request","meta":{"request_id":"7d6bd1807d6a58d13f2a94e8","method":"PUT","path":"/5","status":200,"duration_ms":22,"user_id":2,"role":"kabag"}}
{"time":"2026-09-11T04:58:34.546Z","level":"info","message":"HTTP request","meta":{"request_id":"f50f5f75f4bc2b2553c62719","method":"PUT","path":"/5","status":200,"duration_ms":25,"user_id":2,"role":"kabag"}}
{"time":"2026-09-11T04:58:42.408Z","level":"info","message":"HTTP request","meta":{"request_id":"1f30a106786f6c3d4d470296","method":"GET","path":"/summary","status":200,"duration_ms":4,"user_id":2,"role":"kabag"}}
{"time":"2026-09-11T04:58:42.414Z","level":"info","message":"HTTP request","meta":{"request_id":"2651dca9c0e1deb73fd1ff96","method":"GET","path":"/summary","status":304,"duration_ms":2,"user_id":2,"role":"kabag"}}
{"time":"2026-09-11T04:58:42.460Z","level":"info","message":"DB connected","meta":{"database":"biro_umum_db","host":"localhost","port":5432}}
{"time":"2026-09-11T04:58:42.467Z","level":"info","message":"HTTP request","meta":{"request_id":"fc4837eba350d9860f72df00","method":"GET","path":"/activities","status":200,"duration_ms":62,"user_id":2,"role":"kabag"}}
{"time":"2026-09-11T04:58:42.470Z","level":"info","message":"HTTP request","meta":{"request_id":"2eb7082324089c37261c3449","method":"GET","path":"/activities","status":304,"duration_ms":2,"user_id":2,"role":"kabag"}}
{"time":"2026-09-11T04:58:42.890Z","level":"info","message":"HTTP request","meta":{"request_id":"00df2b9490b49afc48a39a4c","method":"GET","path":"/","status":200,"duration_ms":11,"user_id":2,"role":"kabag"}}
{"time":"2026-09-11T04:58:42.905Z","level":"info","message":"HTTP request","meta":{"request_id":"9fb03e953d21d000f7eb629c","method":"GET","path":"/","status":304,"duration_ms":12,"user_id":2,"role":"kabag"}}
{"time":"2026-09-11T04:58:43.622Z","level":"info","message":"HTTP request","meta":{"request_id":"98a083728f1fe4f866bcfddd","method":"GET","path":"/","status":304,"duration_ms":3,"user_id":2,"role":"kabag"}}
{"time":"2026-09-11T04:58:43.627Z","level":"info","message":"HTTP request","meta":{"request_id":"8be2e535799ad75017e9041a","method":"GET","path":"/","status":304,"duration_ms":3,"user_id":2,"role":"kabag"}}
{"time":"2026-09-11T04:58:43.987Z","level":"info","message":"HTTP request","meta":{"request_id":"1ff701d75171a7a2ab512d18","method":"GET","path":"/","status":304,"duration_ms":4,"user_id":2,"role":"kabag"}}
{"time":"2026-09-11T04:58:43.989Z","level":"info","message":"HTTP request","meta":{"request_id":"6b858774970462d0459b0315","method":"GET","path":"/","status":304,"duration_ms":1,"user_id":2,"role":"kabag"}}
{"time":"2026-09-11T04:58:44.318Z","level":"info","message":"HTTP request","meta":{"request_id":"baf3109be565fc7cdc79f80a","method":"GET","path":"/","status":304,"duration_ms":4,"user_id":2,"role":"kabag"}}
{"time":"2026-09-11T04:58:44.321Z","level":"info","message":"HTTP request","meta":{"request_id":"8321b6f0df47de2a2851b5bd","method":"GET","path":"/","status":304,"duration_ms":2,"user_id":2,"role":"kabag"}}
{"time":"2026-09-11T04:58:44.717Z","level":"info","message":"HTTP request","meta":{"request_id":"55dd4827baccdea3286ed7d3","method":"GET","path":"/","status":304,"duration_ms":1,"user_id":2,"role":"kabag"}}
{"time":"2026-09-11T04:58:44.720Z","level":"info","message":"HTTP request","meta":{"request_id":"7aab188a15d7b9dd3906b386","method":"GET","path":"/","status":304,"duration_ms":2,"user_id":2,"role":"kabag"}}
{"time":"2026-09-11T04:58:45.108Z","level":"info","message":"HTTP request","meta":{"request_id":"8566ba059f24807b92a3b1fa","method":"GET","path":"/","status":304,"duration_ms":9,"user_id":2,"role":"kabag"}}
{"time":"2026-09-11T04:58:45.119Z","level":"info","message":"HTTP request","meta":{"request_id":"f79dad05baf2ac55242d70f5","method":"GET","path":"/","status":304,"duration_ms":10,"user_id":2,"role":"kabag"}}
{"time":"2026-09-11T04:58:45.548Z","level":"info","message":"HTTP request","meta":{"request_id":"461b5160e7f9e3b461f84695","method":"GET","path":"/summary","status":304,"duration_ms":3,"user_id":2,"role":"kabag"}}
{"time":"2026-09-11T04:58:45.553Z","level":"info","message":"HTTP request","meta":{"request_id":"48856850791fec22a619d966","method":"GET","path":"/activities","status":304,"duration_ms":7,"user_id":2,"role":"kabag"}}
{"time":"2026-09-11T04:58:45.558Z","level":"info","message":"HTTP request","meta":{"request_id":"d6c04ac74ec5777ba527450f","method":"GET","path":"/summary","status":304,"duration_ms":7,"user_id":2,"role":"kabag"}}
{"time":"2026-09-11T04:58:45.564Z","level":"info","message":"HTTP request","meta":{"request_id":"31cfc11d7670f828e9954c25","method":"GET","path":"/activities","status":304,"duration_ms":4,"user_id":2,"role":"kabag"}}
{"time":"2026-09-11T04:58:45.975Z","level":"info","message":"HTTP request","meta":{"request_id":"4ef63e97a46fe4a44e1fe6ef","method":"GET","path":"/","status":304,"duration_ms":11,"user_id":2,"role":"kabag"}}
{"time":"2026-09-11T04:58:45.988Z","level":"info","message":"HTTP request","meta":{"request_id":"c3cf5d1797aa1bf60f5a0c54","method":"GET","path":"/","status":304,"duration_ms":12,"user_id":2,"role":"kabag"}}
{"time":"2026-09-11T04:58:46.418Z","level":"info","message":"HTTP request","meta":{"request_id":"83b08e614c89c7c182eb3593","method":"GET","path":"/","status":304,"duration_ms":2,"user_id":2,"role":"kabag"}}
{"time":"2026-09-11T04:58:46.421Z","level":"info","message":"HTTP request","meta":{"request_id":"6e442092b7eeb942e3b2f415","method":"GET","path":"/","status":304,"duration_ms":2,"user_id":2,"role":"kabag"}}
{"time":"2026-09-11T04:58:47.059Z","level":"info","message":"HTTP request","meta":{"request_id":"8ba114527400815dc4ca424d","method":"GET","path":"/","status":304,"duration_ms":5,"user_id":2,"role":"kabag"}}
{"time":"2026-09-11T04:58:47.062Z","level":"info","message":"HTTP request","meta":{"request_id":"7907eff756df48369fe51534","method":"GET","path":"/","status":304,"duration_ms":2,"user_id":2,"role":"kabag"}}
{"time":"2026-09-11T04:58:47.440Z","level":"info","message":"HTTP request","meta":{"request_id":"e6e22a7d67567b3a94e2f148","method":"GET","path":"/","status":304,"duration_ms":2,"user_id":2,"role":"kabag"}}
{"time":"2026-09-11T04:58:47.443Z","level":"info","message":"HTTP request","meta":{"request_id":"bbd3acdf083cb8d64af9cded","method":"GET","path":"/","status":304,"duration_ms":2,"user_id":2,"role":"kabag"}}
{"time":"2026-09-11T04:58:47.811Z","level":"info","message":"HTTP request","meta":{"request_id":"a073af381fb13d5c3e06960c","method":"GET","path":"/","status":304,"duration_ms":6,"user_id":2,"role":"kabag"}}
{"time":"2026-09-11T04:58:47.821Z","level":"info","message":"HTTP request","meta":{"request_id":"85b0213be021d7141a46718e","method":"GET","path":"/","status":304,"duration_ms":7,"user_id":2,"role":"kabag"}}
{"time":"2026-09-11T04:58:48.568Z","level":"info","message":"HTTP request","meta":{"request_id":"8868d1bbdc8fadd4fa7119fe","method":"GET","path":"/","status":304,"duration_ms":3,"user_id":2,"role":"kabag"}}
{"time":"2026-09-11T04:58:48.575Z","level":"info","message":"HTTP request","meta":{"request_id":"57fd9d09408286df07e2b40c","method":"GET","path":"/","status":304,"duration_ms":3,"user_id":2,"role":"kabag"}}
{"time":"2026-09-11T04:58:49.031Z","level":"info","message":"HTTP request","meta":{"request_id":"600fee46146fd7558d7da66f","method":"GET","path":"/","status":304,"duration_ms":6,"user_id":2,"role":"kabag"}}
{"time":"2026-09-11T04:58:49.042Z","level":"info","message":"HTTP request","meta":{"request_id":"01de9c615a0556119b5f2eff","method":"GET","path":"/","status":304,"duration_ms":10,"user_id":2,"role":"kabag"}}
{"time":"2026-09-11T04:58:51.182Z","level":"info","message":"HTTP request","meta":{"request_id":"4b3ba44a6fa009864191414d","method":"GET","path":"/","status":200,"duration_ms":2,"user_id":2,"role":"kabag"}}
{"time":"2026-09-11T04:58:52.023Z","level":"info","message":"HTTP request","meta":{"request_id":"50e880d8f4542c8dac1b7b82","method":"GET","path":"/","status":200,"duration_ms":2,"user_id":2,"role":"kabag"}}
{"time":"2026-09-11T04:58:52.970Z","level":"info","message":"HTTP request","meta":{"request_id":"cda414edab5181f456786dbe","method":"GET","path":"/","status":200,"duration_ms":1,"user_id":2,"role":"kabag"}}
{"time":"2026-09-11T04:58:53.823Z","level":"info","message":"HTTP request","meta":{"request_id":"65e97a30b554bd7356aa39c5","method":"GET","path":"/","status":200,"duration_ms":7,"user_id":2,"role":"kabag"}}
{"time":"2026-09-11T04:58:54.897Z","level":"info","message":"HTTP request","meta":{"request_id":"ace242b19748b8c2eba67bf2","method":"GET","path":"/","status":304,"duration_ms":8,"user_id":2,"role":"kabag"}}
{"time":"2026-09-11T04:58:55.686Z","level":"info","message":"HTTP request","meta":{"request_id":"33233d088c209d7c82535db9","method":"GET","path":"/","status":200,"duration_ms":2,"user_id":2,"role":"kabag"}}
{"time":"2026-09-11T04:58:56.709Z","level":"info","message":"HTTP request","meta":{"request_id":"a74aed3466d18edfa2ef93af","method":"GET","path":"/","status":200,"duration_ms":7,"user_id":2,"role":"kabag"}}
{"time":"2026-09-11T04:59:02.705Z","level":"info","message":"HTTP request","meta":{"request_id":"62e8fbecbf6823c32d1edf0d","method":"GET","path":"/","status":304,"duration_ms":6,"user_id":2,"role":"kabag"}}
{"time":"2026-09-11T05:12:31.240Z","level":"info","message":"DB connected","meta":{"database":"biro_umum_db","host":"localhost","port":5432}}
{"time":"2026-09-11T05:12:31.257Z","level":"info","message":"HTTP request","meta":{"request_id":"70dfb2d9487adb0cc9af5a87","method":"GET","path":"/","status":304,"duration_ms":97,"user_id":2,"role":"kabag"}}
{"time":"2026-09-11T05:13:04.701Z","level":"info","message":"DB connected","meta":{"database":"biro_umum_db","host":"localhost","port":5432}}
{"time":"2026-09-11T05:13:08.297Z","level":"info","message":"HTTP request","meta":{"request_id":"d42e5d1582e51a227c096c64","method":"GET","path":"/me","status":304,"duration_ms":13,"user_id":2,"role":"kabag"}}
{"time":"2026-09-11T05:13:08.302Z","level":"info","message":"HTTP request","meta":{"request_id":"eb4a2100d55f851b48e4a16a","method":"GET","path":"/me","status":304,"duration_ms":3,"user_id":2,"role":"kabag"}}
{"time":"2026-09-11T05:13:08.399Z","level":"info","message":"HTTP request","meta":{"request_id":"cc9d01a8f1ea97791366eb33","method":"GET","path":"/","status":304,"duration_ms":10,"user_id":2,"role":"kabag"}}
{"time":"2026-09-11T05:13:08.409Z","level":"info","message":"HTTP request","meta":{"request_id":"c1b5dde75e62fa85d759f98e","method":"GET","path":"/","status":304,"duration_ms":8,"user_id":2,"role":"kabag"}}
{"time":"2026-09-11T05:13:08.452Z","level":"info","message":"HTTP request","meta":{"request_id":"cf009338b22e3a2ec2fd7139","method":"GET","path":"/api/health","status":304,"duration_ms":1,"user_id":null,"role":null}}
{"time":"2026-09-11T05:13:11.239Z","level":"info","message":"HTTP request","meta":{"request_id":"6f714ce262db691a6af6ef5c","method":"GET","path":"/me","status":304,"duration_ms":2,"user_id":2,"role":"kabag"}}
{"time":"2026-09-11T05:13:11.243Z","level":"info","message":"HTTP request","meta":{"request_id":"59690639aacfad4ac1f693d7","method":"GET","path":"/me","status":304,"duration_ms":2,"user_id":2,"role":"kabag"}}
{"time":"2026-09-11T05:13:11.309Z","level":"info","message":"HTTP request","meta":{"request_id":"2cec319082e6e04e38647e49","method":"GET","path":"/","status":304,"duration_ms":8,"user_id":2,"role":"kabag"}}
{"time":"2026-09-11T05:13:11.326Z","level":"info","message":"HTTP request","meta":{"request_id":"f5dbdc7accb0f39b5794ca22","method":"GET","path":"/","status":304,"duration_ms":15,"user_id":2,"role":"kabag"}}
{"time":"2026-09-11T05:13:12.425Z","level":"info","message":"DB connected","meta":{"database":"biro_umum_db","host":"localhost","port":5432}}
{"time":"2026-09-11T05:13:12.442Z","level":"info","message":"HTTP request","meta":{"request_id":"87073be4d2192a50e4c48c83","method":"GET","path":"/summary","status":304,"duration_ms":110,"user_id":2,"role":"kabag"}}
{"time":"2026-09-11T05:13:12.451Z","level":"info","message":"DB connected","meta":{"database":"biro_umum_db","host":"localhost","port":5432}}
{"time":"2026-09-11T05:13:12.459Z","level":"info","message":"HTTP request","meta":{"request_id":"ee04719e440c62bf456b2bdf","method":"GET","path":"/summary","status":304,"duration_ms":11,"user_id":2,"role":"kabag"}}
{"time":"2026-09-11T05:13:12.470Z","level":"info","message":"HTTP request","meta":{"request_id":"922a13a442ccf2f9e24d198a","method":"GET","path":"/activities","status":304,"duration_ms":130,"user_id":2,"role":"kabag"}}
{"time":"2026-09-11T05:13:12.479Z","level":"info","message":"HTTP request","meta":{"request_id":"920fcf9940428b98f9fe050f","method":"GET","path":"/activities","status":304,"duration_ms":3,"user_id":2,"role":"kabag"}}
{"time":"2026-09-11T05:13:13.840Z","level":"info","message":"HTTP request","meta":{"request_id":"0503bd971409b82e32a742c3","method":"GET","path":"/","status":304,"duration_ms":21,"user_id":2,"role":"kabag"}}
{"time":"2026-09-11T05:13:13.858Z","level":"info","message":"HTTP request","meta":{"request_id":"db939f1e304b18a4efb82735","method":"GET","path":"/","status":304,"duration_ms":14,"user_id":2,"role":"kabag"}}
{"time":"2026-09-11T05:13:14.651Z","level":"info","message":"HTTP request","meta":{"request_id":"8dd9d2407852f2fafcb469e5","method":"GET","path":"/","status":304,"duration_ms":3,"user_id":2,"role":"kabag"}}
{"time":"2026-09-11T05:13:14.656Z","level":"info","message":"HTTP request","meta":{"request_id":"70044c3e80e89ff731ad091d","method":"GET","path":"/","status":304,"duration_ms":3,"user_id":2,"role":"kabag"}}
{"time":"2026-09-11T05:13:15.075Z","level":"info","message":"HTTP request","meta":{"request_id":"e172c956d2d2ce3c6b7db795","method":"GET","path":"/","status":304,"duration_ms":6,"user_id":2,"role":"kabag"}}
{"time":"2026-09-11T05:13:15.078Z","level":"info","message":"HTTP request","meta":{"request_id":"9e055c2242e7ea633b1b71ae","method":"GET","path":"/","status":304,"duration_ms":2,"user_id":2,"role":"kabag"}}
{"time":"2026-09-11T05:13:15.512Z","level":"info","message":"HTTP request","meta":{"request_id":"ef1079687192df09c368fd75","method":"GET","path":"/","status":304,"duration_ms":5,"user_id":2,"role":"kabag"}}
{"time":"2026-09-11T05:13:15.515Z","level":"info","message":"HTTP request","meta":{"request_id":"c8b45cbe41c251e97fe88945","method":"GET","path":"/","status":304,"duration_ms":1,"user_id":2,"role":"kabag"}}
{"time":"2026-09-11T05:13:16.492Z","level":"info","message":"HTTP request","meta":{"request_id":"d0248ebc8084fc903bc100bd","method":"GET","path":"/","status":304,"duration_ms":2,"user_id":2,"role":"kabag"}}
{"time":"2026-09-11T05:13:16.496Z","level":"info","message":"HTTP request","meta":{"request_id":"8751a5cb9e376c43b295b6cf","method":"GET","path":"/","status":304,"duration_ms":2,"user_id":2,"role":"kabag"}}
{"time":"2026-09-11T05:13:16.832Z","level":"info","message":"HTTP request","meta":{"request_id":"6fcc08c7534313847debbb47","method":"GET","path":"/","status":304,"duration_ms":3,"user_id":2,"role":"kabag"}}
{"time":"2026-09-11T05:13:16.836Z","level":"info","message":"HTTP request","meta":{"request_id":"0bcace94cf9b6e15eb15ea78","method":"GET","path":"/","status":304,"duration_ms":2,"user_id":2,"role":"kabag"}}
{"time":"2026-09-11T05:13:17.116Z","level":"info","message":"HTTP request","meta":{"request_id":"49e311ff47cd946667d066ae","method":"GET","path":"/","status":304,"duration_ms":8,"user_id":2,"role":"kabag"}}
{"time":"2026-09-11T05:13:17.129Z","level":"info","message":"HTTP request","meta":{"request_id":"2e82320a869729892f460a19","method":"GET","path":"/","status":304,"duration_ms":11,"user_id":2,"role":"kabag"}}
{"time":"2026-09-11T05:13:17.439Z","level":"info","message":"HTTP request","meta":{"request_id":"9921eac8e9f55b9eec7a3516","method":"GET","path":"/summary","status":304,"duration_ms":2,"user_id":2,"role":"kabag"}}
{"time":"2026-09-11T05:13:17.442Z","level":"info","message":"HTTP request","meta":{"request_id":"a610b2425aea9e9145a95e97","method":"GET","path":"/activities","status":304,"duration_ms":4,"user_id":2,"role":"kabag"}}
{"time":"2026-09-11T05:13:17.447Z","level":"info","message":"HTTP request","meta":{"request_id":"90c06ebc9596bbcf7c7c6886","method":"GET","path":"/summary","status":304,"duration_ms":3,"user_id":2,"role":"kabag"}}
{"time":"2026-09-11T05:13:17.451Z","level":"info","message":"HTTP request","meta":{"request_id":"0e7a2f5cd1d815baca2fea07","method":"GET","path":"/activities","status":304,"duration_ms":6,"user_id":2,"role":"kabag"}}
{"time":"2026-09-11T05:15:18.976Z","level":"info","message":"DB connected","meta":{"database":"biro_umum_db","host":"localhost","port":5432}}
{"time":"2026-09-11T05:15:19.293Z","level":"info","message":"DB connected","meta":{"database":"biro_umum_db","host":"localhost","port":5432}}
{"time":"2026-09-11T05:15:19.337Z","level":"info","message":"DB connected","meta":{"database":"biro_umum_db","host":"localhost","port":5432}}
{"time":"2026-09-11T05:15:19.650Z","level":"info","message":"HTTP request","meta":{"request_id":"1b70e1f5a1e6079a70ec39e3","method":"GET","path":"/me","status":304,"duration_ms":8,"user_id":2,"role":"kabag"}}
{"time":"2026-09-11T05:15:19.655Z","level":"info","message":"HTTP request","meta":{"request_id":"faa4564b11b54031f9c1ab27","method":"GET","path":"/me","status":304,"duration_ms":2,"user_id":2,"role":"kabag"}}
{"time":"2026-09-11T05:15:19.760Z","level":"info","message":"HTTP request","meta":{"request_id":"e37fb61f068eef03773e67dc","method":"GET","path":"/summary","status":200,"duration_ms":3,"user_id":2,"role":"kabag"}}
{"time":"2026-09-11T05:15:19.764Z","level":"info","message":"HTTP request","meta":{"request_id":"633b7bce07aa8c84e48f2c97","method":"GET","path":"/activities","status":200,"duration_ms":6,"user_id":2,"role":"kabag"}}
{"time":"2026-09-11T05:15:19.766Z","level":"info","message":"HTTP request","meta":{"request_id":"21f25db5963cf0fa2f996255","method":"GET","path":"/summary","status":304,"duration_ms":3,"user_id":2,"role":"kabag"}}
{"time":"2026-09-11T05:15:19.770Z","level":"info","message":"HTTP request","meta":{"request_id":"835d620b008551ac8e72c91b","method":"GET","path":"/activities","status":304,"duration_ms":2,"user_id":2,"role":"kabag"}}
{"time":"2026-09-11T05:15:32.674Z","level":"info","message":"DB connected","meta":{"database":"biro_umum_db","host":"localhost","port":5432}}
{"time":"2026-09-11T05:15:51.697Z","level":"info","message":"HTTP request","meta":{"request_id":"367095bf30eb096e05ad03ad","method":"GET","path":"/me","status":304,"duration_ms":12,"user_id":2,"role":"kabag"}}
{"time":"2026-09-11T05:15:51.703Z","level":"info","message":"HTTP request","meta":{"request_id":"20d40085271a34a75b0ac8a8","method":"GET","path":"/me","status":304,"duration_ms":3,"user_id":2,"role":"kabag"}}
{"time":"2026-09-11T05:15:51.861Z","level":"info","message":"DB connected","meta":{"database":"biro_umum_db","host":"localhost","port":5432}}
{"time":"2026-09-11T05:15:51.871Z","level":"info","message":"HTTP request","meta":{"request_id":"d7976df57247671064655c82","method":"GET","path":"/summary","status":304,"duration_ms":101,"user_id":2,"role":"kabag"}}
{"time":"2026-09-11T05:15:51.884Z","level":"info","message":"HTTP request","meta":{"request_id":"4cfe13fc03b570a4a0f02f0c","method":"GET","path":"/summary","status":304,"duration_ms":7,"user_id":2,"role":"kabag"}}
{"time":"2026-09-11T05:15:51.887Z","level":"info","message":"DB connected","meta":{"database":"biro_umum_db","host":"localhost","port":5432}}
{"time":"2026-09-11T05:15:51.902Z","level":"info","message":"HTTP request","meta":{"request_id":"2747d75631f391c11b26b255","method":"GET","path":"/activities","status":304,"duration_ms":127,"user_id":2,"role":"kabag"}}
{"time":"2026-09-11T05:15:51.910Z","level":"info","message":"HTTP request","meta":{"request_id":"3165b9d8a3a5c848566d2f87","method":"GET","path":"/activities","status":304,"duration_ms":4,"user_id":2,"role":"kabag"}}
{"time":"2026-09-11T05:15:53.070Z","level":"info","message":"HTTP request","meta":{"request_id":"7171856a18ebf8d57a9e3837","method":"GET","path":"/","status":304,"duration_ms":23,"user_id":2,"role":"kabag"}}
{"time":"2026-09-11T05:15:53.101Z","level":"info","message":"HTTP request","meta":{"request_id":"a885db3f8bcee9dfbd145085","method":"GET","path":"/","status":304,"duration_ms":25,"user_id":2,"role":"kabag"}}
{"time":"2026-09-11T05:15:54.308Z","level":"info","message":"HTTP request","meta":{"request_id":"5aff1dbae4e354868f046187","method":"GET","path":"/","status":304,"duration_ms":7,"user_id":2,"role":"kabag"}}
{"time":"2026-09-11T05:15:54.315Z","level":"info","message":"HTTP request","meta":{"request_id":"55c6b9cbea8ebaabdeffb35a","method":"GET","path":"/","status":304,"duration_ms":3,"user_id":2,"role":"kabag"}}
{"time":"2026-09-11T05:15:54.830Z","level":"info","message":"HTTP request","meta":{"request_id":"3e1048932fddebad77e21472","method":"GET","path":"/","status":304,"duration_ms":6,"user_id":2,"role":"kabag"}}
{"time":"2026-09-11T05:15:54.834Z","level":"info","message":"HTTP request","meta":{"request_id":"eaff63fb38b446f6f379b049","method":"GET","path":"/","status":304,"duration_ms":2,"user_id":2,"role":"kabag"}}
{"time":"2026-09-11T05:15:56.117Z","level":"info","message":"HTTP request","meta":{"request_id":"7894c43d09c724f074b8449f","method":"GET","path":"/","status":304,"duration_ms":8,"user_id":2,"role":"kabag"}}
{"time":"2026-09-11T05:15:56.121Z","level":"info","message":"HTTP request","meta":{"request_id":"d1ea0f3e2213cb49c53fbf8e","method":"GET","path":"/","status":304,"duration_ms":2,"user_id":2,"role":"kabag"}}
{"time":"2026-09-11T05:15:57.084Z","level":"info","message":"HTTP request","meta":{"request_id":"032ed2ba8c966ef6152284ab","method":"GET","path":"/","status":304,"duration_ms":3,"user_id":2,"role":"kabag"}}
{"time":"2026-09-11T05:15:57.093Z","level":"info","message":"HTTP request","meta":{"request_id":"b9c6d888a0411ca0707e5e82","method":"GET","path":"/","status":304,"duration_ms":4,"user_id":2,"role":"kabag"}}
{"time":"2026-09-11T05:15:57.370Z","level":"info","message":"HTTP request","meta":{"request_id":"35881abe95992cdf096c2b13","method":"GET","path":"/","status":304,"duration_ms":2,"user_id":2,"role":"kabag"}}
{"time":"2026-09-11T05:15:57.375Z","level":"info","message":"HTTP request","meta":{"request_id":"775e5872617a692a8598b30d","method":"GET","path":"/","status":304,"duration_ms":2,"user_id":2,"role":"kabag"}}
{"time":"2026-09-11T05:15:58.142Z","level":"info","message":"HTTP request","meta":{"request_id":"ab00fe28e6ada1aecb823895","method":"GET","path":"/","status":304,"duration_ms":13,"user_id":2,"role":"kabag"}}
{"time":"2026-09-11T05:15:58.157Z","level":"info","message":"HTTP request","meta":{"request_id":"1bf77494c88d213954256677","method":"GET","path":"/","status":304,"duration_ms":11,"user_id":2,"role":"kabag"}}
{"time":"2026-09-11T05:15:59.015Z","level":"info","message":"HTTP request","meta":{"request_id":"0cd811b8c5dfdde0cdf068a4","method":"GET","path":"/summary","status":304,"duration_ms":7,"user_id":2,"role":"kabag"}}
{"time":"2026-09-11T05:15:59.023Z","level":"info","message":"HTTP request","meta":{"request_id":"a449024c15057ebf633eb39f","method":"GET","path":"/activities","status":304,"duration_ms":10,"user_id":2,"role":"kabag"}}
{"time":"2026-09-11T05:15:59.037Z","level":"info","message":"HTTP request","meta":{"request_id":"2e92b6cc7512c406c5ee5386","method":"GET","path":"/summary","status":304,"duration_ms":5,"user_id":2,"role":"kabag"}}
{"time":"2026-09-11T05:15:59.055Z","level":"info","message":"HTTP request","meta":{"request_id":"e5b9f0ad327826c70d8967b2","method":"GET","path":"/activities","status":304,"duration_ms":20,"user_id":2,"role":"kabag"}}
{"time":"2026-09-11T05:16:01.670Z","level":"info","message":"HTTP request","meta":{"request_id":"af620fb29097e4714915d986","method":"GET","path":"/","status":304,"duration_ms":10,"user_id":2,"role":"kabag"}}
{"time":"2026-09-11T05:16:01.692Z","level":"info","message":"HTTP request","meta":{"request_id":"1dd6e255eaa077cc39065318","method":"GET","path":"/","status":304,"duration_ms":20,"user_id":2,"role":"kabag"}}
{"time":"2026-09-11T05:16:02.199Z","level":"info","message":"HTTP request","meta":{"request_id":"b84716a156d86ec7f17d8e81","method":"GET","path":"/summary","status":304,"duration_ms":3,"user_id":2,"role":"kabag"}}
{"time":"2026-09-11T05:16:02.201Z","level":"info","message":"HTTP request","meta":{"request_id":"e8c5e7097f8b1a854f29b905","method":"GET","path":"/activities","status":304,"duration_ms":4,"user_id":2,"role":"kabag"}}
{"time":"2026-09-11T05:16:02.206Z","level":"info","message":"HTTP request","meta":{"request_id":"1e4cde246a394fc5078babdb","method":"GET","path":"/summary","status":304,"duration_ms":3,"user_id":2,"role":"kabag"}}
{"time":"2026-09-11T05:16:02.208Z","level":"info","message":"HTTP request","meta":{"request_id":"713b0a6c41ab8263e967a974","method":"GET","path":"/activities","status":304,"duration_ms":4,"user_id":2,"role":"kabag"}}
{"time":"2026-09-11T05:16:27.533Z","level":"info","message":"HTTP request","meta":{"request_id":"245bc29c7dcaf4a8e0c549e4","method":"POST","path":"/login","status":200,"duration_ms":80,"user_id":null,"role":null}}
{"time":"2026-09-11T05:16:27.558Z","level":"info","message":"HTTP request","meta":{"request_id":"af1dd036926b00108d895446","method":"GET","path":"/summary","status":304,"duration_ms":2,"user_id":2,"role":"kabag"}}
{"time":"2026-09-11T05:16:27.564Z","level":"info","message":"HTTP request","meta":{"request_id":"e50f1a101b29da3edad942f7","method":"GET","path":"/activities","status":304,"duration_ms":4,"user_id":2,"role":"kabag"}}
{"time":"2026-09-11T05:16:27.568Z","level":"info","message":"HTTP request","meta":{"request_id":"b81116e43e25eeba8bac7dcc","method":"GET","path":"/summary","status":304,"duration_ms":6,"user_id":2,"role":"kabag"}}
{"time":"2026-09-11T05:16:27.571Z","level":"info","message":"HTTP request","meta":{"request_id":"3a6fb8fac9faef2ed08deacf","method":"GET","path":"/activities","status":304,"duration_ms":2,"user_id":2,"role":"kabag"}}
{"time":"2026-09-11T05:16:29.277Z","level":"info","message":"HTTP request","meta":{"request_id":"4f1135bb7262a03d7ab8fa1f","method":"GET","path":"/","status":304,"duration_ms":7,"user_id":2,"role":"kabag"}}
{"time":"2026-09-11T05:16:29.283Z","level":"info","message":"HTTP request","meta":{"request_id":"f9152e0f9ba4469368d17e1e","method":"GET","path":"/","status":304,"duration_ms":3,"user_id":2,"role":"kabag"}}
{"time":"2026-09-11T05:16:29.632Z","level":"info","message":"HTTP request","meta":{"request_id":"03c2aae06bd90640d764649f","method":"GET","path":"/","status":304,"duration_ms":10,"user_id":2,"role":"kabag"}}
{"time":"2026-09-11T05:16:29.657Z","level":"info","message":"HTTP request","meta":{"request_id":"ac1062a0c8b8050c507e2896","method":"GET","path":"/","status":304,"duration_ms":23,"user_id":2,"role":"kabag"}}
{"time":"2026-09-11T05:16:30.100Z","level":"info","message":"HTTP request","meta":{"request_id":"2bfe0bd58cbfcd87c838b497","method":"GET","path":"/","status":304,"duration_ms":6,"user_id":2,"role":"kabag"}}
{"time":"2026-09-11T05:16:30.104Z","level":"info","message":"HTTP request","meta":{"request_id":"5d622ae4c8d032f70063d8ed","method":"GET","path":"/","status":304,"duration_ms":2,"user_id":2,"role":"kabag"}}
{"time":"2026-09-11T05:16:30.775Z","level":"info","message":"HTTP request","meta":{"request_id":"456efecd82dca00a8eede675","method":"GET","path":"/","status":304,"duration_ms":3,"user_id":2,"role":"kabag"}}
{"time":"2026-09-11T05:16:30.783Z","level":"info","message":"HTTP request","meta":{"request_id":"5100b1b2fb6ad3b5265fcdef","method":"GET","path":"/","status":304,"duration_ms":4,"user_id":2,"role":"kabag"}}
{"time":"2026-09-11T05:16:31.196Z","level":"info","message":"HTTP request","meta":{"request_id":"f8b6518a466cd12628db0db2","method":"GET","path":"/","status":304,"duration_ms":1,"user_id":2,"role":"kabag"}}
{"time":"2026-09-11T05:16:31.200Z","level":"info","message":"HTTP request","meta":{"request_id":"39881d23deea9327af77bfcd","method":"GET","path":"/","status":304,"duration_ms":2,"user_id":2,"role":"kabag"}}
{"time":"2026-09-11T05:19:38.220Z","level":"info","message":"DB connected","meta":{"database":"biro_umum_db","host":"localhost","port":5432}}
{"time":"2026-09-11T05:19:38.490Z","level":"info","message":"HTTP request","meta":{"request_id":"6c5864bc70ea492736f3d930","method":"GET","path":"/","status":304,"duration_ms":14,"user_id":2,"role":"kabag"}}
{"time":"2026-09-11T05:19:38.514Z","level":"info","message":"HTTP request","meta":{"request_id":"56fc3743f4f34f64ae5910f2","method":"GET","path":"/","status":304,"duration_ms":5,"user_id":2,"role":"kabag"}}
{"time":"2026-09-11T05:20:04.476Z","level":"info","message":"HTTP request","meta":{"request_id":"ebfe2489670061d53fda685d","method":"GET","path":"/me","status":304,"duration_ms":8,"user_id":2,"role":"kabag"}}
{"time":"2026-09-11T05:20:04.480Z","level":"info","message":"HTTP request","meta":{"request_id":"db07288163ff0a8cdbcc0a21","method":"GET","path":"/me","status":304,"duration_ms":2,"user_id":2,"role":"kabag"}}
{"time":"2026-09-11T05:20:04.540Z","level":"info","message":"HTTP request","meta":{"request_id":"a578ea6bfcb670130d0d17d2","method":"GET","path":"/","status":304,"duration_ms":1,"user_id":2,"role":"kabag"}}
{"time":"2026-09-11T05:20:04.545Z","level":"info","message":"HTTP request","meta":{"request_id":"d95dc4366aae00553479db7c","method":"GET","path":"/","status":304,"duration_ms":3,"user_id":2,"role":"kabag"}}
{"time":"2026-09-11T05:20:14.857Z","level":"info","message":"HTTP request","meta":{"request_id":"81b96e41fab84fd6b4dfdca8","method":"GET","path":"/","status":304,"duration_ms":6,"user_id":2,"role":"kabag"}}
{"time":"2026-09-11T05:20:14.862Z","level":"info","message":"HTTP request","meta":{"request_id":"91fbc88351a118e01a75bc9f","method":"GET","path":"/","status":304,"duration_ms":2,"user_id":2,"role":"kabag"}}
{"time":"2026-09-11T05:20:15.580Z","level":"info","message":"HTTP request","meta":{"request_id":"5c6d8cc72b8eff77f1d91aa7","method":"GET","path":"/","status":304,"duration_ms":24,"user_id":2,"role":"kabag"}}
{"time":"2026-09-11T05:20:15.602Z","level":"info","message":"HTTP request","meta":{"request_id":"2b3199aea6be0f4a0355f9da","method":"GET","path":"/","status":304,"duration_ms":16,"user_id":2,"role":"kabag"}}
{"time":"2026-09-11T05:20:17.243Z","level":"info","message":"DB connected","meta":{"database":"biro_umum_db","host":"localhost","port":5432}}
{"time":"2026-09-11T05:20:17.250Z","level":"info","message":"HTTP request","meta":{"request_id":"5f6a3c7b75b91dcae0f5f6b5","method":"GET","path":"/summary","status":304,"duration_ms":71,"user_id":2,"role":"kabag"}}
{"time":"2026-09-11T05:20:17.257Z","level":"info","message":"HTTP request","meta":{"request_id":"80a557b2356231376fdcde84","method":"GET","path":"/summary","status":304,"duration_ms":5,"user_id":2,"role":"kabag"}}
{"time":"2026-09-11T05:20:17.258Z","level":"info","message":"DB connected","meta":{"database":"biro_umum_db","host":"localhost","port":5432}}
{"time":"2026-09-11T05:20:17.270Z","level":"info","message":"HTTP request","meta":{"request_id":"94507dad4c42a9ad86fc4a06","method":"GET","path":"/activities","status":304,"duration_ms":89,"user_id":2,"role":"kabag"}}
{"time":"2026-09-11T05:20:17.278Z","level":"info","message":"HTTP request","meta":{"request_id":"de1a24bb6a50b73f02577459","method":"GET","path":"/activities","status":304,"duration_ms":6,"user_id":2,"role":"kabag"}}
{"time":"2026-09-11T05:20:17.845Z","level":"info","message":"HTTP request","meta":{"request_id":"192875dc1d94a3907785e51d","method":"GET","path":"/","status":304,"duration_ms":10,"user_id":2,"role":"kabag"}}
{"time":"2026-09-11T05:20:17.856Z","level":"info","message":"HTTP request","meta":{"request_id":"bda07d6a5d74ba450268cb99","method":"GET","path":"/","status":304,"duration_ms":9,"user_id":2,"role":"kabag"}}
{"time":"2026-09-11T05:20:18.203Z","level":"info","message":"HTTP request","meta":{"request_id":"8bc3c55d4f19d34013b025d0","method":"GET","path":"/","status":304,"duration_ms":2,"user_id":2,"role":"kabag"}}
{"time":"2026-09-11T05:20:18.209Z","level":"info","message":"HTTP request","meta":{"request_id":"74d9b40530d3cdc3d3d3b48a","method":"GET","path":"/","status":304,"duration_ms":3,"user_id":2,"role":"kabag"}}
{"time":"2026-09-11T05:20:18.611Z","level":"info","message":"HTTP request","meta":{"request_id":"58a1b0eb9120c57d2f60a03f","method":"GET","path":"/","status":304,"duration_ms":4,"user_id":2,"role":"kabag"}}
{"time":"2026-09-11T05:20:18.615Z","level":"info","message":"HTTP request","meta":{"request_id":"01233fc10798cea6a3f481be","method":"GET","path":"/","status":304,"duration_ms":2,"user_id":2,"role":"kabag"}}
{"time":"2026-09-11T05:20:18.972Z","level":"info","message":"HTTP request","meta":{"request_id":"d03b8a1d58e44def3b9f0343","method":"GET","path":"/","status":304,"duration_ms":4,"user_id":2,"role":"kabag"}}
{"time":"2026-09-11T05:20:18.975Z","level":"info","message":"HTTP request","meta":{"request_id":"de40a220a3f7699853b30959","method":"GET","path":"/","status":304,"duration_ms":2,"user_id":2,"role":"kabag"}}
{"time":"2026-09-11T05:20:19.565Z","level":"info","message":"HTTP request","meta":{"request_id":"0d5e6152b584e18413820c5e","method":"GET","path":"/summary","status":304,"duration_ms":2,"user_id":2,"role":"kabag"}}
{"time":"2026-09-11T05:20:19.568Z","level":"info","message":"HTTP request","meta":{"request_id":"5e03846a4b6d70a0f923db77","method":"GET","path":"/activities","status":304,"duration_ms":4,"user_id":2,"role":"kabag"}}
{"time":"2026-09-11T05:20:19.581Z","level":"info","message":"HTTP request","meta":{"request_id":"984dde78dd9f3b41db174837","method":"GET","path":"/summary","status":304,"duration_ms":5,"user_id":2,"role":"kabag"}}
{"time":"2026-09-11T05:20:19.586Z","level":"info","message":"HTTP request","meta":{"request_id":"0763d32a7c1e76161278d7b7","method":"GET","path":"/activities","status":304,"duration_ms":8,"user_id":2,"role":"kabag"}}
{"time":"2026-09-11T05:20:21.852Z","level":"info","message":"HTTP request","meta":{"request_id":"b210608bc41009b12a529c11","method":"GET","path":"/","status":304,"duration_ms":23,"user_id":2,"role":"kabag"}}
{"time":"2026-09-11T05:20:21.864Z","level":"info","message":"HTTP request","meta":{"request_id":"254b2f63b8c60b5681818bf5","method":"GET","path":"/","status":304,"duration_ms":10,"user_id":2,"role":"kabag"}}
{"time":"2026-09-11T05:20:24.765Z","level":"info","message":"HTTP request","meta":{"request_id":"e46f3d659955d77b8b356d50","method":"GET","path":"/","status":304,"duration_ms":3,"user_id":2,"role":"kabag"}}
{"time":"2026-09-11T05:20:24.770Z","level":"info","message":"HTTP request","meta":{"request_id":"516d0669de027479876c6195","method":"GET","path":"/","status":304,"duration_ms":2,"user_id":2,"role":"kabag"}}
{"time":"2026-09-11T05:20:25.355Z","level":"info","message":"HTTP request","meta":{"request_id":"b1b7f5bfb3d918735ad1114a","method":"GET","path":"/","status":304,"duration_ms":6,"user_id":2,"role":"kabag"}}
{"time":"2026-09-11T05:20:25.360Z","level":"info","message":"HTTP request","meta":{"request_id":"4b16e355dd38699c33df3448","method":"GET","path":"/","status":304,"duration_ms":3,"user_id":2,"role":"kabag"}}
{"time":"2026-09-11T05:20:25.873Z","level":"info","message":"HTTP request","meta":{"request_id":"7883b4d22818707118897ecd","method":"GET","path":"/","status":304,"duration_ms":6,"user_id":2,"role":"kabag"}}
{"time":"2026-09-11T05:20:25.876Z","level":"info","message":"HTTP request","meta":{"request_id":"00ff0fc03d2ae88a8106147d","method":"GET","path":"/","status":304,"duration_ms":2,"user_id":2,"role":"kabag"}}
{"time":"2026-09-11T05:20:26.153Z","level":"info","message":"HTTP request","meta":{"request_id":"8e8273cc682ea8ff236bbeb0","method":"GET","path":"/summary","status":304,"duration_ms":2,"user_id":2,"role":"kabag"}}
{"time":"2026-09-11T05:20:26.156Z","level":"info","message":"HTTP request","meta":{"request_id":"1529b31ac8b6e06dfe857755","method":"GET","path":"/activities","status":304,"duration_ms":4,"user_id":2,"role":"kabag"}}
{"time":"2026-09-11T05:20:26.160Z","level":"info","message":"HTTP request","meta":{"request_id":"8be7f4233cb7df5820e8794e","method":"GET","path":"/summary","status":304,"duration_ms":2,"user_id":2,"role":"kabag"}}
{"time":"2026-09-11T05:20:26.165Z","level":"info","message":"HTTP request","meta":{"request_id":"820a4246ab57a415c59172c1","method":"GET","path":"/activities","status":304,"duration_ms":6,"user_id":2,"role":"kabag"}}
{"time":"2026-09-11T05:21:58.191Z","level":"info","message":"DB connected","meta":{"database":"biro_umum_db","host":"localhost","port":5432}}
{"time":"2026-09-11T05:21:58.200Z","level":"info","message":"DB connected","meta":{"database":"biro_umum_db","host":"localhost","port":5432}}
{"time":"2026-09-11T05:21:58.211Z","level":"info","message":"HTTP request","meta":{"request_id":"949c2305cd79fd45b7a929e2","method":"GET","path":"/summary","status":304,"duration_ms":128,"user_id":2,"role":"kabag"}}
{"time":"2026-09-11T05:21:58.236Z","level":"info","message":"HTTP request","meta":{"request_id":"6b2883971a191ccb9abd19d0","method":"GET","path":"/summary","status":304,"duration_ms":8,"user_id":2,"role":"kabag"}}
{"time":"2026-09-11T05:21:58.241Z","level":"info","message":"DB connected","meta":{"database":"biro_umum_db","host":"localhost","port":5432}}
{"time":"2026-09-11T05:21:58.254Z","level":"info","message":"HTTP request","meta":{"request_id":"6f3da668a01267416bd6eeeb","method":"GET","path":"/activities","status":304,"duration_ms":168,"user_id":2,"role":"kabag"}}
{"time":"2026-09-11T05:21:58.261Z","level":"info","message":"HTTP request","meta":{"request_id":"44ece07db1fb38b98ca87480","method":"GET","path":"/activities","status":304,"duration_ms":3,"user_id":2,"role":"kabag"}}
{"time":"2026-09-11T05:22:25.642Z","level":"info","message":"HTTP request","meta":{"request_id":"7e6daded208572d64adaf9e4","method":"GET","path":"/me","status":304,"duration_ms":6,"user_id":2,"role":"kabag"}}
{"time":"2026-09-11T05:22:25.647Z","level":"info","message":"HTTP request","meta":{"request_id":"8089b8cbdba541e39d7eeee5","method":"GET","path":"/me","status":304,"duration_ms":2,"user_id":2,"role":"kabag"}}
{"time":"2026-09-11T05:22:25.732Z","level":"info","message":"HTTP request","meta":{"request_id":"5b58a92e0d821a460ff2f624","method":"GET","path":"/summary","status":304,"duration_ms":4,"user_id":2,"role":"kabag"}}
{"time":"2026-09-11T05:22:25.734Z","level":"info","message":"HTTP request","meta":{"request_id":"65d2dba64e28b92a617c0b81","method":"GET","path":"/activities","status":304,"duration_ms":4,"user_id":2,"role":"kabag"}}
{"time":"2026-09-11T05:22:25.739Z","level":"info","message":"HTTP request","meta":{"request_id":"76e10bbabe3ab620704a53bb","method":"GET","path":"/summary","status":304,"duration_ms":3,"user_id":2,"role":"kabag"}}
{"time":"2026-09-11T05:22:25.743Z","level":"info","message":"HTTP request","meta":{"request_id":"8f01184aba3cbd118e6e6d65","method":"GET","path":"/activities","status":304,"duration_ms":5,"user_id":2,"role":"kabag"}}
{"time":"2026-09-11T05:22:28.554Z","level":"info","message":"HTTP request","meta":{"request_id":"eb4454cdddafb3223d41ac1a","method":"GET","path":"/","status":304,"duration_ms":11,"user_id":2,"role":"kabag"}}
{"time":"2026-09-11T05:22:28.569Z","level":"info","message":"HTTP request","meta":{"request_id":"1a9f3bf7b6f0a890e9a44244","method":"GET","path":"/","status":304,"duration_ms":12,"user_id":2,"role":"kabag"}}
{"time":"2026-09-11T05:22:35.457Z","level":"info","message":"HTTP request","meta":{"request_id":"2ab9626f015c7dbda8cfcf74","method":"GET","path":"/","status":304,"duration_ms":5,"user_id":2,"role":"kabag"}}
{"time":"2026-09-11T05:22:35.460Z","level":"info","message":"HTTP request","meta":{"request_id":"a938cd13731985cbc77ea587","method":"GET","path":"/","status":304,"duration_ms":2,"user_id":2,"role":"kabag"}}
{"time":"2026-09-11T05:22:36.295Z","level":"info","message":"HTTP request","meta":{"request_id":"c784e65bcfe2fef4b8eea6b0","method":"GET","path":"/","status":304,"duration_ms":7,"user_id":2,"role":"kabag"}}
{"time":"2026-09-11T05:22:36.299Z","level":"info","message":"HTTP request","meta":{"request_id":"c9574d59892a6e43e46ea950","method":"GET","path":"/","status":304,"duration_ms":2,"user_id":2,"role":"kabag"}}
{"time":"2026-09-11T05:22:36.774Z","level":"info","message":"HTTP request","meta":{"request_id":"2beb22badc7523ce9415afd0","method":"GET","path":"/","status":304,"duration_ms":1,"user_id":2,"role":"kabag"}}
{"time":"2026-09-11T05:22:36.777Z","level":"info","message":"HTTP request","meta":{"request_id":"7592c752227772eb83bd64b0","method":"GET","path":"/","status":304,"duration_ms":1,"user_id":2,"role":"kabag"}}
{"time":"2026-09-11T05:22:37.338Z","level":"info","message":"HTTP request","meta":{"request_id":"529c2de46b8590b6766243fc","method":"GET","path":"/","status":304,"duration_ms":2,"user_id":2,"role":"kabag"}}
{"time":"2026-09-11T05:22:37.342Z","level":"info","message":"HTTP request","meta":{"request_id":"f8758b93d47709cc345f6e7c","method":"GET","path":"/","status":304,"duration_ms":2,"user_id":2,"role":"kabag"}}
{"time":"2026-09-11T05:22:37.728Z","level":"info","message":"HTTP request","meta":{"request_id":"723e0ee75534824255a4e34b","method":"GET","path":"/","status":304,"duration_ms":2,"user_id":2,"role":"kabag"}}
{"time":"2026-09-11T05:22:37.733Z","level":"info","message":"HTTP request","meta":{"request_id":"27c3dc78c39d7ebba9bf4d4b","method":"GET","path":"/","status":304,"duration_ms":3,"user_id":2,"role":"kabag"}}
{"time":"2026-09-11T05:22:38.345Z","level":"info","message":"HTTP request","meta":{"request_id":"38280a1a8869e23997503898","method":"GET","path":"/","status":304,"duration_ms":2,"user_id":2,"role":"kabag"}}
{"time":"2026-09-11T05:22:38.349Z","level":"info","message":"HTTP request","meta":{"request_id":"604d784570703947ae0344bb","method":"GET","path":"/","status":304,"duration_ms":2,"user_id":2,"role":"kabag"}}
{"time":"2026-09-11T05:22:39.257Z","level":"info","message":"HTTP request","meta":{"request_id":"9e3dd211383f4f9abf9c4473","method":"GET","path":"/","status":304,"duration_ms":11,"user_id":2,"role":"kabag"}}
{"time":"2026-09-11T05:22:39.272Z","level":"info","message":"HTTP request","meta":{"request_id":"3faa008c4ca38ef2276a4152","method":"GET","path":"/","status":304,"duration_ms":13,"user_id":2,"role":"kabag"}}
{"time":"2026-09-11T05:22:39.786Z","level":"info","message":"HTTP request","meta":{"request_id":"3234d1699bbfbc1d02b2e1ec","method":"GET","path":"/","status":200,"duration_ms":8,"user_id":2,"role":"kabag"}}
{"time":"2026-09-11T05:22:40.091Z","level":"info","message":"HTTP request","meta":{"request_id":"5598783c5ca523c6c60179ab","method":"GET","path":"/","status":200,"duration_ms":1,"user_id":2,"role":"kabag"}}
{"time":"2026-09-11T05:22:40.397Z","level":"info","message":"HTTP request","meta":{"request_id":"275c8af10a2aa7ff62ba8871","method":"GET","path":"/","status":304,"duration_ms":6,"user_id":2,"role":"kabag"}}
{"time":"2026-09-11T05:22:40.765Z","level":"info","message":"HTTP request","meta":{"request_id":"7c3a1479d74477072a9f1437","method":"GET","path":"/summary","status":304,"duration_ms":10,"user_id":2,"role":"kabag"}}
{"time":"2026-09-11T05:22:40.775Z","level":"info","message":"HTTP request","meta":{"request_id":"42d3f5adbd848aaebd79ec30","method":"GET","path":"/activities","status":304,"duration_ms":12,"user_id":2,"role":"kabag"}}
{"time":"2026-09-11T05:22:40.789Z","level":"info","message":"HTTP request","meta":{"request_id":"05f7d60cc814c880fb645d72","method":"GET","path":"/summary","status":304,"duration_ms":10,"user_id":2,"role":"kabag"}}
{"time":"2026-09-11T05:22:40.812Z","level":"info","message":"HTTP request","meta":{"request_id":"4e3e7c6582363e4b3fadaf7c","method":"GET","path":"/activities","status":304,"duration_ms":31,"user_id":2,"role":"kabag"}}
{"time":"2026-09-11T05:22:51.566Z","level":"info","message":"HTTP request","meta":{"request_id":"6a4bb37e0430d1028b12a0cc","method":"GET","path":"/","status":304,"duration_ms":9,"user_id":2,"role":"kabag"}}
{"time":"2026-09-11T05:22:51.574Z","level":"info","message":"HTTP request","meta":{"request_id":"6754bfc21e4254a99817a4c0","method":"GET","path":"/","status":304,"duration_ms":6,"user_id":2,"role":"kabag"}}
{"time":"2026-09-11T05:22:52.658Z","level":"info","message":"HTTP request","meta":{"request_id":"9aa8dec0742ea3dfb5e53c13","method":"GET","path":"/summary","status":304,"duration_ms":4,"user_id":2,"role":"kabag"}}
{"time":"2026-09-11T05:22:52.661Z","level":"info","message":"HTTP request","meta":{"request_id":"5ef35e57204b16f73609925b","method":"GET","path":"/activities","status":304,"duration_ms":5,"user_id":2,"role":"kabag"}}
{"time":"2026-09-11T05:22:52.667Z","level":"info","message":"HTTP request","meta":{"request_id":"43410aa4f70b2b5e1f88f0a0","method":"GET","path":"/summary","status":304,"duration_ms":4,"user_id":2,"role":"kabag"}}
{"time":"2026-09-11T05:22:52.673Z","level":"info","message":"HTTP request","meta":{"request_id":"6541822a3bbd4c3bfd445f26","method":"GET","path":"/activities","status":304,"duration_ms":8,"user_id":2,"role":"kabag"}}
{"time":"2026-09-11T05:22:52.959Z","level":"info","message":"HTTP request","meta":{"request_id":"f5f6c41ab72b83326965a284","method":"GET","path":"/","status":304,"duration_ms":9,"user_id":2,"role":"kabag"}}
{"time":"2026-09-11T05:22:52.974Z","level":"info","message":"HTTP request","meta":{"request_id":"cac5eb372a444e54f7f65d2b","method":"GET","path":"/","status":304,"duration_ms":13,"user_id":2,"role":"kabag"}}
{"time":"2026-09-11T05:22:53.250Z","level":"info","message":"HTTP request","meta":{"request_id":"b457365f1a506e1ca3c707fc","method":"GET","path":"/","status":304,"duration_ms":4,"user_id":2,"role":"kabag"}}
{"time":"2026-09-11T05:22:53.255Z","level":"info","message":"HTTP request","meta":{"request_id":"9a5d7cecda08ce195b25ed8b","method":"GET","path":"/","status":304,"duration_ms":3,"user_id":2,"role":"kabag"}}
{"time":"2026-09-11T05:22:53.909Z","level":"info","message":"HTTP request","meta":{"request_id":"f5933f6caab198875c72aa8a","method":"GET","path":"/","status":304,"duration_ms":11,"user_id":2,"role":"kabag"}}
{"time":"2026-09-11T05:22:53.931Z","level":"info","message":"HTTP request","meta":{"request_id":"bad03accf088ba82fec13045","method":"GET","path":"/","status":304,"duration_ms":17,"user_id":2,"role":"kabag"}}
{"time":"2026-09-11T05:22:54.833Z","level":"info","message":"HTTP request","meta":{"request_id":"ac97748cdec0ce5c04f6c04e","method":"GET","path":"/","status":304,"duration_ms":3,"user_id":2,"role":"kabag"}}
{"time":"2026-09-11T05:22:54.840Z","level":"info","message":"HTTP request","meta":{"request_id":"c6ded39f39ee24ff08d33267","method":"GET","path":"/","status":304,"duration_ms":3,"user_id":2,"role":"kabag"}}
{"time":"2026-09-11T05:22:55.191Z","level":"info","message":"HTTP request","meta":{"request_id":"0e64893b579252bb827a6852","method":"GET","path":"/","status":304,"duration_ms":1,"user_id":2,"role":"kabag"}}
{"time":"2026-09-11T05:22:55.196Z","level":"info","message":"HTTP request","meta":{"request_id":"6b3394232a0e13cfbe3a3973","method":"GET","path":"/","status":304,"duration_ms":3,"user_id":2,"role":"kabag"}}
{"time":"2026-09-11T05:22:56.171Z","level":"info","message":"HTTP request","meta":{"request_id":"31ca04459504ac95617ac296","method":"GET","path":"/","status":304,"duration_ms":16,"user_id":2,"role":"kabag"}}
{"time":"2026-09-11T05:22:56.192Z","level":"info","message":"HTTP request","meta":{"request_id":"822ef43a917504c64855d27a","method":"GET","path":"/","status":304,"duration_ms":17,"user_id":2,"role":"kabag"}}
{"time":"2026-09-11T05:22:56.958Z","level":"info","message":"HTTP request","meta":{"request_id":"6e72e416e857948acacb3313","method":"GET","path":"/summary","status":304,"duration_ms":4,"user_id":2,"role":"kabag"}}
{"time":"2026-09-11T05:22:56.962Z","level":"info","message":"HTTP request","meta":{"request_id":"bdb8e0e9f43131cfb705ddee","method":"GET","path":"/activities","status":304,"duration_ms":6,"user_id":2,"role":"kabag"}}
{"time":"2026-09-11T05:22:56.969Z","level":"info","message":"HTTP request","meta":{"request_id":"ee6284ca86e0ad6ab1cc69bd","method":"GET","path":"/summary","status":304,"duration_ms":4,"user_id":2,"role":"kabag"}}
{"time":"2026-09-11T05:22:56.973Z","level":"info","message":"HTTP request","meta":{"request_id":"f3813fde9641611bb33f5c6b","method":"GET","path":"/activities","status":304,"duration_ms":7,"user_id":2,"role":"kabag"}}
{"time":"2026-09-11T05:22:57.439Z","level":"info","message":"HTTP request","meta":{"request_id":"ed2ddb22d2fa185ed767d71c","method":"GET","path":"/","status":304,"duration_ms":12,"user_id":2,"role":"kabag"}}
{"time":"2026-09-11T05:22:57.448Z","level":"info","message":"HTTP request","meta":{"request_id":"bdaef1e94d3b94108ce6cf70","method":"GET","path":"/","status":304,"duration_ms":7,"user_id":2,"role":"kabag"}}
{"time":"2026-09-11T05:23:00.777Z","level":"info","message":"HTTP request","meta":{"request_id":"73e6eed928bc724493cc8ff6","method":"GET","path":"/","status":200,"duration_ms":1,"user_id":2,"role":"kabag"}}
{"time":"2026-09-11T05:23:01.817Z","level":"info","message":"HTTP request","meta":{"request_id":"b0ad6b8f4a0531eabb03c2ee","method":"GET","path":"/","status":304,"duration_ms":7,"user_id":2,"role":"kabag"}}
{"time":"2026-09-11T05:23:02.581Z","level":"info","message":"HTTP request","meta":{"request_id":"5f1af02f17883a1f679c2029","method":"GET","path":"/","status":304,"duration_ms":1,"user_id":2,"role":"kabag"}}
{"time":"2026-09-11T05:23:03.398Z","level":"info","message":"HTTP request","meta":{"request_id":"e04a41a2d2dda1537a6b3eb6","method":"GET","path":"/","status":304,"duration_ms":6,"user_id":2,"role":"kabag"}}
{"time":"2026-09-11T05:26:34.183Z","level":"info","message":"DB connected","meta":{"database":"biro_umum_db","host":"localhost","port":5432}}
{"time":"2026-09-11T05:26:34.192Z","level":"info","message":"HTTP request","meta":{"request_id":"aa0fc9759dcc777dac3fb999","method":"GET","path":"/","status":304,"duration_ms":70,"user_id":2,"role":"kabag"}}
{"time":"2026-09-11T05:26:34.198Z","level":"info","message":"HTTP request","meta":{"request_id":"7bb6c9214592a008566301bf","method":"GET","path":"/","status":304,"duration_ms":2,"user_id":2,"role":"kabag"}}
{"time":"2026-09-11T05:26:34.670Z","level":"info","message":"DB connected","meta":{"database":"biro_umum_db","host":"localhost","port":5432}}
{"time":"2026-09-11T05:26:34.675Z","level":"info","message":"DB connected","meta":{"database":"biro_umum_db","host":"localhost","port":5432}}
{"time":"2026-09-11T05:26:34.677Z","level":"info","message":"HTTP request","meta":{"request_id":"3fe215e501806e66dc26ed02","method":"GET","path":"/summary","status":304,"duration_ms":70,"user_id":2,"role":"kabag"}}
{"time":"2026-09-11T05:26:34.684Z","level":"info","message":"HTTP request","meta":{"request_id":"c695a161d59cd8fe8ed94c42","method":"GET","path":"/summary","status":304,"duration_ms":6,"user_id":2,"role":"kabag"}}
{"time":"2026-09-11T05:26:34.686Z","level":"info","message":"HTTP request","meta":{"request_id":"b6daf3d5c78fad56b2aa99e3","method":"GET","path":"/activities","status":304,"duration_ms":77,"user_id":2,"role":"kabag"}}
{"time":"2026-09-11T05:26:34.692Z","level":"info","message":"HTTP request","meta":{"request_id":"1a902fb6faa1b218c730ff61","method":"GET","path":"/activities","status":304,"duration_ms":3,"user_id":2,"role":"kabag"}}
{"time":"2026-09-11T05:26:35.306Z","level":"info","message":"HTTP request","meta":{"request_id":"96edea54076c919641ef40eb","method":"GET","path":"/","status":304,"duration_ms":13,"user_id":2,"role":"kabag"}}
{"time":"2026-09-11T05:26:35.316Z","level":"info","message":"HTTP request","meta":{"request_id":"50c7ca441dd4004aea4949e8","method":"GET","path":"/","status":304,"duration_ms":7,"user_id":2,"role":"kabag"}}
{"time":"2026-09-11T05:26:35.906Z","level":"info","message":"HTTP request","meta":{"request_id":"2218095605055ea9f8ba2eab","method":"GET","path":"/","status":304,"duration_ms":2,"user_id":2,"role":"kabag"}}
{"time":"2026-09-11T05:26:35.911Z","level":"info","message":"HTTP request","meta":{"request_id":"2c9eae78189b7e88afee03e5","method":"GET","path":"/","status":304,"duration_ms":3,"user_id":2,"role":"kabag"}}
{"time":"2026-09-11T05:26:36.190Z","level":"info","message":"HTTP request","meta":{"request_id":"ae11d3490eeac5afe1d8a175","method":"GET","path":"/","status":304,"duration_ms":5,"user_id":2,"role":"kabag"}}
{"time":"2026-09-11T05:26:36.195Z","level":"info","message":"HTTP request","meta":{"request_id":"e78405fbcc19d166df3879f3","method":"GET","path":"/","status":304,"duration_ms":3,"user_id":2,"role":"kabag"}}
{"time":"2026-09-11T05:26:36.515Z","level":"info","message":"HTTP request","meta":{"request_id":"9becd4da9dffebdc3e4db5ed","method":"GET","path":"/","status":304,"duration_ms":5,"user_id":2,"role":"kabag"}}
{"time":"2026-09-11T05:26:36.518Z","level":"info","message":"HTTP request","meta":{"request_id":"51709cc32ecfa4e782b4f7c1","method":"GET","path":"/","status":304,"duration_ms":2,"user_id":2,"role":"kabag"}}
{"time":"2026-09-11T05:26:36.800Z","level":"info","message":"HTTP request","meta":{"request_id":"daa9faa9d6d97273f8191e18","method":"GET","path":"/","status":304,"duration_ms":2,"user_id":2,"role":"kabag"}}
{"time":"2026-09-11T05:26:36.804Z","level":"info","message":"HTTP request","meta":{"request_id":"97cbea83b19af4d8d61efa27","method":"GET","path":"/","status":304,"duration_ms":2,"user_id":2,"role":"kabag"}}
{"time":"2026-09-11T05:26:37.066Z","level":"info","message":"HTTP request","meta":{"request_id":"a4e561d2ff2264a0ea095bf3","method":"GET","path":"/","status":304,"duration_ms":2,"user_id":2,"role":"kabag"}}
{"time":"2026-09-11T05:26:37.072Z","level":"info","message":"HTTP request","meta":{"request_id":"e859da006097e92ae8d94a58","method":"GET","path":"/","status":304,"duration_ms":3,"user_id":2,"role":"kabag"}}
{"time":"2026-09-11T05:26:37.338Z","level":"info","message":"HTTP request","meta":{"request_id":"c4a68b43f65bb2d64826a4a5","method":"GET","path":"/","status":304,"duration_ms":12,"user_id":2,"role":"kabag"}}
{"time":"2026-09-11T05:26:37.361Z","level":"info","message":"HTTP request","meta":{"request_id":"0418aae2c22eb2f3a1869e4b","method":"GET","path":"/","status":304,"duration_ms":20,"user_id":2,"role":"kabag"}}
{"time":"2026-09-11T05:26:37.599Z","level":"info","message":"HTTP request","meta":{"request_id":"75a6b75f4a491cb2a204cd78","method":"GET","path":"/summary","status":304,"duration_ms":4,"user_id":2,"role":"kabag"}}
{"time":"2026-09-11T05:26:37.606Z","level":"info","message":"HTTP request","meta":{"request_id":"9174630d893014f7507c66cf","method":"GET","path":"/activities","status":304,"duration_ms":4,"user_id":2,"role":"kabag"}}
{"time":"2026-09-11T05:26:37.610Z","level":"info","message":"HTTP request","meta":{"request_id":"4238a322fb7cdbf72c2848a5","method":"GET","path":"/summary","status":304,"duration_ms":6,"user_id":2,"role":"kabag"}}
{"time":"2026-09-11T05:26:37.616Z","level":"info","message":"HTTP request","meta":{"request_id":"2777d4d5c6e988819a3e49fe","method":"GET","path":"/activities","status":304,"duration_ms":3,"user_id":2,"role":"kabag"}}
{"time":"2026-09-11T05:26:37.989Z","level":"info","message":"HTTP request","meta":{"request_id":"1dae55f4798b83e94e1ebe03","method":"GET","path":"/","status":304,"duration_ms":7,"user_id":2,"role":"kabag"}}
{"time":"2026-09-11T05:26:38.002Z","level":"info","message":"HTTP request","meta":{"request_id":"dc1da2b5307930372ee079bb","method":"GET","path":"/","status":304,"duration_ms":11,"user_id":2,"role":"kabag"}}
{"time":"2026-09-11T05:26:38.583Z","level":"info","message":"HTTP request","meta":{"request_id":"e04b3685a05f9eff2531399d","method":"GET","path":"/","status":304,"duration_ms":4,"user_id":2,"role":"kabag"}}
{"time":"2026-09-11T05:26:38.588Z","level":"info","message":"HTTP request","meta":{"request_id":"145c26b98d47eadd7fa43dbf","method":"GET","path":"/","status":304,"duration_ms":3,"user_id":2,"role":"kabag"}}
{"time":"2026-09-11T05:26:38.879Z","level":"info","message":"HTTP request","meta":{"request_id":"94dffeca9292777a84fe0a05","method":"GET","path":"/","status":304,"duration_ms":10,"user_id":2,"role":"kabag"}}
{"time":"2026-09-11T05:26:38.887Z","level":"info","message":"HTTP request","meta":{"request_id":"76133993d7f3e2bdbd79ed9d","method":"GET","path":"/","status":304,"duration_ms":3,"user_id":2,"role":"kabag"}}
{"time":"2026-09-11T05:26:39.416Z","level":"info","message":"HTTP request","meta":{"request_id":"9c1f2bd2cedf0bf230ca7a8d","method":"GET","path":"/","status":304,"duration_ms":5,"user_id":2,"role":"kabag"}}
{"time":"2026-09-11T05:26:39.419Z","level":"info","message":"HTTP request","meta":{"request_id":"c0421aa4659f044c90edb893","method":"GET","path":"/","status":304,"duration_ms":2,"user_id":2,"role":"kabag"}}
{"time":"2026-09-11T05:26:39.715Z","level":"info","message":"HTTP request","meta":{"request_id":"bc2ba554aece0f55703fbc01","method":"GET","path":"/","status":304,"duration_ms":2,"user_id":2,"role":"kabag"}}
{"time":"2026-09-11T05:26:39.719Z","level":"info","message":"HTTP request","meta":{"request_id":"ce0e9d56e503de0b14fc6472","method":"GET","path":"/","status":304,"duration_ms":2,"user_id":2,"role":"kabag"}}
{"time":"2026-09-11T05:26:40.030Z","level":"info","message":"HTTP request","meta":{"request_id":"df3d868b760df052f8da9781","method":"GET","path":"/","status":304,"duration_ms":2,"user_id":2,"role":"kabag"}}
{"time":"2026-09-11T05:26:40.035Z","level":"info","message":"HTTP request","meta":{"request_id":"120cad934fc192ebfd405aa6","method":"GET","path":"/","status":304,"duration_ms":2,"user_id":2,"role":"kabag"}}
{"time":"2026-09-11T05:26:40.622Z","level":"info","message":"HTTP request","meta":{"request_id":"a3982cafa0b9e6bbc341b871","method":"GET","path":"/","status":304,"duration_ms":15,"user_id":2,"role":"kabag"}}
{"time":"2026-09-11T05:26:40.641Z","level":"info","message":"HTTP request","meta":{"request_id":"00aa369ab6782ef891df1025","method":"GET","path":"/","status":304,"duration_ms":13,"user_id":2,"role":"kabag"}}
{"time":"2026-09-11T05:26:40.951Z","level":"info","message":"HTTP request","meta":{"request_id":"2ec5770fe79c985d4fd8ebcb","method":"GET","path":"/summary","status":304,"duration_ms":9,"user_id":2,"role":"kabag"}}
{"time":"2026-09-11T05:26:40.986Z","level":"info","message":"HTTP request","meta":{"request_id":"d8e4a74cb5203b7fcba15aa6","method":"GET","path":"/activities","status":304,"duration_ms":42,"user_id":2,"role":"kabag"}}
{"time":"2026-09-11T05:26:41.004Z","level":"info","message":"HTTP request","meta":{"request_id":"577f87832e5b028454ed2f5a","method":"GET","path":"/summary","status":304,"duration_ms":3,"user_id":2,"role":"kabag"}}
{"time":"2026-09-11T05:26:41.010Z","level":"info","message":"HTTP request","meta":{"request_id":"9ef35bd3014ff5e6cd10ae83","method":"GET","path":"/activities","status":304,"duration_ms":8,"user_id":2,"role":"kabag"}}
{"time":"2026-09-11T05:26:41.261Z","level":"info","message":"HTTP request","meta":{"request_id":"bfab12e295a9c169877f7a94","method":"GET","path":"/","status":304,"duration_ms":13,"user_id":2,"role":"kabag"}}
{"time":"2026-09-11T05:26:41.294Z","level":"info","message":"HTTP request","meta":{"request_id":"8ecec3bf487b8f9ef845a34a","method":"GET","path":"/","status":304,"duration_ms":16,"user_id":2,"role":"kabag"}}
{"time":"2026-09-11T05:26:41.527Z","level":"info","message":"HTTP request","meta":{"request_id":"f78a5a56cdc63bd0be279279","method":"GET","path":"/","status":304,"duration_ms":3,"user_id":2,"role":"kabag"}}
{"time":"2026-09-11T05:26:41.535Z","level":"info","message":"HTTP request","meta":{"request_id":"4df97a5942958eb57e2a95e1","method":"GET","path":"/","status":304,"duration_ms":3,"user_id":2,"role":"kabag"}}
{"time":"2026-09-11T05:26:41.763Z","level":"info","message":"HTTP request","meta":{"request_id":"5f5e9abc0083d3a369c74476","method":"GET","path":"/","status":304,"duration_ms":3,"user_id":2,"role":"kabag"}}
{"time":"2026-09-11T05:26:41.775Z","level":"info","message":"HTTP request","meta":{"request_id":"b1477ac98eb18dfa3ac0e52d","method":"GET","path":"/","status":304,"duration_ms":3,"user_id":2,"role":"kabag"}}
{"time":"2026-09-11T05:26:42.216Z","level":"info","message":"HTTP request","meta":{"request_id":"4e3ec51af68ddd9399c00430","method":"GET","path":"/","status":304,"duration_ms":3,"user_id":2,"role":"kabag"}}
{"time":"2026-09-11T05:26:42.219Z","level":"info","message":"HTTP request","meta":{"request_id":"cb20d95244e68eb0cce7fff6","method":"GET","path":"/","status":304,"duration_ms":1,"user_id":2,"role":"kabag"}}
{"time":"2026-09-11T05:26:42.497Z","level":"info","message":"HTTP request","meta":{"request_id":"85d53828f03aa350ecf603c1","method":"GET","path":"/","status":304,"duration_ms":2,"user_id":2,"role":"kabag"}}
{"time":"2026-09-11T05:26:42.503Z","level":"info","message":"HTTP request","meta":{"request_id":"eee164235714f1ea6a86e615","method":"GET","path":"/","status":304,"duration_ms":2,"user_id":2,"role":"kabag"}}
{"time":"2026-09-11T05:26:42.740Z","level":"info","message":"HTTP request","meta":{"request_id":"0b22987c01c36bceda8e6430","method":"GET","path":"/","status":304,"duration_ms":3,"user_id":2,"role":"kabag"}}
{"time":"2026-09-11T05:26:42.758Z","level":"info","message":"HTTP request","meta":{"request_id":"f58de07d1738fb0f3190cd24","method":"GET","path":"/","status":304,"duration_ms":5,"user_id":2,"role":"kabag"}}
{"time":"2026-09-11T05:26:43.182Z","level":"info","message":"HTTP request","meta":{"request_id":"7ee8787695c317d71153393f","method":"GET","path":"/","status":304,"duration_ms":12,"user_id":2,"role":"kabag"}}
{"time":"2026-09-11T05:26:43.202Z","level":"info","message":"HTTP request","meta":{"request_id":"6df5a690918b5d7b6e09a4f9","method":"GET","path":"/","status":304,"duration_ms":18,"user_id":2,"role":"kabag"}}
{"time":"2026-09-11T05:26:43.461Z","level":"info","message":"HTTP request","meta":{"request_id":"324a5bd037eaadc55477ee6a","method":"GET","path":"/summary","status":304,"duration_ms":2,"user_id":2,"role":"kabag"}}
{"time":"2026-09-11T05:26:43.468Z","level":"info","message":"HTTP request","meta":{"request_id":"9729f3c82c5a9d0ac0bd786f","method":"GET","path":"/activities","status":304,"duration_ms":3,"user_id":2,"role":"kabag"}}
{"time":"2026-09-11T05:26:43.474Z","level":"info","message":"HTTP request","meta":{"request_id":"1668da1692e0c22ebeb7b7a1","method":"GET","path":"/summary","status":304,"duration_ms":8,"user_id":2,"role":"kabag"}}
{"time":"2026-09-11T05:26:43.482Z","level":"info","message":"HTTP request","meta":{"request_id":"7441abac95e59e51aabb58e3","method":"GET","path":"/activities","status":304,"duration_ms":5,"user_id":2,"role":"kabag"}}
{"time":"2026-09-11T05:26:43.733Z","level":"info","message":"HTTP request","meta":{"request_id":"2ad70219b5d3a2f3c7d7846b","method":"GET","path":"/","status":304,"duration_ms":13,"user_id":2,"role":"kabag"}}
{"time":"2026-09-11T05:26:43.753Z","level":"info","message":"HTTP request","meta":{"request_id":"52a54d6cf168787061a21e6e","method":"GET","path":"/","status":304,"duration_ms":14,"user_id":2,"role":"kabag"}}
{"time":"2026-09-11T05:26:43.954Z","level":"info","message":"HTTP request","meta":{"request_id":"643df07857ebebc218d8fd88","method":"GET","path":"/","status":304,"duration_ms":4,"user_id":2,"role":"kabag"}}
{"time":"2026-09-11T05:26:43.963Z","level":"info","message":"HTTP request","meta":{"request_id":"140e6846e9917e0e1d4f227a","method":"GET","path":"/","status":304,"duration_ms":6,"user_id":2,"role":"kabag"}}
{"time":"2026-09-11T05:26:44.151Z","level":"info","message":"HTTP request","meta":{"request_id":"22013ac2349d3155006efc7d","method":"GET","path":"/","status":304,"duration_ms":3,"user_id":2,"role":"kabag"}}
{"time":"2026-09-11T05:26:44.161Z","level":"info","message":"HTTP request","meta":{"request_id":"70b468887e2947cfb2ea3284","method":"GET","path":"/","status":304,"duration_ms":4,"user_id":2,"role":"kabag"}}
{"time":"2026-09-11T05:26:45.341Z","level":"info","message":"HTTP request","meta":{"request_id":"99b8aed93fb83249cceeea73","method":"GET","path":"/","status":304,"duration_ms":3,"user_id":2,"role":"kabag"}}
{"time":"2026-09-11T05:26:45.346Z","level":"info","message":"HTTP request","meta":{"request_id":"26f96451550237bb7a4f3ecb","method":"GET","path":"/","status":304,"duration_ms":2,"user_id":2,"role":"kabag"}}
{"time":"2026-09-11T05:26:45.598Z","level":"info","message":"HTTP request","meta":{"request_id":"bc8a97c8d738c7669ada8ecd","method":"GET","path":"/","status":304,"duration_ms":2,"user_id":2,"role":"kabag"}}
{"time":"2026-09-11T05:26:45.600Z","level":"info","message":"HTTP request","meta":{"request_id":"5820ad32cbb29f2b598f944a","method":"GET","path":"/","status":304,"duration_ms":1,"user_id":2,"role":"kabag"}}
{"time":"2026-09-11T05:26:45.896Z","level":"info","message":"HTTP request","meta":{"request_id":"cdd0476979ae4f5c6d2cb5c6","method":"GET","path":"/","status":304,"duration_ms":4,"user_id":2,"role":"kabag"}}
{"time":"2026-09-11T05:26:45.901Z","level":"info","message":"HTTP request","meta":{"request_id":"8807024a4fe545624b097f05","method":"GET","path":"/","status":304,"duration_ms":3,"user_id":2,"role":"kabag"}}
{"time":"2026-09-11T05:26:46.415Z","level":"info","message":"HTTP request","meta":{"request_id":"2e0eddbe97590a11c96965e1","method":"GET","path":"/","status":304,"duration_ms":10,"user_id":2,"role":"kabag"}}
{"time":"2026-09-11T05:26:46.436Z","level":"info","message":"HTTP request","meta":{"request_id":"7b68128aaa97357309b32c95","method":"GET","path":"/","status":304,"duration_ms":19,"user_id":2,"role":"kabag"}}
{"time":"2026-09-11T05:26:46.706Z","level":"info","message":"HTTP request","meta":{"request_id":"b2d878229bf08943e0bbc096","method":"GET","path":"/summary","status":304,"duration_ms":3,"user_id":2,"role":"kabag"}}
{"time":"2026-09-11T05:26:46.720Z","level":"info","message":"HTTP request","meta":{"request_id":"6a7af8b28a30abf1bf7f9942","method":"GET","path":"/activities","status":304,"duration_ms":16,"user_id":2,"role":"kabag"}}
{"time":"2026-09-11T05:26:46.731Z","level":"info","message":"HTTP request","meta":{"request_id":"d61c19fada718c40f0862f33","method":"GET","path":"/summary","status":304,"duration_ms":6,"user_id":2,"role":"kabag"}}
{"time":"2026-09-11T05:26:46.737Z","level":"info","message":"HTTP request","meta":{"request_id":"8214ca98dd1d2e39931977d2","method":"GET","path":"/activities","status":304,"duration_ms":10,"user_id":2,"role":"kabag"}}
{"time":"2026-09-11T05:26:46.976Z","level":"info","message":"HTTP request","meta":{"request_id":"f7fc8b2f2617132a93bb0fee","method":"GET","path":"/","status":304,"duration_ms":11,"user_id":2,"role":"kabag"}}
{"time":"2026-09-11T05:26:47.003Z","level":"info","message":"HTTP request","meta":{"request_id":"307bb41ff2e5f24b544b1f36","method":"GET","path":"/","status":304,"duration_ms":18,"user_id":2,"role":"kabag"}}
{"time":"2026-09-11T05:26:47.255Z","level":"info","message":"HTTP request","meta":{"request_id":"ee001747eec6d3bcdcb951b6","method":"GET","path":"/","status":304,"duration_ms":3,"user_id":2,"role":"kabag"}}
{"time":"2026-09-11T05:26:47.265Z","level":"info","message":"HTTP request","meta":{"request_id":"3f89bbc00d82b03a25942dbd","method":"GET","path":"/","status":304,"duration_ms":5,"user_id":2,"role":"kabag"}}
{"time":"2026-09-11T05:26:47.801Z","level":"info","message":"HTTP request","meta":{"request_id":"4ec9d79820246438f4285fc1","method":"GET","path":"/","status":304,"duration_ms":8,"user_id":2,"role":"kabag"}}
{"time":"2026-09-11T05:26:47.808Z","level":"info","message":"HTTP request","meta":{"request_id":"485be4ee64777dc1b75cdd55","method":"GET","path":"/","status":304,"duration_ms":4,"user_id":2,"role":"kabag"}}
{"time":"2026-09-11T05:26:48.138Z","level":"info","message":"HTTP request","meta":{"request_id":"de739534859f43427b6dc6dd","method":"GET","path":"/","status":304,"duration_ms":2,"user_id":2,"role":"kabag"}}
{"time":"2026-09-11T05:26:48.142Z","level":"info","message":"HTTP request","meta":{"request_id":"227c481935c21d3e57802966","method":"GET","path":"/","status":304,"duration_ms":2,"user_id":2,"role":"kabag"}}
{"time":"2026-09-11T05:26:48.439Z","level":"info","message":"HTTP request","meta":{"request_id":"c334038c34c110a6d6a3f266","method":"GET","path":"/","status":304,"duration_ms":2,"user_id":2,"role":"kabag"}}
{"time":"2026-09-11T05:26:48.441Z","level":"info","message":"HTTP request","meta":{"request_id":"a1cc292a3a21cc19b3469847","method":"GET","path":"/","status":304,"duration_ms":1,"user_id":2,"role":"kabag"}}
{"time":"2026-09-11T05:26:48.831Z","level":"info","message":"HTTP request","meta":{"request_id":"b2ea84c04f1d962c5d0e18ef","method":"GET","path":"/","status":304,"duration_ms":2,"user_id":2,"role":"kabag"}}
{"time":"2026-09-11T05:26:48.836Z","level":"info","message":"HTTP request","meta":{"request_id":"ec787b59607eedb8da8f3ff2","method":"GET","path":"/","status":304,"duration_ms":4,"user_id":2,"role":"kabag"}}
{"time":"2026-09-11T05:26:49.539Z","level":"info","message":"HTTP request","meta":{"request_id":"adf0005cc75ebfd68a6dc66c","method":"GET","path":"/","status":304,"duration_ms":13,"user_id":2,"role":"kabag"}}
{"time":"2026-09-11T05:26:49.567Z","level":"info","message":"HTTP request","meta":{"request_id":"d2cf27bd35913c16265a44f8","method":"GET","path":"/","status":304,"duration_ms":24,"user_id":2,"role":"kabag"}}
{"time":"2026-09-11T05:26:49.837Z","level":"info","message":"HTTP request","meta":{"request_id":"9e6a435555f86967ceb83102","method":"GET","path":"/summary","status":304,"duration_ms":6,"user_id":2,"role":"kabag"}}
{"time":"2026-09-11T05:26:49.844Z","level":"info","message":"HTTP request","meta":{"request_id":"d67102738db8b6f972590292","method":"GET","path":"/activities","status":304,"duration_ms":10,"user_id":2,"role":"kabag"}}
{"time":"2026-09-11T05:26:49.851Z","level":"info","message":"HTTP request","meta":{"request_id":"9da388d15dd2a56018ba8186","method":"GET","path":"/summary","status":304,"duration_ms":4,"user_id":2,"role":"kabag"}}
{"time":"2026-09-11T05:26:49.856Z","level":"info","message":"HTTP request","meta":{"request_id":"dcf1bfb8f23a6548ec728095","method":"GET","path":"/activities","status":304,"duration_ms":7,"user_id":2,"role":"kabag"}}
{"time":"2026-09-11T05:26:50.604Z","level":"info","message":"HTTP request","meta":{"request_id":"e4e79533821b15b6771abb0e","method":"GET","path":"/","status":304,"duration_ms":11,"user_id":2,"role":"kabag"}}
{"time":"2026-09-11T05:26:50.629Z","level":"info","message":"HTTP request","meta":{"request_id":"243a38a1675afc607b0336ac","method":"GET","path":"/","status":304,"duration_ms":21,"user_id":2,"role":"kabag"}}
{"time":"2026-09-11T05:26:51.212Z","level":"info","message":"HTTP request","meta":{"request_id":"a7d715382ec8acdd5f63ec9b","method":"GET","path":"/","status":304,"duration_ms":3,"user_id":2,"role":"kabag"}}
{"time":"2026-09-11T05:26:51.219Z","level":"info","message":"HTTP request","meta":{"request_id":"408cc3a7e5b31c600a703b17","method":"GET","path":"/","status":304,"duration_ms":3,"user_id":2,"role":"kabag"}}
{"time":"2026-09-11T05:26:52.681Z","level":"info","message":"HTTP request","meta":{"request_id":"e5692ce19f7d46b59c43e240","method":"GET","path":"/","status":304,"duration_ms":13,"user_id":2,"role":"kabag"}}
{"time":"2026-09-11T05:26:52.704Z","level":"info","message":"HTTP request","meta":{"request_id":"d2e5a920193cb8736ffce027","method":"GET","path":"/","status":304,"duration_ms":15,"user_id":2,"role":"kabag"}}
{"time":"2026-09-11T05:26:53.020Z","level":"info","message":"HTTP request","meta":{"request_id":"82bff06cb3fb3d2494f714ae","method":"GET","path":"/","status":304,"duration_ms":3,"user_id":2,"role":"kabag"}}
{"time":"2026-09-11T05:26:53.026Z","level":"info","message":"HTTP request","meta":{"request_id":"4f9e8fd613213180aae5d2fa","method":"GET","path":"/","status":304,"duration_ms":2,"user_id":2,"role":"kabag"}}
{"time":"2026-09-11T05:26:53.400Z","level":"info","message":"HTTP request","meta":{"request_id":"db23e11ab6e8cb1f6725367a","method":"GET","path":"/","status":304,"duration_ms":1,"user_id":2,"role":"kabag"}}
{"time":"2026-09-11T05:26:53.404Z","level":"info","message":"HTTP request","meta":{"request_id":"a43ebb9dbf586c580022540f","method":"GET","path":"/","status":304,"duration_ms":2,"user_id":2,"role":"kabag"}}
{"time":"2026-09-11T05:26:56.951Z","level":"info","message":"HTTP request","meta":{"request_id":"9a316d90fe4342fcd7a9e2f4","method":"GET","path":"/","status":304,"duration_ms":2,"user_id":2,"role":"kabag"}}
{"time":"2026-09-11T05:26:56.955Z","level":"info","message":"HTTP request","meta":{"request_id":"2b47e7726d4244d0b12aeaa8","method":"GET","path":"/","status":304,"duration_ms":2,"user_id":2,"role":"kabag"}}
{"time":"2026-09-11T05:26:57.308Z","level":"info","message":"HTTP request","meta":{"request_id":"d0158a74ee3bdcf864d36be2","method":"GET","path":"/","status":304,"duration_ms":1,"user_id":2,"role":"kabag"}}
{"time":"2026-09-11T05:26:57.313Z","level":"info","message":"HTTP request","meta":{"request_id":"afd3fcf045e728fd71b0a7ee","method":"GET","path":"/","status":304,"duration_ms":2,"user_id":2,"role":"kabag"}}
{"time":"2026-09-11T05:26:57.694Z","level":"info","message":"HTTP request","meta":{"request_id":"57bd277ad078d370a35916b3","method":"GET","path":"/","status":304,"duration_ms":3,"user_id":2,"role":"kabag"}}
{"time":"2026-09-11T05:26:57.701Z","level":"info","message":"HTTP request","meta":{"request_id":"4770bf021ecf4eeb420e4092","method":"GET","path":"/","status":304,"duration_ms":2,"user_id":2,"role":"kabag"}}
{"time":"2026-09-11T05:27:08.944Z","level":"info","message":"HTTP request","meta":{"request_id":"5f6117da0eb8f38f53873927","method":"GET","path":"/","status":304,"duration_ms":2,"user_id":2,"role":"kabag"}}
{"time":"2026-09-11T05:27:08.948Z","level":"info","message":"HTTP request","meta":{"request_id":"b464eb214aaa6f3bd180b0b7","method":"GET","path":"/","status":304,"duration_ms":2,"user_id":2,"role":"kabag"}}
{"time":"2026-09-11T05:27:09.453Z","level":"info","message":"HTTP request","meta":{"request_id":"d4d30f2bc50eb926dd3de5ea","method":"GET","path":"/","status":304,"duration_ms":2,"user_id":2,"role":"kabag"}}
{"time":"2026-09-11T05:27:09.458Z","level":"info","message":"HTTP request","meta":{"request_id":"6735f606fdf00b6b091d620a","method":"GET","path":"/","status":304,"duration_ms":2,"user_id":2,"role":"kabag"}}
{"time":"2026-09-11T05:27:09.897Z","level":"info","message":"HTTP request","meta":{"request_id":"c255c7eeb245bb45479df038","method":"GET","path":"/","status":304,"duration_ms":10,"user_id":2,"role":"kabag"}}
{"time":"2026-09-11T05:27:09.911Z","level":"info","message":"HTTP request","meta":{"request_id":"7af817ab04cd53350d0c83aa","method":"GET","path":"/","status":304,"duration_ms":12,"user_id":2,"role":"kabag"}}
{"time":"2026-09-11T05:27:10.720Z","level":"info","message":"HTTP request","meta":{"request_id":"62531043f969ab25eb4acbe5","method":"GET","path":"/summary","status":304,"duration_ms":2,"user_id":2,"role":"kabag"}}
{"time":"2026-09-11T05:27:10.727Z","level":"info","message":"HTTP request","meta":{"request_id":"4a32a35e151633d03cea8ba8","method":"GET","path":"/activities","status":304,"duration_ms":4,"user_id":2,"role":"kabag"}}
{"time":"2026-09-11T05:27:10.733Z","level":"info","message":"HTTP request","meta":{"request_id":"538f794faf1a5606f7afd5d8","method":"GET","path":"/summary","status":304,"duration_ms":8,"user_id":2,"role":"kabag"}}
{"time":"2026-09-11T05:27:10.743Z","level":"info","message":"HTTP request","meta":{"request_id":"39c0b63aed1721b5094ba458","method":"GET","path":"/activities","status":304,"duration_ms":6,"user_id":2,"role":"kabag"}}
{"time":"2026-09-11T05:27:14.589Z","level":"info","message":"HTTP request","meta":{"request_id":"f37c4342319b8eaf479fc723","method":"GET","path":"/","status":304,"duration_ms":13,"user_id":2,"role":"kabag"}}
{"time":"2026-09-11T05:27:14.605Z","level":"info","message":"HTTP request","meta":{"request_id":"75e84fda30f1b7b33aa79cbe","method":"GET","path":"/","status":304,"duration_ms":14,"user_id":2,"role":"kabag"}}
{"time":"2026-09-11T06:38:16.639Z","level":"info","message":"DB connected","meta":{"database":"biro_umum_db","host":"localhost","port":5432}}
{"time":"2026-09-11T06:38:34.660Z","level":"info","message":"HTTP request","meta":{"request_id":"a0e94e578add912dd0227748","method":"GET","path":"/me","status":304,"duration_ms":13,"user_id":2,"role":"kabag"}}
{"time":"2026-09-11T06:38:34.664Z","level":"info","message":"HTTP request","meta":{"request_id":"3652641c1250e937fc391f2f","method":"GET","path":"/me","status":304,"duration_ms":2,"user_id":2,"role":"kabag"}}
{"time":"2026-09-11T06:38:34.739Z","level":"info","message":"HTTP request","meta":{"request_id":"45798d6e30340154556fc47a","method":"GET","path":"/","status":304,"duration_ms":10,"user_id":2,"role":"kabag"}}
{"time":"2026-09-11T06:38:34.751Z","level":"info","message":"HTTP request","meta":{"request_id":"ae7118efc1d7ffb4fa07591c","method":"GET","path":"/","status":304,"duration_ms":10,"user_id":2,"role":"kabag"}}
{"time":"2026-09-11T06:38:57.921Z","level":"info","message":"HTTP request","meta":{"request_id":"7bf9d126951bae1bdebe7681","method":"GET","path":"/activities","status":304,"duration_ms":8,"user_id":2,"role":"kabag"}}
{"time":"2026-09-11T06:38:57.930Z","level":"info","message":"HTTP request","meta":{"request_id":"ad240fe43448e9acc4ce4099","method":"GET","path":"/activities","status":304,"duration_ms":5,"user_id":2,"role":"kabag"}}
{"time":"2026-09-11T06:38:57.969Z","level":"info","message":"DB connected","meta":{"database":"biro_umum_db","host":"localhost","port":5432}}
{"time":"2026-09-11T06:38:57.977Z","level":"info","message":"HTTP request","meta":{"request_id":"e15b0d3835ea4cfe24f5a852","method":"GET","path":"/summary","status":304,"duration_ms":71,"user_id":2,"role":"kabag"}}
{"time":"2026-09-11T06:38:57.985Z","level":"info","message":"HTTP request","meta":{"request_id":"fcb89857c867bf8f2de4871b","method":"GET","path":"/summary","status":304,"duration_ms":5,"user_id":2,"role":"kabag"}}
{"time":"2026-09-11T06:39:14.205Z","level":"info","message":"HTTP request","meta":{"request_id":"9996b8120f1f9900de770e92","method":"GET","path":"/","status":304,"duration_ms":12,"user_id":2,"role":"kabag"}}
{"time":"2026-09-11T06:39:14.221Z","level":"info","message":"HTTP request","meta":{"request_id":"01ff0a660461b2eca72de10a","method":"GET","path":"/","status":304,"duration_ms":15,"user_id":2,"role":"kabag"}}
{"time":"2026-09-11T06:39:46.694Z","level":"info","message":"DB connected","meta":{"database":"biro_umum_db","host":"localhost","port":5432}}
{"time":"2026-09-11T06:39:46.704Z","level":"info","message":"HTTP request","meta":{"request_id":"749d4eb3793dd029a16afd06","method":"GET","path":"/","status":304,"duration_ms":53,"user_id":2,"role":"kabag"}}
{"time":"2026-09-11T06:39:46.709Z","level":"info","message":"HTTP request","meta":{"request_id":"857012f0aa99a1e5bd6ea6e3","method":"GET","path":"/","status":304,"duration_ms":3,"user_id":2,"role":"kabag"}}
{"time":"2026-09-11T06:39:52.823Z","level":"info","message":"HTTP request","meta":{"request_id":"5ea0d5b0ba216ea39d397939","method":"GET","path":"/","status":200,"duration_ms":2,"user_id":2,"role":"kabag"}}
{"time":"2026-09-11T06:39:53.768Z","level":"info","message":"HTTP request","meta":{"request_id":"7e908c8957705a2daa9e337b","method":"GET","path":"/","status":304,"duration_ms":3,"user_id":2,"role":"kabag"}}
{"time":"2026-09-11T06:39:54.618Z","level":"info","message":"HTTP request","meta":{"request_id":"4940f0e1515c268f50c300f6","method":"GET","path":"/","status":200,"duration_ms":2,"user_id":2,"role":"kabag"}}
{"time":"2026-09-11T06:39:55.504Z","level":"info","message":"HTTP request","meta":{"request_id":"4c57ebae3880781c30494367","method":"GET","path":"/","status":200,"duration_ms":2,"user_id":2,"role":"kabag"}}
{"time":"2026-09-11T06:39:56.114Z","level":"info","message":"HTTP request","meta":{"request_id":"8706171386d7e21aeba4a86b","method":"GET","path":"/","status":304,"duration_ms":8,"user_id":2,"role":"kabag"}}
{"time":"2026-09-11T06:39:56.120Z","level":"info","message":"HTTP request","meta":{"request_id":"7475d0126b88f0812a529375","method":"GET","path":"/","status":304,"duration_ms":2,"user_id":2,"role":"kabag"}}
{"time":"2026-09-11T06:40:16.145Z","level":"info","message":"HTTP request","meta":{"request_id":"533d87948a4663b9b2ae7030","method":"GET","path":"/","status":304,"duration_ms":6,"user_id":2,"role":"kabag"}}
{"time":"2026-09-11T06:40:16.150Z","level":"info","message":"HTTP request","meta":{"request_id":"ce823ec1aaa5782773949a42","method":"GET","path":"/","status":304,"duration_ms":2,"user_id":2,"role":"kabag"}}
{"time":"2026-09-14T01:40:32.923Z","level":"info","message":"DB connected","meta":{"database":"biro_umum_db","host":"localhost","port":5432}}
{"time":"2026-09-14T01:41:00.682Z","level":"info","message":"HTTP request","meta":{"request_id":"1d432eaee2b966f0249a4cd5","method":"GET","path":"/me","status":401,"duration_ms":9,"user_id":null,"role":null}}
{"time":"2026-09-14T01:41:00.691Z","level":"info","message":"HTTP request","meta":{"request_id":"01a4d11b481269138fe2bc95","method":"GET","path":"/me","status":401,"duration_ms":2,"user_id":null,"role":null}}
{"time":"2026-09-14T01:41:16.480Z","level":"info","message":"DB connected","meta":{"database":"biro_umum_db","host":"localhost","port":5432}}
{"time":"2026-09-14T01:41:16.565Z","level":"info","message":"HTTP request","meta":{"request_id":"7057a1bad60a92bbacd95192","method":"POST","path":"/login","status":200,"duration_ms":220,"user_id":null,"role":null}}
{"time":"2026-09-14T01:41:16.643Z","level":"info","message":"HTTP request","meta":{"request_id":"c3e7e6de22303bed5c3115d6","method":"GET","path":"/activities","status":304,"duration_ms":8,"user_id":2,"role":"kabag"}}
{"time":"2026-09-14T01:41:16.647Z","level":"info","message":"HTTP request","meta":{"request_id":"865bc466c6cf40c125d0aede","method":"GET","path":"/activities","status":304,"duration_ms":2,"user_id":2,"role":"kabag"}}
{"time":"2026-09-14T01:41:16.691Z","level":"info","message":"DB connected","meta":{"database":"biro_umum_db","host":"localhost","port":5432}}
{"time":"2026-09-14T01:41:16.703Z","level":"info","message":"DB connected","meta":{"database":"biro_umum_db","host":"localhost","port":5432}}
{"time":"2026-09-14T01:41:16.709Z","level":"info","message":"HTTP request","meta":{"request_id":"b36fce6f3569e7b5f3cb88e7","method":"GET","path":"/summary","status":304,"duration_ms":73,"user_id":2,"role":"kabag"}}
{"time":"2026-09-14T01:41:16.716Z","level":"info","message":"HTTP request","meta":{"request_id":"7bbac794918cced6b961a88d","method":"GET","path":"/summary","status":304,"duration_ms":5,"user_id":2,"role":"kabag"}}
{"time":"2026-09-14T01:41:18.840Z","level":"info","message":"HTTP request","meta":{"request_id":"b6a0718f118826ac3d70b4d3","method":"GET","path":"/","status":304,"duration_ms":12,"user_id":2,"role":"kabag"}}
{"time":"2026-09-14T01:41:18.854Z","level":"info","message":"HTTP request","meta":{"request_id":"0b5389703f6dcfdc3a491e1b","method":"GET","path":"/","status":304,"duration_ms":12,"user_id":2,"role":"kabag"}}
{"time":"2026-09-14T01:41:19.201Z","level":"info","message":"HTTP request","meta":{"request_id":"8b637d8c718749fc3cb7b136","method":"GET","path":"/","status":304,"duration_ms":3,"user_id":2,"role":"kabag"}}
{"time":"2026-09-14T01:41:19.206Z","level":"info","message":"HTTP request","meta":{"request_id":"4801996df9d8df806a5c1553","method":"GET","path":"/","status":304,"duration_ms":3,"user_id":2,"role":"kabag"}}
{"time":"2026-09-14T01:41:19.525Z","level":"info","message":"HTTP request","meta":{"request_id":"125d471104be0f0575c2ac45","method":"GET","path":"/summary","status":304,"duration_ms":3,"user_id":2,"role":"kabag"}}
{"time":"2026-09-14T01:41:19.529Z","level":"info","message":"HTTP request","meta":{"request_id":"8eef39b7d2f44b4522d66f20","method":"GET","path":"/activities","status":304,"duration_ms":5,"user_id":2,"role":"kabag"}}
{"time":"2026-09-14T01:41:19.536Z","level":"info","message":"HTTP request","meta":{"request_id":"0d89d2f07168b5220071a97b","method":"GET","path":"/summary","status":304,"duration_ms":5,"user_id":2,"role":"kabag"}}
{"time":"2026-09-14T01:41:19.542Z","level":"info","message":"HTTP request","meta":{"request_id":"24907c71079410fa8a54b7f6","method":"GET","path":"/activities","status":304,"duration_ms":8,"user_id":2,"role":"kabag"}}
{"time":"2026-09-14T01:41:50.165Z","level":"info","message":"DB connected","meta":{"database":"biro_umum_db","host":"localhost","port":5432}}
{"time":"2026-09-14T01:41:50.172Z","level":"info","message":"HTTP request","meta":{"request_id":"fb4dd7edd64d12cfb22a0170","method":"GET","path":"/","status":304,"duration_ms":53,"user_id":2,"role":"kabag"}}
{"time":"2026-09-14T01:41:50.176Z","level":"info","message":"HTTP request","meta":{"request_id":"ece7e116986aaae24dde23e1","method":"GET","path":"/","status":304,"duration_ms":2,"user_id":2,"role":"kabag"}}
{"time":"2026-09-14T01:41:50.913Z","level":"info","message":"HTTP request","meta":{"request_id":"402624d99185bf289c7d674b","method":"GET","path":"/","status":304,"duration_ms":5,"user_id":2,"role":"kabag"}}
{"time":"2026-09-14T01:41:50.916Z","level":"info","message":"HTTP request","meta":{"request_id":"627f159f690781173695d19d","method":"GET","path":"/","status":304,"duration_ms":1,"user_id":2,"role":"kabag"}}
{"time":"2026-09-14T01:41:51.426Z","level":"info","message":"HTTP request","meta":{"request_id":"86097f0e5235372c585914f4","method":"GET","path":"/","status":304,"duration_ms":2,"user_id":2,"role":"kabag"}}
{"time":"2026-09-14T01:41:51.430Z","level":"info","message":"HTTP request","meta":{"request_id":"d13005af64e60d3ef1424847","method":"GET","path":"/","status":304,"duration_ms":2,"user_id":2,"role":"kabag"}}
{"time":"2026-09-14T01:41:52.818Z","level":"info","message":"HTTP request","meta":{"request_id":"57397c56f6d7cf6807604d29","method":"GET","path":"/","status":304,"duration_ms":7,"user_id":2,"role":"kabag"}}
{"time":"2026-09-14T01:41:52.822Z","level":"info","message":"HTTP request","meta":{"request_id":"9f1366f8cda690d27f29a789","method":"GET","path":"/","status":304,"duration_ms":2,"user_id":2,"role":"kabag"}}
{"time":"2026-09-14T01:41:53.158Z","level":"info","message":"HTTP request","meta":{"request_id":"556c36cd4d1596e3458e1076","method":"GET","path":"/","status":304,"duration_ms":3,"user_id":2,"role":"kabag"}}
{"time":"2026-09-14T01:41:53.165Z","level":"info","message":"HTTP request","meta":{"request_id":"05c0e1b61ee8e74f2d095aba","method":"GET","path":"/","status":304,"duration_ms":3,"user_id":2,"role":"kabag"}}
{"time":"2026-09-14T01:41:53.807Z","level":"info","message":"HTTP request","meta":{"request_id":"ccd3f295dbbfdd2ac907df28","method":"GET","path":"/","status":304,"duration_ms":1,"user_id":2,"role":"kabag"}}
{"time":"2026-09-14T01:41:53.811Z","level":"info","message":"HTTP request","meta":{"request_id":"23d063d6100bad2000c8f953","method":"GET","path":"/","status":304,"duration_ms":2,"user_id":2,"role":"kabag"}}
{"time":"2026-09-14T01:42:01.429Z","level":"info","message":"HTTP request","meta":{"request_id":"92465d0ecf49fd8f826023aa","method":"GET","path":"/","status":304,"duration_ms":1,"user_id":2,"role":"kabag"}}
{"time":"2026-09-14T01:42:01.433Z","level":"info","message":"HTTP request","meta":{"request_id":"cf03d667e1c3723ea8f01090","method":"GET","path":"/","status":304,"duration_ms":2,"user_id":2,"role":"kabag"}}
{"time":"2026-09-14T01:42:02.142Z","level":"info","message":"HTTP request","meta":{"request_id":"e1ac6ab7064de2fb80e25d47","method":"GET","path":"/","status":304,"duration_ms":2,"user_id":2,"role":"kabag"}}
{"time":"2026-09-14T01:42:02.147Z","level":"info","message":"HTTP request","meta":{"request_id":"d39eb48e19b059d94b9f88d8","method":"GET","path":"/","status":304,"duration_ms":2,"user_id":2,"role":"kabag"}}
{"time":"2026-09-14T01:42:02.988Z","level":"info","message":"HTTP request","meta":{"request_id":"264863bbfcf213aa8f8dd51c","method":"GET","path":"/","status":304,"duration_ms":2,"user_id":2,"role":"kabag"}}
{"time":"2026-09-14T01:42:02.993Z","level":"info","message":"HTTP request","meta":{"request_id":"d62a6fde02c4d91701ad860c","method":"GET","path":"/","status":304,"duration_ms":2,"user_id":2,"role":"kabag"}}
{"time":"2026-09-14T01:42:14.813Z","level":"info","message":"HTTP request","meta":{"request_id":"f23a1cca96255b9ef27f40be","method":"GET","path":"/","status":304,"duration_ms":2,"user_id":2,"role":"kabag"}}
{"time":"2026-09-14T01:42:14.816Z","level":"info","message":"HTTP request","meta":{"request_id":"6f681e653fb15d6e0323d01f","method":"GET","path":"/","status":304,"duration_ms":2,"user_id":2,"role":"kabag"}}
{"time":"2026-09-14T01:42:15.337Z","level":"info","message":"HTTP request","meta":{"request_id":"90f31404c04494194e7cc280","method":"GET","path":"/","status":304,"duration_ms":2,"user_id":2,"role":"kabag"}}
{"time":"2026-09-14T01:42:15.340Z","level":"info","message":"HTTP request","meta":{"request_id":"9da3666e9d384f142b972573","method":"GET","path":"/","status":304,"duration_ms":1,"user_id":2,"role":"kabag"}}
{"time":"2026-09-14T01:42:15.890Z","level":"info","message":"HTTP request","meta":{"request_id":"b9a3e4735de4701c2f8a042a","method":"GET","path":"/","status":304,"duration_ms":16,"user_id":2,"role":"kabag"}}
{"time":"2026-09-14T01:42:15.904Z","level":"info","message":"HTTP request","meta":{"request_id":"3ee727acda2ba8642b5626e7","method":"GET","path":"/","status":304,"duration_ms":12,"user_id":2,"role":"kabag"}}
{"time":"2026-09-14T01:42:16.358Z","level":"info","message":"DB connected","meta":{"database":"biro_umum_db","host":"localhost","port":5432}}
{"time":"2026-09-14T01:42:16.365Z","level":"info","message":"HTTP request","meta":{"request_id":"44abbbdda5095af0e5425f0c","method":"GET","path":"/summary","status":304,"duration_ms":68,"user_id":2,"role":"kabag"}}
{"time":"2026-09-14T01:42:16.368Z","level":"info","message":"DB connected","meta":{"database":"biro_umum_db","host":"localhost","port":5432}}
{"time":"2026-09-14T01:42:16.375Z","level":"info","message":"HTTP request","meta":{"request_id":"4c6369f1d175f6d0c72910c1","method":"GET","path":"/summary","status":304,"duration_ms":6,"user_id":2,"role":"kabag"}}
{"time":"2026-09-14T01:42:16.378Z","level":"info","message":"HTTP request","meta":{"request_id":"ad245bc6cda40785527856f9","method":"GET","path":"/activities","status":304,"duration_ms":79,"user_id":2,"role":"kabag"}}
{"time":"2026-09-14T01:42:16.384Z","level":"info","message":"HTTP request","meta":{"request_id":"56451332f78e15547987db27","method":"GET","path":"/activities","status":304,"duration_ms":2,"user_id":2,"role":"kabag"}}
{"time":"2026-09-14T01:42:19.369Z","level":"info","message":"HTTP request","meta":{"request_id":"c49472bcac9ac597d1de35fe","method":"GET","path":"/","status":304,"duration_ms":13,"user_id":2,"role":"kabag"}}
{"time":"2026-09-14T01:42:19.382Z","level":"info","message":"HTTP request","meta":{"request_id":"89c98ca7841c952bd839d891","method":"GET","path":"/","status":304,"duration_ms":9,"user_id":2,"role":"kabag"}}
{"time":"2026-09-14T01:42:19.772Z","level":"info","message":"HTTP request","meta":{"request_id":"9898a9b7da55d486ee7c50a2","method":"GET","path":"/summary","status":304,"duration_ms":3,"user_id":2,"role":"kabag"}}
{"time":"2026-09-14T01:42:19.774Z","level":"info","message":"HTTP request","meta":{"request_id":"a5c18dfa081dadf06a01877e","method":"GET","path":"/activities","status":304,"duration_ms":3,"user_id":2,"role":"kabag"}}
{"time":"2026-09-14T01:42:19.780Z","level":"info","message":"HTTP request","meta":{"request_id":"a951e75fdd97f44622370eed","method":"GET","path":"/summary","status":304,"duration_ms":4,"user_id":2,"role":"kabag"}}
{"time":"2026-09-14T01:42:19.783Z","level":"info","message":"HTTP request","meta":{"request_id":"43cddc9f4710a7b3581bb420","method":"GET","path":"/activities","status":304,"duration_ms":5,"user_id":2,"role":"kabag"}}
{"time":"2026-09-14T01:42:20.368Z","level":"info","message":"HTTP request","meta":{"request_id":"4f76b0f5365b79c906a5c70e","method":"GET","path":"/","status":304,"duration_ms":13,"user_id":2,"role":"kabag"}}
{"time":"2026-09-14T01:42:20.385Z","level":"info","message":"HTTP request","meta":{"request_id":"56456646afd63347d3803692","method":"GET","path":"/","status":304,"duration_ms":9,"user_id":2,"role":"kabag"}}
{"time":"2026-09-14T01:42:21.422Z","level":"info","message":"HTTP request","meta":{"request_id":"53531757477f7bc128cfb3c1","method":"GET","path":"/summary","status":304,"duration_ms":2,"user_id":2,"role":"kabag"}}
{"time":"2026-09-14T01:42:21.424Z","level":"info","message":"HTTP request","meta":{"request_id":"42dfb1049929013d8232f992","method":"GET","path":"/activities","status":304,"duration_ms":3,"user_id":2,"role":"kabag"}}
{"time":"2026-09-14T01:42:21.428Z","level":"info","message":"HTTP request","meta":{"request_id":"c8dc9b1ceaa7b282cf56bbac","method":"GET","path":"/summary","status":304,"duration_ms":3,"user_id":2,"role":"kabag"}}
{"time":"2026-09-14T01:42:21.431Z","level":"info","message":"HTTP request","meta":{"request_id":"17dfefc5bc0df7d2965e150d","method":"GET","path":"/activities","status":304,"duration_ms":4,"user_id":2,"role":"kabag"}}
{"time":"2026-09-14T01:42:30.029Z","level":"info","message":"HTTP request","meta":{"request_id":"7eb3ed990c7e126de6bce443","method":"GET","path":"/summary","status":304,"duration_ms":1,"user_id":2,"role":"kabag"}}
{"time":"2026-09-14T01:42:30.034Z","level":"info","message":"HTTP request","meta":{"request_id":"5b755d16be3a4ab132f95800","method":"GET","path":"/activities","status":304,"duration_ms":4,"user_id":2,"role":"kabag"}}
{"time":"2026-09-14T01:42:30.036Z","level":"info","message":"HTTP request","meta":{"request_id":"d58d7cc3374b3a1f574aff73","method":"GET","path":"/summary","status":304,"duration_ms":4,"user_id":2,"role":"kabag"}}
{"time":"2026-09-14T01:42:30.040Z","level":"info","message":"HTTP request","meta":{"request_id":"8a26d11d221392301c5be3c6","method":"GET","path":"/activities","status":304,"duration_ms":2,"user_id":2,"role":"kabag"}}
{"time":"2026-09-14T01:42:30.648Z","level":"info","message":"HTTP request","meta":{"request_id":"f050925ee552ae3564df4a47","method":"GET","path":"/","status":304,"duration_ms":7,"user_id":2,"role":"kabag"}}
{"time":"2026-09-14T01:42:30.658Z","level":"info","message":"HTTP request","meta":{"request_id":"d81b200c90c5b34a7a0b928e","method":"GET","path":"/","status":304,"duration_ms":8,"user_id":2,"role":"kabag"}}
{"time":"2026-09-14T01:42:31.012Z","level":"info","message":"HTTP request","meta":{"request_id":"fe9aca8c6be84d1384fd8cec","method":"GET","path":"/","status":304,"duration_ms":3,"user_id":2,"role":"kabag"}}
{"time":"2026-09-14T01:42:31.018Z","level":"info","message":"HTTP request","meta":{"request_id":"7b4543b2afcc0196f3a51d66","method":"GET","path":"/","status":304,"duration_ms":3,"user_id":2,"role":"kabag"}}
{"time":"2026-09-14T01:42:31.315Z","level":"info","message":"HTTP request","meta":{"request_id":"e02c3984104fc0face80dd81","method":"GET","path":"/","status":304,"duration_ms":6,"user_id":2,"role":"kabag"}}
{"time":"2026-09-14T01:42:31.320Z","level":"info","message":"HTTP request","meta":{"request_id":"75c959bcca43c07250f90169","method":"GET","path":"/","status":304,"duration_ms":3,"user_id":2,"role":"kabag"}}
{"time":"2026-09-14T01:42:31.881Z","level":"info","message":"HTTP request","meta":{"request_id":"91f6f1ef3238465018588136","method":"GET","path":"/","status":304,"duration_ms":5,"user_id":2,"role":"kabag"}}
{"time":"2026-09-14T01:42:31.884Z","level":"info","message":"HTTP request","meta":{"request_id":"5e897eb615b59b8f7c165780","method":"GET","path":"/","status":304,"duration_ms":1,"user_id":2,"role":"kabag"}}
{"time":"2026-09-14T01:42:32.388Z","level":"info","message":"HTTP request","meta":{"request_id":"1f4bbfa4847f245072a4615f","method":"GET","path":"/","status":304,"duration_ms":1,"user_id":2,"role":"kabag"}}
{"time":"2026-09-14T01:42:32.393Z","level":"info","message":"HTTP request","meta":{"request_id":"46a4ddb36ca19f354f0a845f","method":"GET","path":"/","status":304,"duration_ms":2,"user_id":2,"role":"kabag"}}
{"time":"2026-09-14T01:42:32.651Z","level":"info","message":"HTTP request","meta":{"request_id":"f1474e61515ed72cbde30d30","method":"GET","path":"/","status":304,"duration_ms":2,"user_id":2,"role":"kabag"}}
{"time":"2026-09-14T01:42:32.654Z","level":"info","message":"HTTP request","meta":{"request_id":"3edbf33c2677bf5d8f34a5e0","method":"GET","path":"/","status":304,"duration_ms":2,"user_id":2,"role":"kabag"}}
{"time":"2026-09-14T01:42:33.200Z","level":"info","message":"HTTP request","meta":{"request_id":"2a072d04871dfedd1b9f6c77","method":"GET","path":"/","status":304,"duration_ms":8,"user_id":2,"role":"kabag"}}
{"time":"2026-09-14T01:42:33.214Z","level":"info","message":"HTTP request","meta":{"request_id":"fbef1142872c43ec773e057b","method":"GET","path":"/","status":304,"duration_ms":12,"user_id":2,"role":"kabag"}}
{"time":"2026-09-14T01:42:33.779Z","level":"info","message":"HTTP request","meta":{"request_id":"ab8ec58ce9d3ae3729de3349","method":"GET","path":"/summary","status":304,"duration_ms":4,"user_id":2,"role":"kabag"}}
{"time":"2026-09-14T01:42:33.781Z","level":"info","message":"HTTP request","meta":{"request_id":"6bc59810041e09da823a86da","method":"GET","path":"/activities","status":304,"duration_ms":5,"user_id":2,"role":"kabag"}}
{"time":"2026-09-14T01:42:33.788Z","level":"info","message":"HTTP request","meta":{"request_id":"4c01915e4b9e48d4ed70093a","method":"GET","path":"/summary","status":304,"duration_ms":3,"user_id":2,"role":"kabag"}}
{"time":"2026-09-14T01:42:33.791Z","level":"info","message":"HTTP request","meta":{"request_id":"1eed671119c5c9186956d4e6","method":"GET","path":"/activities","status":304,"duration_ms":5,"user_id":2,"role":"kabag"}}
{"time":"2026-09-14T01:43:23.016Z","level":"info","message":"DB connected","meta":{"database":"biro_umum_db","host":"localhost","port":5432}}
{"time":"2026-09-14T01:43:23.058Z","level":"info","message":"HTTP request","meta":{"request_id":"8823b0aba48530e7b553001c","method":"GET","path":"/","status":304,"duration_ms":242,"user_id":2,"role":"kabag"}}
{"time":"2026-09-14T01:43:23.079Z","level":"info","message":"HTTP request","meta":{"request_id":"ae6b9a850f8da316e009114c","method":"GET","path":"/","status":304,"duration_ms":18,"user_id":2,"role":"kabag"}}
{"time":"2026-09-14T01:43:55.992Z","level":"info","message":"DB connected","meta":{"database":"biro_umum_db","host":"localhost","port":5432}}
{"time":"2026-09-14T01:43:56.004Z","level":"info","message":"HTTP request","meta":{"request_id":"23b48e039717e90b6fcfce0f","method":"GET","path":"/","status":304,"duration_ms":66,"user_id":2,"role":"kabag"}}
{"time":"2026-09-14T01:43:56.009Z","level":"info","message":"HTTP request","meta":{"request_id":"dd02013c0de21e9f4839a703","method":"GET","path":"/","status":304,"duration_ms":3,"user_id":2,"role":"kabag"}}
{"time":"2026-09-14T01:43:57.129Z","level":"info","message":"HTTP request","meta":{"request_id":"bb4f1cc1491cbc42df4c239f","method":"GET","path":"/","status":304,"duration_ms":17,"user_id":2,"role":"kabag"}}
{"time":"2026-09-14T01:43:57.144Z","level":"info","message":"HTTP request","meta":{"request_id":"c11f7534b880e8affeb011ac","method":"GET","path":"/","status":304,"duration_ms":13,"user_id":2,"role":"kabag"}}
{"time":"2026-09-14T01:44:00.150Z","level":"info","message":"DB connected","meta":{"database":"biro_umum_db","host":"localhost","port":5432}}
{"time":"2026-09-14T01:44:00.158Z","level":"info","message":"HTTP request","meta":{"request_id":"06abe060e4fc0900fe9c5acc","method":"GET","path":"/activities","status":304,"duration_ms":63,"user_id":2,"role":"kabag"}}
{"time":"2026-09-14T01:44:00.163Z","level":"info","message":"HTTP request","meta":{"request_id":"22966a858fa77bd50dec9b85","method":"GET","path":"/activities","status":304,"duration_ms":3,"user_id":2,"role":"kabag"}}
{"time":"2026-09-14T01:44:00.239Z","level":"info","message":"DB connected","meta":{"database":"biro_umum_db","host":"localhost","port":5432}}
{"time":"2026-09-14T01:44:00.244Z","level":"info","message":"HTTP request","meta":{"request_id":"e14385bd46f17cf95b7c231f","method":"GET","path":"/summary","status":304,"duration_ms":151,"user_id":2,"role":"kabag"}}
{"time":"2026-09-14T01:44:00.249Z","level":"info","message":"HTTP request","meta":{"request_id":"c4eb64b62757b16833a4a3d0","method":"GET","path":"/summary","status":304,"duration_ms":4,"user_id":2,"role":"kabag"}}
{"time":"2026-09-14T01:44:01.048Z","level":"info","message":"HTTP request","meta":{"request_id":"d767926e0614271ff35d6037","method":"GET","path":"/","status":304,"duration_ms":13,"user_id":2,"role":"kabag"}}
{"time":"2026-09-14T01:44:01.070Z","level":"info","message":"HTTP request","meta":{"request_id":"736f483c0cc440e27c0a7b6c","method":"GET","path":"/","status":304,"duration_ms":19,"user_id":2,"role":"kabag"}}
{"time":"2026-09-14T01:44:39.966Z","level":"info","message":"DB connected","meta":{"database":"biro_umum_db","host":"localhost","port":5432}}
{"time":"2026-09-14T01:44:39.972Z","level":"info","message":"HTTP request","meta":{"request_id":"b209c3a365e57536250ddc22","method":"GET","path":"/","status":304,"duration_ms":146,"user_id":2,"role":"kabag"}}
{"time":"2026-09-14T01:44:39.976Z","level":"info","message":"HTTP request","meta":{"request_id":"258ab0eb90cd76281358a344","method":"GET","path":"/","status":304,"duration_ms":1,"user_id":2,"role":"kabag"}}
{"time":"2026-09-14T01:44:40.434Z","level":"info","message":"HTTP request","meta":{"request_id":"8b79a9ee0f917ff668992ab6","method":"GET","path":"/","status":304,"duration_ms":5,"user_id":2,"role":"kabag"}}
{"time":"2026-09-14T01:44:40.437Z","level":"info","message":"HTTP request","meta":{"request_id":"6d8f35b79ed3c8c5cab19179","method":"GET","path":"/","status":304,"duration_ms":1,"user_id":2,"role":"kabag"}}
{"time":"2026-09-14T01:44:41.117Z","level":"info","message":"HTTP request","meta":{"request_id":"68ba0328f9f2700bf1738472","method":"GET","path":"/","status":304,"duration_ms":2,"user_id":2,"role":"kabag"}}
{"time":"2026-09-14T01:44:41.121Z","level":"info","message":"HTTP request","meta":{"request_id":"dc26859d0b696b3882d55651","method":"GET","path":"/","status":304,"duration_ms":2,"user_id":2,"role":"kabag"}}
{"time":"2026-09-14T01:44:41.577Z","level":"info","message":"HTTP request","meta":{"request_id":"996d6efb768b6d41a97ee2e9","method":"GET","path":"/","status":304,"duration_ms":9,"user_id":2,"role":"kabag"}}
{"time":"2026-09-14T01:44:41.581Z","level":"info","message":"HTTP request","meta":{"request_id":"36cbeefc238a02ecec912f9f","method":"GET","path":"/","status":304,"duration_ms":2,"user_id":2,"role":"kabag"}}
{"time":"2026-09-14T01:44:41.941Z","level":"info","message":"HTTP request","meta":{"request_id":"046dd98cf7f0b2e4e2293430","method":"GET","path":"/","status":304,"duration_ms":3,"user_id":2,"role":"kabag"}}
{"time":"2026-09-14T01:44:41.945Z","level":"info","message":"HTTP request","meta":{"request_id":"c27e28d4b397c9d98e6c5249","method":"GET","path":"/","status":304,"duration_ms":2,"user_id":2,"role":"kabag"}}
{"time":"2026-09-14T01:44:45.782Z","level":"info","message":"HTTP request","meta":{"request_id":"9d4ac253c8d48f68cacb2358","method":"GET","path":"/","status":304,"duration_ms":13,"user_id":2,"role":"kabag"}}
{"time":"2026-09-14T01:44:45.798Z","level":"info","message":"HTTP request","meta":{"request_id":"1b90ac03750919ea75e3b1e3","method":"GET","path":"/","status":304,"duration_ms":11,"user_id":2,"role":"kabag"}}
{"time":"2026-09-14T01:44:46.502Z","level":"info","message":"HTTP request","meta":{"request_id":"b183d5425fbc8866c242f515","method":"GET","path":"/activities","status":304,"duration_ms":3,"user_id":2,"role":"kabag"}}
{"time":"2026-09-14T01:44:46.520Z","level":"info","message":"HTTP request","meta":{"request_id":"1949b8fc7697b5c0c4858b07","method":"GET","path":"/activities","status":304,"duration_ms":12,"user_id":2,"role":"kabag"}}
{"time":"2026-09-14T01:44:46.565Z","level":"info","message":"DB connected","meta":{"database":"biro_umum_db","host":"localhost","port":5432}}
{"time":"2026-09-14T01:44:46.573Z","level":"info","message":"HTTP request","meta":{"request_id":"fe453de16071bb5784d15d01","method":"GET","path":"/summary","status":304,"duration_ms":78,"user_id":2,"role":"kabag"}}
{"time":"2026-09-14T01:44:46.580Z","level":"info","message":"HTTP request","meta":{"request_id":"6a191932abd031bb945687a2","method":"GET","path":"/summary","status":304,"duration_ms":6,"user_id":2,"role":"kabag"}}
{"time":"2026-09-14T01:44:48.097Z","level":"info","message":"HTTP request","meta":{"request_id":"ed02a0c94f00e71240fd0149","method":"GET","path":"/","status":304,"duration_ms":12,"user_id":2,"role":"kabag"}}
{"time":"2026-09-14T01:44:48.110Z","level":"info","message":"HTTP request","meta":{"request_id":"9ebe0864f86c14760484f47d","method":"GET","path":"/","status":304,"duration_ms":10,"user_id":2,"role":"kabag"}}
{"time":"2026-09-14T01:44:48.671Z","level":"info","message":"HTTP request","meta":{"request_id":"e10685aababa67bc393793fe","method":"GET","path":"/summary","status":304,"duration_ms":1,"user_id":2,"role":"kabag"}}
{"time":"2026-09-14T01:44:48.677Z","level":"info","message":"HTTP request","meta":{"request_id":"8504855333e33519e556ba9d","method":"GET","path":"/summary","status":304,"duration_ms":3,"user_id":2,"role":"kabag"}}
{"time":"2026-09-14T01:44:48.727Z","level":"info","message":"DB connected","meta":{"database":"biro_umum_db","host":"localhost","port":5432}}
{"time":"2026-09-14T01:44:48.734Z","level":"info","message":"HTTP request","meta":{"request_id":"18a8e6418307e2b486bff202","method":"GET","path":"/activities","status":304,"duration_ms":59,"user_id":2,"role":"kabag"}}
{"time":"2026-09-14T01:44:48.737Z","level":"info","message":"HTTP request","meta":{"request_id":"a7ffc20c2bdc1c69dd981e91","method":"GET","path":"/activities","status":304,"duration_ms":2,"user_id":2,"role":"kabag"}}
{"time":"2026-09-14T01:45:09.749Z","level":"info","message":"HTTP request","meta":{"request_id":"1c438c9126727b50dfe44a1e","method":"GET","path":"/","status":304,"duration_ms":10,"user_id":2,"role":"kabag"}}
{"time":"2026-09-14T01:45:09.759Z","level":"info","message":"HTTP request","meta":{"request_id":"6715c7a28acc8562865f312a","method":"GET","path":"/","status":304,"duration_ms":8,"user_id":2,"role":"kabag"}}
{"time":"2026-09-14T01:45:11.617Z","level":"info","message":"HTTP request","meta":{"request_id":"4bbfa5143cc65e6321dae66e","method":"GET","path":"/","status":304,"duration_ms":6,"user_id":2,"role":"kabag"}}
{"time":"2026-09-14T01:45:11.621Z","level":"info","message":"HTTP request","meta":{"request_id":"d491c98481db93ec5e81b840","method":"GET","path":"/","status":304,"duration_ms":2,"user_id":2,"role":"kabag"}}
{"time":"2026-09-14T01:45:12.025Z","level":"info","message":"HTTP request","meta":{"request_id":"261ceb799b115e27890f911a","method":"GET","path":"/","status":304,"duration_ms":5,"user_id":2,"role":"kabag"}}
{"time":"2026-09-14T01:45:12.031Z","level":"info","message":"HTTP request","meta":{"request_id":"4d0de3d2bfc48efd908814f2","method":"GET","path":"/","status":304,"duration_ms":2,"user_id":2,"role":"kabag"}}
{"time":"2026-09-14T01:45:13.337Z","level":"info","message":"HTTP request","meta":{"request_id":"f6e73a0163ec5e012783fb63","method":"GET","path":"/","status":304,"duration_ms":2,"user_id":2,"role":"kabag"}}
{"time":"2026-09-14T01:45:13.341Z","level":"info","message":"HTTP request","meta":{"request_id":"4805cc9a7c7722d41337af0d","method":"GET","path":"/","status":304,"duration_ms":2,"user_id":2,"role":"kabag"}}
{"time":"2026-09-14T01:45:13.896Z","level":"info","message":"HTTP request","meta":{"request_id":"17e18dc69ae1ae21882db263","method":"GET","path":"/","status":304,"duration_ms":2,"user_id":2,"role":"kabag"}}
{"time":"2026-09-14T01:45:13.900Z","level":"info","message":"HTTP request","meta":{"request_id":"c7e84efc3ede1ff2720fc059","method":"GET","path":"/","status":304,"duration_ms":2,"user_id":2,"role":"kabag"}}
{"time":"2026-09-14T01:45:14.401Z","level":"info","message":"HTTP request","meta":{"request_id":"8abfb490b7d69d5513c8764a","method":"GET","path":"/","status":304,"duration_ms":8,"user_id":2,"role":"kabag"}}
{"time":"2026-09-14T01:45:14.413Z","level":"info","message":"HTTP request","meta":{"request_id":"34d74a3d745a8a172135ee74","method":"GET","path":"/","status":304,"duration_ms":10,"user_id":2,"role":"kabag"}}
{"time":"2026-09-14T01:45:14.981Z","level":"info","message":"HTTP request","meta":{"request_id":"33b1c20f5065543492b10ff7","method":"GET","path":"/","status":304,"duration_ms":3,"user_id":2,"role":"kabag"}}
{"time":"2026-09-14T01:45:14.985Z","level":"info","message":"HTTP request","meta":{"request_id":"b09d998fd702f258e15ab901","method":"GET","path":"/","status":304,"duration_ms":2,"user_id":2,"role":"kabag"}}
{"time":"2026-09-14T01:45:15.499Z","level":"info","message":"HTTP request","meta":{"request_id":"0929c48de59886abe15ddfd0","method":"GET","path":"/","status":304,"duration_ms":1,"user_id":2,"role":"kabag"}}
{"time":"2026-09-14T01:45:15.503Z","level":"info","message":"HTTP request","meta":{"request_id":"f96bd23a41c448ef552faa93","method":"GET","path":"/","status":304,"duration_ms":1,"user_id":2,"role":"kabag"}}
{"time":"2026-09-14T01:45:17.288Z","level":"info","message":"HTTP request","meta":{"request_id":"8e4be2246eee8068f78eeb1b","method":"GET","path":"/","status":304,"duration_ms":2,"user_id":2,"role":"kabag"}}
{"time":"2026-09-14T01:45:17.292Z","level":"info","message":"HTTP request","meta":{"request_id":"76aa6aa260d25ac05dcf1b52","method":"GET","path":"/","status":304,"duration_ms":3,"user_id":2,"role":"kabag"}}
{"time":"2026-09-14T01:45:18.164Z","level":"info","message":"HTTP request","meta":{"request_id":"5531d0585e1f3f066d019589","method":"GET","path":"/","status":304,"duration_ms":2,"user_id":2,"role":"kabag"}}
{"time":"2026-09-14T01:45:18.168Z","level":"info","message":"HTTP request","meta":{"request_id":"218fa224e4c9fe0841190410","method":"GET","path":"/","status":304,"duration_ms":3,"user_id":2,"role":"kabag"}}
{"time":"2026-09-14T01:45:18.921Z","level":"info","message":"HTTP request","meta":{"request_id":"0ee74abce7ed6ef331433a4a","method":"GET","path":"/","status":304,"duration_ms":1,"user_id":2,"role":"kabag"}}
{"time":"2026-09-14T01:45:18.926Z","level":"info","message":"HTTP request","meta":{"request_id":"fe21271f051d27f32e02e248","method":"GET","path":"/","status":304,"duration_ms":3,"user_id":2,"role":"kabag"}}
{"time":"2026-09-14T01:45:19.413Z","level":"info","message":"HTTP request","meta":{"request_id":"f2ae53c4aa56dfb2d1c1da18","method":"GET","path":"/","status":304,"duration_ms":10,"user_id":2,"role":"kabag"}}
{"time":"2026-09-14T01:45:19.425Z","level":"info","message":"HTTP request","meta":{"request_id":"42ae94815e125043a48022ac","method":"GET","path":"/","status":304,"duration_ms":10,"user_id":2,"role":"kabag"}}
{"time":"2026-09-14T01:45:19.768Z","level":"info","message":"DB connected","meta":{"database":"biro_umum_db","host":"localhost","port":5432}}
{"time":"2026-09-14T01:45:19.774Z","level":"info","message":"HTTP request","meta":{"request_id":"7e82ffad6d9c641e7ab56db0","method":"GET","path":"/summary","status":304,"duration_ms":58,"user_id":2,"role":"kabag"}}
{"time":"2026-09-14T01:45:19.778Z","level":"info","message":"DB connected","meta":{"database":"biro_umum_db","host":"localhost","port":5432}}
{"time":"2026-09-14T01:45:19.781Z","level":"info","message":"HTTP request","meta":{"request_id":"9ed2b5d46be4948708637c63","method":"GET","path":"/summary","status":304,"duration_ms":5,"user_id":2,"role":"kabag"}}
{"time":"2026-09-14T01:45:19.787Z","level":"info","message":"HTTP request","meta":{"request_id":"59177205105d37bca3f169e4","method":"GET","path":"/activities","status":304,"duration_ms":70,"user_id":2,"role":"kabag"}}
{"time":"2026-09-14T01:45:19.790Z","level":"info","message":"HTTP request","meta":{"request_id":"5195e7f157b335a19883811d","method":"GET","path":"/activities","status":304,"duration_ms":2,"user_id":2,"role":"kabag"}}
{"time":"2026-09-14T01:45:21.281Z","level":"info","message":"HTTP request","meta":{"request_id":"eb268ff8de436a0c7de6d09d","method":"GET","path":"/","status":304,"duration_ms":13,"user_id":2,"role":"kabag"}}
{"time":"2026-09-14T01:45:21.293Z","level":"info","message":"HTTP request","meta":{"request_id":"15821ce8665fadf55334a90d","method":"GET","path":"/","status":304,"duration_ms":10,"user_id":2,"role":"kabag"}}
{"time":"2026-09-14T01:45:23.787Z","level":"info","message":"HTTP request","meta":{"request_id":"428769d98d33a1bffb59a8da","method":"GET","path":"/","status":304,"duration_ms":3,"user_id":2,"role":"kabag"}}
{"time":"2026-09-14T01:45:23.791Z","level":"info","message":"HTTP request","meta":{"request_id":"6e5cda61a687815b6c8a232c","method":"GET","path":"/","status":304,"duration_ms":2,"user_id":2,"role":"kabag"}}
{"time":"2026-09-14T01:45:24.505Z","level":"info","message":"HTTP request","meta":{"request_id":"86549ef006c6a36f60fe0e6e","method":"GET","path":"/","status":304,"duration_ms":6,"user_id":2,"role":"kabag"}}
{"time":"2026-09-14T01:45:24.510Z","level":"info","message":"HTTP request","meta":{"request_id":"160c228ef3c6027ad6b0cd6a","method":"GET","path":"/","status":304,"duration_ms":2,"user_id":2,"role":"kabag"}}
{"time":"2026-09-14T01:45:24.945Z","level":"info","message":"HTTP request","meta":{"request_id":"73a0232dd116434e3b694a99","method":"GET","path":"/","status":304,"duration_ms":4,"user_id":2,"role":"kabag"}}
{"time":"2026-09-14T01:45:24.948Z","level":"info","message":"HTTP request","meta":{"request_id":"8a48b1058367f51055acf289","method":"GET","path":"/","status":304,"duration_ms":1,"user_id":2,"role":"kabag"}}
{"time":"2026-09-14T01:45:25.448Z","level":"info","message":"HTTP request","meta":{"request_id":"a6979b1dab435ddc312171fd","method":"GET","path":"/","status":304,"duration_ms":2,"user_id":2,"role":"kabag"}}
{"time":"2026-09-14T01:45:25.451Z","level":"info","message":"HTTP request","meta":{"request_id":"8c531f3245737a046985c23d","method":"GET","path":"/","status":304,"duration_ms":2,"user_id":2,"role":"kabag"}}
{"time":"2026-09-14T01:45:25.864Z","level":"info","message":"HTTP request","meta":{"request_id":"dc352b89a5b955dbf687b778","method":"GET","path":"/","status":304,"duration_ms":2,"user_id":2,"role":"kabag"}}
{"time":"2026-09-14T01:45:25.867Z","level":"info","message":"HTTP request","meta":{"request_id":"08ed95f85b004bce4dc5d2be","method":"GET","path":"/","status":304,"duration_ms":2,"user_id":2,"role":"kabag"}}
{"time":"2026-09-14T01:45:26.195Z","level":"info","message":"HTTP request","meta":{"request_id":"dd9b90486a6881e855fcf89d","method":"GET","path":"/","status":304,"duration_ms":13,"user_id":2,"role":"kabag"}}
{"time":"2026-09-14T01:45:26.209Z","level":"info","message":"HTTP request","meta":{"request_id":"8fa12e275b1dd12c060a9836","method":"GET","path":"/","status":304,"duration_ms":11,"user_id":2,"role":"kabag"}}
{"time":"2026-09-14T01:45:26.486Z","level":"info","message":"HTTP request","meta":{"request_id":"c7eb2a60e30b2f607db381f7","method":"GET","path":"/summary","status":304,"duration_ms":3,"user_id":2,"role":"kabag"}}
{"time":"2026-09-14T01:45:26.488Z","level":"info","message":"HTTP request","meta":{"request_id":"0494590379b57bab02d9f130","method":"GET","path":"/activities","status":304,"duration_ms":4,"user_id":2,"role":"kabag"}}
{"time":"2026-09-14T01:45:26.493Z","level":"info","message":"HTTP request","meta":{"request_id":"d31b13c35dd3aebb58c3d1d3","method":"GET","path":"/summary","status":304,"duration_ms":3,"user_id":2,"role":"kabag"}}
{"time":"2026-09-14T01:45:26.495Z","level":"info","message":"HTTP request","meta":{"request_id":"d44a0fc3d8aad17157d5e7e0","method":"GET","path":"/activities","status":304,"duration_ms":3,"user_id":2,"role":"kabag"}}
{"time":"2026-09-14T01:45:29.457Z","level":"info","message":"HTTP request","meta":{"request_id":"f8e00336c6fa16712136c734","method":"GET","path":"/","status":304,"duration_ms":11,"user_id":2,"role":"kabag"}}
{"time":"2026-09-14T01:45:29.466Z","level":"info","message":"HTTP request","meta":{"request_id":"95c96f7db871d4f626222a2c","method":"GET","path":"/","status":304,"duration_ms":7,"user_id":2,"role":"kabag"}}
{"time":"2026-09-14T01:45:29.809Z","level":"info","message":"HTTP request","meta":{"request_id":"2645f1c1c8c00ac3b2687c05","method":"GET","path":"/","status":304,"duration_ms":7,"user_id":2,"role":"kabag"}}
{"time":"2026-09-14T01:45:29.812Z","level":"info","message":"HTTP request","meta":{"request_id":"5d1ff7c1708c71e5afd15162","method":"GET","path":"/","status":304,"duration_ms":2,"user_id":2,"role":"kabag"}}
{"time":"2026-09-14T01:45:30.339Z","level":"info","message":"HTTP request","meta":{"request_id":"e09fd7d99726db9f79633b26","method":"GET","path":"/","status":304,"duration_ms":1,"user_id":2,"role":"kabag"}}
{"time":"2026-09-14T01:45:30.346Z","level":"info","message":"HTTP request","meta":{"request_id":"287290ac0764030c217b395a","method":"GET","path":"/","status":304,"duration_ms":3,"user_id":2,"role":"kabag"}}
{"time":"2026-09-14T01:46:09.407Z","level":"info","message":"DB connected","meta":{"database":"biro_umum_db","host":"localhost","port":5432}}
{"time":"2026-09-14T01:46:09.412Z","level":"info","message":"HTTP request","meta":{"request_id":"8d5c721ec364d128ab30e786","method":"GET","path":"/","status":304,"duration_ms":44,"user_id":2,"role":"kabag"}}
{"time":"2026-09-14T01:46:09.415Z","level":"info","message":"HTTP request","meta":{"request_id":"4d98eb6138583683d66ee949","method":"GET","path":"/","status":304,"duration_ms":1,"user_id":2,"role":"kabag"}}
{"time":"2026-09-14T01:46:12.004Z","level":"info","message":"HTTP request","meta":{"request_id":"80391b8eaf39fd7fb00f917b","method":"GET","path":"/","status":304,"duration_ms":2,"user_id":2,"role":"kabag"}}
{"time":"2026-09-14T01:46:12.007Z","level":"info","message":"HTTP request","meta":{"request_id":"0c7f7e584f254d82c8ab0857","method":"GET","path":"/","status":304,"duration_ms":1,"user_id":2,"role":"kabag"}}
{"time":"2026-09-14T01:46:13.015Z","level":"info","message":"DB connected","meta":{"database":"biro_umum_db","host":"localhost","port":5432}}
{"time":"2026-09-14T01:46:13.019Z","level":"info","message":"HTTP request","meta":{"request_id":"dc1188aa2d97e01b4e36fcfc","method":"GET","path":"/summary","status":304,"duration_ms":137,"user_id":2,"role":"kabag"}}
{"time":"2026-09-14T01:46:13.024Z","level":"info","message":"HTTP request","meta":{"request_id":"a3f31ab9d6404e5d63a082d5","method":"GET","path":"/summary","status":304,"duration_ms":3,"user_id":2,"role":"kabag"}}
{"time":"2026-09-14T01:46:13.025Z","level":"info","message":"DB connected","meta":{"database":"biro_umum_db","host":"localhost","port":5432}}
{"time":"2026-09-14T01:46:13.030Z","level":"info","message":"HTTP request","meta":{"request_id":"b525ed1e1bac55718734cb4c","method":"GET","path":"/activities","status":304,"duration_ms":146,"user_id":2,"role":"kabag"}}
{"time":"2026-09-14T01:46:13.033Z","level":"info","message":"HTTP request","meta":{"request_id":"68817d58517bd5b3568df4cb","method":"GET","path":"/activities","status":304,"duration_ms":1,"user_id":2,"role":"kabag"}}
{"time":"2026-09-14T01:46:14.024Z","level":"info","message":"HTTP request","meta":{"request_id":"5e5adb2829a39bbe7ca85f31","method":"GET","path":"/","status":304,"duration_ms":12,"user_id":2,"role":"kabag"}}
{"time":"2026-09-14T01:46:14.038Z","level":"info","message":"HTTP request","meta":{"request_id":"d18e587f565dad8c27d79fd0","method":"GET","path":"/","status":304,"duration_ms":12,"user_id":2,"role":"kabag"}}
{"time":"2026-09-14T01:46:15.837Z","level":"info","message":"HTTP request","meta":{"request_id":"b262008be9be02ee6d9d0d6a","method":"GET","path":"/summary","status":304,"duration_ms":3,"user_id":2,"role":"kabag"}}
{"time":"2026-09-14T01:46:15.846Z","level":"info","message":"HTTP request","meta":{"request_id":"aa65348933cc55f4aec21c4a","method":"GET","path":"/activities","status":304,"duration_ms":11,"user_id":2,"role":"kabag"}}
{"time":"2026-09-14T01:46:15.858Z","level":"info","message":"HTTP request","meta":{"request_id":"45ee19ec89f2fc5a8c41fa24","method":"GET","path":"/summary","status":304,"duration_ms":4,"user_id":2,"role":"kabag"}}
{"time":"2026-09-14T01:46:15.862Z","level":"info","message":"HTTP request","meta":{"request_id":"2f3f202bbefc8f80004e8d42","method":"GET","path":"/activities","status":304,"duration_ms":6,"user_id":2,"role":"kabag"}}
{"time":"2026-09-14T01:46:17.465Z","level":"info","message":"HTTP request","meta":{"request_id":"18e0a29189f095fa25a082bb","method":"GET","path":"/","status":304,"duration_ms":5,"user_id":2,"role":"kabag"}}
{"time":"2026-09-14T01:46:17.469Z","level":"info","message":"HTTP request","meta":{"request_id":"8548dd7273dad2d0ff6146e4","method":"GET","path":"/","status":304,"duration_ms":2,"user_id":2,"role":"kabag"}}
{"time":"2026-09-14T01:46:23.938Z","level":"info","message":"HTTP request","meta":{"request_id":"7758d6cf38841be0adb0f1a0","method":"PUT","path":"/5","status":200,"duration_ms":7,"user_id":2,"role":"kabag"}}
{"time":"2026-09-14T01:46:27.494Z","level":"info","message":"HTTP request","meta":{"request_id":"42abc86e67b348145e1c5cc8","method":"PUT","path":"/5","status":200,"duration_ms":2,"user_id":2,"role":"kabag"}}
{"time":"2026-09-14T01:55:53.970Z","level":"info","message":"DB connected","meta":{"database":"biro_umum_db","host":"localhost","port":5432}}
{"time":"2026-09-14T01:55:53.975Z","level":"info","message":"DB connected","meta":{"database":"biro_umum_db","host":"localhost","port":5432}}
{"time":"2026-09-14T01:55:53.981Z","level":"info","message":"HTTP request","meta":{"request_id":"842f30588631ebfde7bf5f1f","method":"GET","path":"/activities","status":200,"duration_ms":52,"user_id":2,"role":"kabag"}}
{"time":"2026-09-14T01:55:53.985Z","level":"info","message":"HTTP request","meta":{"request_id":"172d206e9f1f76b25801cd39","method":"GET","path":"/activities","status":304,"duration_ms":2,"user_id":2,"role":"kabag"}}
{"time":"2026-09-14T01:55:54.080Z","level":"info","message":"DB connected","meta":{"database":"biro_umum_db","host":"localhost","port":5432}}
{"time":"2026-09-14T01:55:54.084Z","level":"info","message":"HTTP request","meta":{"request_id":"6b514a0ab01fbc481a690734","method":"GET","path":"/summary","status":304,"duration_ms":156,"user_id":2,"role":"kabag"}}
{"time":"2026-09-14T01:55:54.089Z","level":"info","message":"HTTP request","meta":{"request_id":"886bef7efa1e8788a0b3f0de","method":"GET","path":"/summary","status":304,"duration_ms":3,"user_id":2,"role":"kabag"}}
{"time":"2026-09-14T01:55:55.737Z","level":"info","message":"HTTP request","meta":{"request_id":"9135c3f4d094cb2ea5e216c6","method":"GET","path":"/","status":200,"duration_ms":7,"user_id":2,"role":"kabag"}}
{"time":"2026-09-14T01:55:55.742Z","level":"info","message":"HTTP request","meta":{"request_id":"dc3f2da5a98a18bd2b26e87a","method":"GET","path":"/","status":304,"duration_ms":2,"user_id":2,"role":"kabag"}}
{"time":"2026-09-14T01:55:57.191Z","level":"info","message":"HTTP request","meta":{"request_id":"33b6b59dede0dedc0a47127d","method":"GET","path":"/summary","status":304,"duration_ms":3,"user_id":2,"role":"kabag"}}
{"time":"2026-09-14T01:55:57.195Z","level":"info","message":"HTTP request","meta":{"request_id":"68fbcf11ebdc864016fb687f","method":"GET","path":"/summary","status":304,"duration_ms":2,"user_id":2,"role":"kabag"}}
{"time":"2026-09-14T01:55:57.197Z","level":"info","message":"HTTP request","meta":{"request_id":"74a29399192253fb1b177a2e","method":"GET","path":"/activities","status":304,"duration_ms":8,"user_id":2,"role":"kabag"}}
{"time":"2026-09-14T01:55:57.200Z","level":"info","message":"HTTP request","meta":{"request_id":"6ab42e4b7ef4a0b1c3d499ca","method":"GET","path":"/activities","status":304,"duration_ms":2,"user_id":2,"role":"kabag"}}
{"time":"2026-09-14T01:55:57.865Z","level":"info","message":"HTTP request","meta":{"request_id":"265ad695710689d75a84ca24","method":"GET","path":"/","status":304,"duration_ms":5,"user_id":2,"role":"kabag"}}
{"time":"2026-09-14T01:55:57.868Z","level":"info","message":"HTTP request","meta":{"request_id":"8f258d9d32984e59212ee26b","method":"GET","path":"/","status":304,"duration_ms":1,"user_id":2,"role":"kabag"}}
{"time":"2026-09-14T01:55:58.621Z","level":"info","message":"HTTP request","meta":{"request_id":"a737bc2b2e03e7015fd213e1","method":"GET","path":"/summary","status":304,"duration_ms":3,"user_id":2,"role":"kabag"}}
{"time":"2026-09-14T01:55:58.627Z","level":"info","message":"HTTP request","meta":{"request_id":"7d13df108402f87d95f1d12e","method":"GET","path":"/activities","status":304,"duration_ms":8,"user_id":2,"role":"kabag"}}
{"time":"2026-09-14T01:55:58.638Z","level":"info","message":"HTTP request","meta":{"request_id":"e7e9d01ac6ef91488a5861d6","method":"GET","path":"/summary","status":304,"duration_ms":7,"user_id":2,"role":"kabag"}}
{"time":"2026-09-14T01:55:58.641Z","level":"info","message":"HTTP request","meta":{"request_id":"e7646ef02f585d0fb7176e56","method":"GET","path":"/activities","status":304,"duration_ms":7,"user_id":2,"role":"kabag"}}
{"time":"2026-09-14T01:55:59.293Z","level":"info","message":"HTTP request","meta":{"request_id":"627e745173d41f374a0d9158","method":"GET","path":"/","status":304,"duration_ms":6,"user_id":2,"role":"kabag"}}
{"time":"2026-09-14T01:55:59.297Z","level":"info","message":"HTTP request","meta":{"request_id":"e6ec227df37db85157c18111","method":"GET","path":"/","status":304,"duration_ms":2,"user_id":2,"role":"kabag"}}
{"time":"2026-09-14T01:55:59.896Z","level":"info","message":"HTTP request","meta":{"request_id":"5ee1dfe2c89d80b11001bf65","method":"GET","path":"/summary","status":304,"duration_ms":4,"user_id":2,"role":"kabag"}}
{"time":"2026-09-14T01:55:59.898Z","level":"info","message":"HTTP request","meta":{"request_id":"9add2ac1264d4d8c0cbde137","method":"GET","path":"/activities","status":304,"duration_ms":5,"user_id":2,"role":"kabag"}}
{"time":"2026-09-14T01:55:59.903Z","level":"info","message":"HTTP request","meta":{"request_id":"837b19be3447819143fd1505","method":"GET","path":"/summary","status":304,"duration_ms":2,"user_id":2,"role":"kabag"}}
{"time":"2026-09-14T01:55:59.907Z","level":"info","message":"HTTP request","meta":{"request_id":"09038dd881d6436bcbfa8e0f","method":"GET","path":"/activities","status":304,"duration_ms":5,"user_id":2,"role":"kabag"}}
{"time":"2026-09-14T01:56:01.437Z","level":"info","message":"HTTP request","meta":{"request_id":"a2d1f7504b3b4edf5709205e","method":"GET","path":"/","status":304,"duration_ms":2,"user_id":2,"role":"kabag"}}
{"time":"2026-09-14T01:56:01.440Z","level":"info","message":"HTTP request","meta":{"request_id":"d210319a826beb1aafb027dd","method":"GET","path":"/","status":304,"duration_ms":2,"user_id":2,"role":"kabag"}}
{"time":"2026-09-14T01:56:01.727Z","level":"info","message":"HTTP request","meta":{"request_id":"0838ca9536961566beec2a27","method":"GET","path":"/","status":304,"duration_ms":5,"user_id":2,"role":"kabag"}}
{"time":"2026-09-14T01:56:01.730Z","level":"info","message":"HTTP request","meta":{"request_id":"804fbc3e4030f61a3c6749d9","method":"GET","path":"/","status":304,"duration_ms":2,"user_id":2,"role":"kabag"}}
{"time":"2026-09-14T01:56:33.307Z","level":"info","message":"DB connected","meta":{"database":"biro_umum_db","host":"localhost","port":5432}}
{"time":"2026-09-14T01:56:33.317Z","level":"info","message":"HTTP request","meta":{"request_id":"970e1fba90745ac9c5d2f9b4","method":"POST","path":"/","status":201,"duration_ms":155,"user_id":2,"role":"kabag"}}
{"time":"2026-09-14T01:56:33.328Z","level":"info","message":"HTTP request","meta":{"request_id":"6d5a1fdced2a123c7f98eda7","method":"GET","path":"/","status":200,"duration_ms":5,"user_id":2,"role":"kabag"}}
{"time":"2026-09-14T01:57:01.535Z","level":"info","message":"DB connected","meta":{"database":"biro_umum_db","host":"localhost","port":5432}}
{"time":"2026-09-14T01:57:01.541Z","level":"info","message":"HTTP request","meta":{"request_id":"95aeb555820b1b6eecd2b280","method":"GET","path":"/summary","status":304,"duration_ms":51,"user_id":2,"role":"kabag"}}
{"time":"2026-09-14T01:57:01.544Z","level":"info","message":"DB connected","meta":{"database":"biro_umum_db","host":"localhost","port":5432}}
{"time":"2026-09-14T01:57:01.547Z","level":"info","message":"HTTP request","meta":{"request_id":"55f98823dc62a1e79427c935","method":"GET","path":"/summary","status":304,"duration_ms":4,"user_id":2,"role":"kabag"}}
{"time":"2026-09-14T01:57:01.553Z","level":"info","message":"HTTP request","meta":{"request_id":"33d3cbbdf1109c1d533d3d6d","method":"GET","path":"/activities","status":304,"duration_ms":62,"user_id":2,"role":"kabag"}}
{"time":"2026-09-14T01:57:01.557Z","level":"info","message":"HTTP request","meta":{"request_id":"9e11d987398f3034064163c7","method":"GET","path":"/activities","status":304,"duration_ms":2,"user_id":2,"role":"kabag"}}
{"time":"2026-09-14T01:57:05.377Z","level":"info","message":"HTTP request","meta":{"request_id":"e0537658238c2d8e41d04f55","method":"GET","path":"/summary","status":304,"duration_ms":1,"user_id":2,"role":"kabag"}}
{"time":"2026-09-14T01:57:05.379Z","level":"info","message":"HTTP request","meta":{"request_id":"be589823c8e3f24da783ee3d","method":"GET","path":"/activities","status":304,"duration_ms":2,"user_id":2,"role":"kabag"}}
{"time":"2026-09-14T01:57:05.646Z","level":"info","message":"HTTP request","meta":{"request_id":"2c181c4296b60b9a74343740","method":"GET","path":"/summary","status":304,"duration_ms":2,"user_id":2,"role":"kabag"}}
{"time":"2026-09-14T01:57:05.647Z","level":"info","message":"HTTP request","meta":{"request_id":"2175bee18341475076b4254f","method":"GET","path":"/activities","status":304,"duration_ms":2,"user_id":2,"role":"kabag"}}
{"time":"2026-09-14T01:57:05.816Z","level":"info","message":"HTTP request","meta":{"request_id":"fb8b2090f0b68471bc32464f","method":"GET","path":"/summary","status":304,"duration_ms":1,"user_id":2,"role":"kabag"}}
{"time":"2026-09-14T01:57:05.817Z","level":"info","message":"HTTP request","meta":{"request_id":"f2047b98b7f4d6e0d8cb593c","method":"GET","path":"/activities","status":304,"duration_ms":1,"user_id":2,"role":"kabag"}}
{"time":"2026-09-14T01:57:06.004Z","level":"info","message":"HTTP request","meta":{"request_id":"bc570baca47ede13ee9457ea","method":"GET","path":"/summary","status":304,"duration_ms":1,"user_id":2,"role":"kabag"}}
{"time":"2026-09-14T01:57:06.005Z","level":"info","message":"HTTP request","meta":{"request_id":"fb35bfaedd440a32d6ff5611","method":"GET","path":"/activities","status":304,"duration_ms":2,"user_id":2,"role":"kabag"}}
{"time":"2026-09-14T01:57:06.181Z","level":"info","message":"HTTP request","meta":{"request_id":"758250816ca44fd8ea932813","method":"GET","path":"/summary","status":304,"duration_ms":2,"user_id":2,"role":"kabag"}}
{"time":"2026-09-14T01:57:06.182Z","level":"info","message":"HTTP request","meta":{"request_id":"7df50526e22427c6c40c3962","method":"GET","path":"/activities","status":304,"duration_ms":2,"user_id":2,"role":"kabag"}}
{"time":"2026-09-14T01:57:06.353Z","level":"info","message":"HTTP request","meta":{"request_id":"8ab355bfe8d35675a04676d0","method":"GET","path":"/summary","status":304,"duration_ms":2,"user_id":2,"role":"kabag"}}
{"time":"2026-09-14T01:57:06.355Z","level":"info","message":"HTTP request","meta":{"request_id":"45841db9c323c8dc75450d9a","method":"GET","path":"/activities","status":304,"duration_ms":3,"user_id":2,"role":"kabag"}}
{"time":"2026-09-14T01:57:07.097Z","level":"info","message":"HTTP request","meta":{"request_id":"f91107e5d7a29b91bb1e4208","method":"GET","path":"/","status":304,"duration_ms":13,"user_id":2,"role":"kabag"}}
{"time":"2026-09-14T01:57:07.112Z","level":"info","message":"HTTP request","meta":{"request_id":"2d2678b01f4c71ddf81223bb","method":"GET","path":"/","status":304,"duration_ms":12,"user_id":2,"role":"kabag"}}
{"time":"2026-09-14T01:57:07.460Z","level":"info","message":"HTTP request","meta":{"request_id":"9d6daf0881e475403129d39a","method":"GET","path":"/","status":304,"duration_ms":3,"user_id":2,"role":"kabag"}}
{"time":"2026-09-14T01:57:07.465Z","level":"info","message":"HTTP request","meta":{"request_id":"304efa3975beef2f7517e5cd","method":"GET","path":"/","status":304,"duration_ms":2,"user_id":2,"role":"kabag"}}
{"time":"2026-09-14T01:57:07.747Z","level":"info","message":"HTTP request","meta":{"request_id":"196f4aae769e7e33f5ec364d","method":"GET","path":"/","status":304,"duration_ms":8,"user_id":2,"role":"kabag"}}
{"time":"2026-09-14T01:57:07.761Z","level":"info","message":"HTTP request","meta":{"request_id":"dc2ff5476dcd9db5a8a06ae7","method":"GET","path":"/","status":304,"duration_ms":11,"user_id":2,"role":"kabag"}}
{"time":"2026-09-14T01:57:08.070Z","level":"info","message":"HTTP request","meta":{"request_id":"1d40bb99d6139f2ea812c46f","method":"GET","path":"/summary","status":304,"duration_ms":6,"user_id":2,"role":"kabag"}}
{"time":"2026-09-14T01:57:08.080Z","level":"info","message":"HTTP request","meta":{"request_id":"8de8e5667f3a79ab2f5a4094","method":"GET","path":"/activities","status":304,"duration_ms":13,"user_id":2,"role":"kabag"}}
{"time":"2026-09-14T01:57:08.092Z","level":"info","message":"HTTP request","meta":{"request_id":"bfe47742c28efb37e05ed048","method":"GET","path":"/summary","status":304,"duration_ms":4,"user_id":2,"role":"kabag"}}
{"time":"2026-09-14T01:57:08.097Z","level":"info","message":"HTTP request","meta":{"request_id":"a043c20d94f37076970ded90","method":"GET","path":"/activities","status":304,"duration_ms":8,"user_id":2,"role":"kabag"}}
{"time":"2026-09-14T01:57:08.515Z","level":"info","message":"HTTP request","meta":{"request_id":"8be9cbd2f456cb878eef8238","method":"GET","path":"/","status":304,"duration_ms":5,"user_id":2,"role":"kabag"}}
{"time":"2026-09-14T01:57:08.518Z","level":"info","message":"HTTP request","meta":{"request_id":"c597fab59fb417d8f5a719d7","method":"GET","path":"/","status":304,"duration_ms":2,"user_id":2,"role":"kabag"}}
{"time":"2026-09-14T01:57:08.915Z","level":"info","message":"HTTP request","meta":{"request_id":"89abb7f05c90816be2d2d3df","method":"GET","path":"/","status":304,"duration_ms":4,"user_id":2,"role":"kabag"}}
{"time":"2026-09-14T01:57:08.918Z","level":"info","message":"HTTP request","meta":{"request_id":"3f5138b9a32e67e01169e80a","method":"GET","path":"/","status":304,"duration_ms":2,"user_id":2,"role":"kabag"}}
{"time":"2026-09-14T01:57:09.347Z","level":"info","message":"HTTP request","meta":{"request_id":"525b8c79d7bc3ef3fbd13edd","method":"GET","path":"/","status":304,"duration_ms":7,"user_id":2,"role":"kabag"}}
{"time":"2026-09-14T01:57:09.358Z","level":"info","message":"HTTP request","meta":{"request_id":"92ce55af955f9822c00bdcc8","method":"GET","path":"/","status":304,"duration_ms":9,"user_id":2,"role":"kabag"}}
{"time":"2026-09-14T01:57:09.990Z","level":"info","message":"HTTP request","meta":{"request_id":"6279651be0c4f65987db9871","method":"GET","path":"/summary","status":304,"duration_ms":2,"user_id":2,"role":"kabag"}}
{"time":"2026-09-14T01:57:09.993Z","level":"info","message":"HTTP request","meta":{"request_id":"8235be4a52845ec91023b95a","method":"GET","path":"/activities","status":304,"duration_ms":4,"user_id":2,"role":"kabag"}}
{"time":"2026-09-14T01:57:09.999Z","level":"info","message":"HTTP request","meta":{"request_id":"d766540b3d5ff60179ec72e2","method":"GET","path":"/summary","status":304,"duration_ms":3,"user_id":2,"role":"kabag"}}
{"time":"2026-09-14T01:57:10.003Z","level":"info","message":"HTTP request","meta":{"request_id":"88ee237c5c9f256d7c1a8009","method":"GET","path":"/activities","status":304,"duration_ms":6,"user_id":2,"role":"kabag"}}
{"time":"2026-09-14T01:57:11.204Z","level":"info","message":"HTTP request","meta":{"request_id":"fa6c8339f4945f5b4f948b72","method":"GET","path":"/","status":304,"duration_ms":7,"user_id":2,"role":"kabag"}}
{"time":"2026-09-14T01:57:11.214Z","level":"info","message":"HTTP request","meta":{"request_id":"94742a68738fa009c12861e5","method":"GET","path":"/","status":304,"duration_ms":9,"user_id":2,"role":"kabag"}}
{"time":"2026-09-14T01:57:11.845Z","level":"info","message":"HTTP request","meta":{"request_id":"a146b7ec295e10fffac31f33","method":"GET","path":"/summary","status":304,"duration_ms":2,"user_id":2,"role":"kabag"}}
{"time":"2026-09-14T01:57:11.847Z","level":"info","message":"HTTP request","meta":{"request_id":"7a82c8a27dd0401e846fb7e1","method":"GET","path":"/activities","status":304,"duration_ms":3,"user_id":2,"role":"kabag"}}
{"time":"2026-09-14T01:57:11.852Z","level":"info","message":"HTTP request","meta":{"request_id":"aeb26dbfcc63a8f1a9a48448","method":"GET","path":"/summary","status":304,"duration_ms":2,"user_id":2,"role":"kabag"}}
{"time":"2026-09-14T01:57:11.854Z","level":"info","message":"HTTP request","meta":{"request_id":"075c3d2a30d97153a4d4a4ce","method":"GET","path":"/activities","status":304,"duration_ms":3,"user_id":2,"role":"kabag"}}
{"time":"2026-09-14T01:57:17.175Z","level":"info","message":"HTTP request","meta":{"request_id":"8226e7bace8941c820f29541","method":"GET","path":"/","status":304,"duration_ms":6,"user_id":2,"role":"kabag"}}
{"time":"2026-09-14T01:57:17.190Z","level":"info","message":"HTTP request","meta":{"request_id":"2a32f82cf6f75c72f778660f","method":"GET","path":"/","status":304,"duration_ms":12,"user_id":2,"role":"kabag"}}
{"time":"2026-09-14T01:58:00.830Z","level":"info","message":"DB connected","meta":{"database":"biro_umum_db","host":"localhost","port":5432}}
{"time":"2026-09-14T01:58:00.836Z","level":"info","message":"HTTP request","meta":{"request_id":"e99e440c7204832a104f8202","method":"GET","path":"/","status":304,"duration_ms":47,"user_id":2,"role":"kabag"}}
{"time":"2026-09-14T01:58:00.838Z","level":"info","message":"HTTP request","meta":{"request_id":"f9822267445b03dc0a324991","method":"GET","path":"/","status":304,"duration_ms":1,"user_id":2,"role":"kabag"}}
{"time":"2026-09-14T02:09:35.608Z","level":"info","message":"DB connected","meta":{"database":"biro_umum_db","host":"localhost","port":5432}}
{"time":"2026-09-14T02:09:35.616Z","level":"info","message":"HTTP request","meta":{"request_id":"6bc24780e60ccb1bef5eda8e","method":"GET","path":"/activities","status":304,"duration_ms":58,"user_id":2,"role":"kabag"}}
{"time":"2026-09-14T02:09:35.620Z","level":"info","message":"HTTP request","meta":{"request_id":"4a0341440ef50168995e099c","method":"GET","path":"/activities","status":304,"duration_ms":1,"user_id":2,"role":"kabag"}}
{"time":"2026-09-14T02:09:35.705Z","level":"info","message":"DB connected","meta":{"database":"biro_umum_db","host":"localhost","port":5432}}
{"time":"2026-09-14T02:09:35.707Z","level":"info","message":"DB connected","meta":{"database":"biro_umum_db","host":"localhost","port":5432}}
{"time":"2026-09-14T02:09:35.712Z","level":"info","message":"HTTP request","meta":{"request_id":"1f7d414388d3e50a07c3fd1f","method":"GET","path":"/summary","status":304,"duration_ms":155,"user_id":2,"role":"kabag"}}
{"time":"2026-09-14T02:09:35.718Z","level":"info","message":"HTTP request","meta":{"request_id":"8ef30cfc6aac62a1e1106b46","method":"GET","path":"/summary","status":304,"duration_ms":5,"user_id":2,"role":"kabag"}}
{"time":"2026-09-14T02:32:22.025Z","level":"info","message":"DB connected","meta":{"database":"biro_umum_db","host":"localhost","port":5432}}
{"time":"2026-09-14T02:32:22.042Z","level":"info","message":"HTTP request","meta":{"request_id":"ac44278b0934316d8f776df2","method":"GET","path":"/","status":304,"duration_ms":59,"user_id":2,"role":"kabag"}}
{"time":"2026-09-14T02:32:22.056Z","level":"info","message":"HTTP request","meta":{"request_id":"194874af426eb445980d2f4f","method":"GET","path":"/","status":304,"duration_ms":11,"user_id":2,"role":"kabag"}}
{"time":"2026-09-14T02:32:22.854Z","level":"info","message":"HTTP request","meta":{"request_id":"4bda98e0d7bc623836801d9a","method":"GET","path":"/","status":304,"duration_ms":4,"user_id":2,"role":"kabag"}}
{"time":"2026-09-14T02:32:22.858Z","level":"info","message":"HTTP request","meta":{"request_id":"f4540b0d88d0343c1c5fa7ae","method":"GET","path":"/","status":304,"duration_ms":2,"user_id":2,"role":"kabag"}}
{"time":"2026-09-14T02:32:23.317Z","level":"info","message":"DB connected","meta":{"database":"biro_umum_db","host":"localhost","port":5432}}
{"time":"2026-09-14T02:32:23.324Z","level":"info","message":"HTTP request","meta":{"request_id":"ca346d6c63f1083bd51da3a6","method":"GET","path":"/summary","status":304,"duration_ms":56,"user_id":2,"role":"kabag"}}
{"time":"2026-09-14T02:32:23.326Z","level":"info","message":"DB connected","meta":{"database":"biro_umum_db","host":"localhost","port":5432}}
{"time":"2026-09-14T02:32:23.333Z","level":"info","message":"HTTP request","meta":{"request_id":"82d92048742ddfab830564e0","method":"GET","path":"/summary","status":304,"duration_ms":5,"user_id":2,"role":"kabag"}}
{"time":"2026-09-14T02:32:23.337Z","level":"info","message":"HTTP request","meta":{"request_id":"aad5bc827d7c298f0e5fe68f","method":"GET","path":"/activities","status":304,"duration_ms":68,"user_id":2,"role":"kabag"}}
{"time":"2026-09-14T02:32:23.341Z","level":"info","message":"HTTP request","meta":{"request_id":"f5d228fec6d252a053548142","method":"GET","path":"/activities","status":304,"duration_ms":2,"user_id":2,"role":"kabag"}}
{"time":"2026-09-14T03:40:27.153Z","level":"info","message":"DB connected","meta":{"database":"biro_umum_db","host":"localhost","port":5432}}
{"time":"2026-09-14T03:40:27.168Z","level":"info","message":"HTTP request","meta":{"request_id":"1aace3efa70a8a11e65fb9a0","method":"GET","path":"/","status":304,"duration_ms":64,"user_id":2,"role":"kabag"}}
{"time":"2026-09-14T03:40:27.178Z","level":"info","message":"HTTP request","meta":{"request_id":"7120e3ff8b12cea07570aab9","method":"GET","path":"/","status":304,"duration_ms":8,"user_id":2,"role":"kabag"}}
{"time":"2026-09-14T03:45:47.455Z","level":"info","message":"DB connected","meta":{"database":"biro_umum_db","host":"localhost","port":5432}}
{"time":"2026-09-14T03:45:47.468Z","level":"info","message":"HTTP request","meta":{"request_id":"f5d069bae9549e36cf80a0eb","method":"GET","path":"/","status":304,"duration_ms":77,"user_id":2,"role":"kabag"}}
{"time":"2026-09-14T03:46:33.148Z","level":"info","message":"DB connected","meta":{"database":"biro_umum_db","host":"localhost","port":5432}}
{"time":"2026-09-14T03:46:33.156Z","level":"info","message":"HTTP request","meta":{"request_id":"e2fc967d8e5bda1907f1604a","method":"GET","path":"/","status":200,"duration_ms":70,"user_id":2,"role":"kabag"}}
{"time":"2026-09-14T03:46:56.272Z","level":"info","message":"HTTP request","meta":{"request_id":"8a1d59dd0469072a715f8bee","method":"GET","path":"/","status":200,"duration_ms":7,"user_id":2,"role":"kabag"}}
{"time":"2026-09-14T03:47:03.773Z","level":"info","message":"HTTP request","meta":{"request_id":"f6fb4c08d141c6727931a911","method":"GET","path":"/","status":200,"duration_ms":6,"user_id":2,"role":"kabag"}}
{"time":"2026-09-14T03:47:05.216Z","level":"info","message":"HTTP request","meta":{"request_id":"c86ad45d387fe47904542749","method":"GET","path":"/","status":304,"duration_ms":5,"user_id":2,"role":"kabag"}}
{"time":"2026-09-14T03:47:08.384Z","level":"info","message":"HTTP request","meta":{"request_id":"bdaa16d56b612776391cc284","method":"GET","path":"/","status":200,"duration_ms":7,"user_id":2,"role":"kabag"}}
{"time":"2026-09-14T03:47:11.170Z","level":"info","message":"HTTP request","meta":{"request_id":"fa0d009f32f42619528aa276","method":"GET","path":"/","status":304,"duration_ms":27,"user_id":2,"role":"kabag"}}
{"time":"2026-09-14T03:48:34.192Z","level":"info","message":"DB connected","meta":{"database":"biro_umum_db","host":"localhost","port":5432}}
{"time":"2026-09-14T03:48:34.201Z","level":"info","message":"HTTP request","meta":{"request_id":"51ea4aa77be3e5e751b8a957","method":"GET","path":"/","status":304,"duration_ms":197,"user_id":2,"role":"kabag"}}
{"time":"2026-09-14T03:48:37.845Z","level":"info","message":"HTTP request","meta":{"request_id":"a6be276861adbde67840970b","method":"GET","path":"/","status":304,"duration_ms":7,"user_id":2,"role":"kabag"}}
{"time":"2026-09-14T03:48:40.996Z","level":"info","message":"HTTP request","meta":{"request_id":"0d97c7daff0667b6ec73819a","method":"GET","path":"/","status":304,"duration_ms":26,"user_id":2,"role":"kabag"}}
{"time":"2026-09-14T03:48:42.725Z","level":"info","message":"HTTP request","meta":{"request_id":"9416d8c452504ab1bb789ed0","method":"GET","path":"/","status":304,"duration_ms":6,"user_id":2,"role":"kabag"}}
{"time":"2026-09-14T03:48:46.070Z","level":"info","message":"HTTP request","meta":{"request_id":"74602bf567bcaf5ee26b5c27","method":"GET","path":"/","status":304,"duration_ms":7,"user_id":2,"role":"kabag"}}
{"time":"2026-09-14T03:48:47.534Z","level":"info","message":"HTTP request","meta":{"request_id":"ffae2644090df1a134f2cdc8","method":"GET","path":"/","status":304,"duration_ms":24,"user_id":2,"role":"kabag"}}
{"time":"2026-09-14T07:17:14.595Z","level":"info","message":"DB connected","meta":{"database":"biro_umum_db","host":"localhost","port":5432}}
{"time":"2026-09-14T07:17:14.758Z","level":"info","message":"HTTP request","meta":{"request_id":"4806f1a5e0e2ca7dac61229c","method":"GET","path":"/","status":304,"duration_ms":11,"user_id":1,"role":"pic"}}
{"time":"2026-09-14T07:17:16.211Z","level":"info","message":"HTTP request","meta":{"request_id":"6854d1657324facf7f0ae8e1","method":"GET","path":"/me","status":304,"duration_ms":3,"user_id":1,"role":"pic"}}
{"time":"2026-09-14T07:17:16.219Z","level":"info","message":"HTTP request","meta":{"request_id":"255d9300f80b3149b74ce2bf","method":"GET","path":"/me","status":304,"duration_ms":3,"user_id":1,"role":"pic"}}
{"time":"2026-09-14T07:17:16.286Z","level":"info","message":"HTTP request","meta":{"request_id":"817b99c6fe7316f416a2652d","method":"GET","path":"/","status":304,"duration_ms":2,"user_id":1,"role":"pic"}}
{"time":"2026-09-14T07:17:16.292Z","level":"info","message":"HTTP request","meta":{"request_id":"dd420af33c5cfc0b613b9c5c","method":"GET","path":"/","status":304,"duration_ms":3,"user_id":1,"role":"pic"}}
{"time":"2026-09-14T07:17:17.320Z","level":"info","message":"HTTP request","meta":{"request_id":"791203256e71414c64a3e0ad","method":"GET","path":"/","status":304,"duration_ms":119,"user_id":1,"role":"pic"}}
{"time":"2026-09-14T07:17:17.483Z","level":"info","message":"HTTP request","meta":{"request_id":"92cf5953786f5c2ca8836389","method":"GET","path":"/","status":304,"duration_ms":159,"user_id":1,"role":"pic"}}
{"time":"2026-09-14T07:17:17.826Z","level":"info","message":"HTTP request","meta":{"request_id":"f0b677f65a99bac60157b029","method":"GET","path":"/","status":304,"duration_ms":3,"user_id":1,"role":"pic"}}
{"time":"2026-09-14T07:17:17.831Z","level":"info","message":"HTTP request","meta":{"request_id":"9954f2038fcc9c557b4ad798","method":"GET","path":"/","status":304,"duration_ms":3,"user_id":1,"role":"pic"}}
{"time":"2026-09-14T07:17:18.873Z","level":"info","message":"HTTP request","meta":{"request_id":"f87ef0dc28469a5961d6001d","method":"GET","path":"/","status":304,"duration_ms":111,"user_id":1,"role":"pic"}}
{"time":"2026-09-14T07:17:19.021Z","level":"info","message":"HTTP request","meta":{"request_id":"e8e33fc3255195196a97ada5","method":"GET","path":"/","status":304,"duration_ms":145,"user_id":1,"role":"pic"}}
{"time":"2026-09-14T07:17:19.198Z","level":"info","message":"HTTP request","meta":{"request_id":"0f300ba9ba9474d1125830f7","method":"GET","path":"/","status":304,"duration_ms":3,"user_id":1,"role":"pic"}}
{"time":"2026-09-14T07:17:19.227Z","level":"info","message":"HTTP request","meta":{"request_id":"222738d4f76ed379cbaefee9","method":"GET","path":"/","status":304,"duration_ms":16,"user_id":1,"role":"pic"}}
{"time":"2026-09-14T07:17:20.197Z","level":"info","message":"HTTP request","meta":{"request_id":"cc5b848398912749fe2248c0","method":"GET","path":"/","status":304,"duration_ms":104,"user_id":1,"role":"pic"}}
{"time":"2026-09-14T07:17:20.327Z","level":"info","message":"HTTP request","meta":{"request_id":"e4a8f8cf1f87daa2b4354ebc","method":"GET","path":"/","status":304,"duration_ms":129,"user_id":1,"role":"pic"}}
{"time":"2026-09-14T07:17:21.204Z","level":"info","message":"HTTP request","meta":{"request_id":"7a9db63b0fc1f5276c2a1647","method":"GET","path":"/","status":304,"duration_ms":2,"user_id":1,"role":"pic"}}
{"time":"2026-09-14T07:17:21.208Z","level":"info","message":"HTTP request","meta":{"request_id":"5476dcb02f1c91ed6f31977f","method":"GET","path":"/","status":304,"duration_ms":2,"user_id":1,"role":"pic"}}
{"time":"2026-09-14T07:17:21.752Z","level":"info","message":"DB connected","meta":{"database":"biro_umum_db","host":"localhost","port":5432}}
{"time":"2026-09-14T07:17:21.756Z","level":"info","message":"HTTP request","meta":{"request_id":"a654587c87786681ad3f58ad","method":"GET","path":"/summary","status":304,"duration_ms":152,"user_id":1,"role":"pic"}}
{"time":"2026-09-14T07:17:21.759Z","level":"info","message":"DB connected","meta":{"database":"biro_umum_db","host":"localhost","port":5432}}
{"time":"2026-09-14T07:17:21.762Z","level":"info","message":"HTTP request","meta":{"request_id":"3b054f14b2aa70a4596dfc5b","method":"GET","path":"/summary","status":304,"duration_ms":4,"user_id":1,"role":"pic"}}
{"time":"2026-09-14T07:17:21.767Z","level":"info","message":"HTTP request","meta":{"request_id":"4fd7dfc31db7ab82513550b3","method":"GET","path":"/activities","status":304,"duration_ms":160,"user_id":1,"role":"pic"}}
{"time":"2026-09-14T07:17:21.771Z","level":"info","message":"HTTP request","meta":{"request_id":"cb57dce85a3732cccc8dbd36","method":"GET","path":"/activities","status":304,"duration_ms":3,"user_id":1,"role":"pic"}}
{"time":"2026-09-14T07:18:56.853Z","level":"info","message":"DB connected","meta":{"database":"biro_umum_db","host":"localhost","port":5432}}
{"time":"2026-09-14T07:18:56.989Z","level":"info","message":"HTTP request","meta":{"request_id":"b3c61797324f2ced03ba46a3","method":"GET","path":"/","status":304,"duration_ms":192,"user_id":1,"role":"pic"}}
{"time":"2026-09-14T07:18:57.131Z","level":"info","message":"HTTP request","meta":{"request_id":"1985f908f583ef167fe8968c","method":"GET","path":"/","status":304,"duration_ms":138,"user_id":1,"role":"pic"}}
{"time":"2026-09-14T07:18:57.855Z","level":"info","message":"DB connected","meta":{"database":"biro_umum_db","host":"localhost","port":5432}}
{"time":"2026-09-14T07:18:57.862Z","level":"info","message":"HTTP request","meta":{"request_id":"2556945b4667d7edda03a8c7","method":"GET","path":"/summary","status":304,"duration_ms":55,"user_id":1,"role":"pic"}}
{"time":"2026-09-14T07:18:57.865Z","level":"info","message":"DB connected","meta":{"database":"biro_umum_db","host":"localhost","port":5432}}
{"time":"2026-09-14T07:18:57.874Z","level":"info","message":"HTTP request","meta":{"request_id":"d6b1ff0da2087e6eb7512e5a","method":"GET","path":"/summary","status":304,"duration_ms":7,"user_id":1,"role":"pic"}}
{"time":"2026-09-14T07:18:57.878Z","level":"info","message":"HTTP request","meta":{"request_id":"487084d40ad7db2eb2047bd3","method":"GET","path":"/activities","status":304,"duration_ms":69,"user_id":1,"role":"pic"}}
{"time":"2026-09-14T07:18:57.886Z","level":"info","message":"HTTP request","meta":{"request_id":"28347a60a53eeb16e6fc6d8d","method":"GET","path":"/activities","status":304,"duration_ms":5,"user_id":1,"role":"pic"}}
{"time":"2026-09-14T07:18:59.815Z","level":"info","message":"HTTP request","meta":{"request_id":"c1ef63a54c49067e57dfdff5","method":"GET","path":"/","status":304,"duration_ms":93,"user_id":1,"role":"pic"}}
{"time":"2026-09-14T07:18:59.949Z","level":"info","message":"HTTP request","meta":{"request_id":"e4d821dda4b850cef16a123a","method":"GET","path":"/","status":304,"duration_ms":127,"user_id":1,"role":"pic"}}
{"time":"2026-09-14T07:22:29.477Z","level":"info","message":"DB connected","meta":{"database":"biro_umum_db","host":"localhost","port":5432}}
{"time":"2026-09-14T07:22:29.485Z","level":"info","message":"HTTP request","meta":{"request_id":"ef5048ddf9ee7ed499106339","method":"GET","path":"/","status":200,"duration_ms":47,"user_id":1,"role":"pic"}}
{"time":"2026-09-14T07:22:30.402Z","level":"info","message":"HTTP request","meta":{"request_id":"b03149cdadee2a711a7a9996","method":"GET","path":"/","status":200,"duration_ms":83,"user_id":1,"role":"pic"}}
{"time":"2026-09-14T07:22:31.907Z","level":"info","message":"HTTP request","meta":{"request_id":"d6a43a4444c97163f4a6c905","method":"GET","path":"/","status":304,"duration_ms":83,"user_id":1,"role":"pic"}}
{"time":"2026-09-14T07:22:34.606Z","level":"info","message":"HTTP request","meta":{"request_id":"ecd2c986b8a39533b85a7ccd","method":"GET","path":"/","status":304,"duration_ms":2,"user_id":1,"role":"pic"}}
{"time":"2026-09-14T07:22:38.425Z","level":"info","message":"HTTP request","meta":{"request_id":"2fd2636ac4d67e761a3c0340","method":"GET","path":"/","status":304,"duration_ms":88,"user_id":1,"role":"pic"}}
{"time":"2026-09-14T07:22:40.185Z","level":"info","message":"HTTP request","meta":{"request_id":"a2ee8f3bb503c2d3604d0820","method":"GET","path":"/","status":304,"duration_ms":2,"user_id":1,"role":"pic"}}
{"time":"2026-09-14T07:22:43.467Z","level":"info","message":"HTTP request","meta":{"request_id":"6bd4681c68a1450583d87f5e","method":"GET","path":"/","status":304,"duration_ms":86,"user_id":1,"role":"pic"}}
{"time":"2026-09-14T07:22:48.394Z","level":"info","message":"HTTP request","meta":{"request_id":"5fede22dd0ba3d5313efe34f","method":"GET","path":"/","status":200,"duration_ms":2,"user_id":1,"role":"pic"}}
{"time":"2026-09-14T07:22:48.540Z","level":"info","message":"HTTP request","meta":{"request_id":"db5c113d4ffbf596162e9f55","method":"GET","path":"/","status":200,"duration_ms":2,"user_id":1,"role":"pic"}}
{"time":"2026-09-14T07:22:48.689Z","level":"info","message":"HTTP request","meta":{"request_id":"99d4f283a056ad9ae626a7bd","method":"GET","path":"/","status":200,"duration_ms":2,"user_id":1,"role":"pic"}}
{"time":"2026-09-14T07:22:48.765Z","level":"info","message":"HTTP request","meta":{"request_id":"705e940a0f86d5bde886408f","method":"GET","path":"/","status":200,"duration_ms":2,"user_id":1,"role":"pic"}}
{"time":"2026-09-14T07:22:48.912Z","level":"info","message":"HTTP request","meta":{"request_id":"9fb16165cabcb0f17c235b43","method":"GET","path":"/","status":200,"duration_ms":3,"user_id":1,"role":"pic"}}
{"time":"2026-09-14T07:22:49.048Z","level":"info","message":"HTTP request","meta":{"request_id":"8c3e38ca9815510eb0f5d949","method":"GET","path":"/","status":200,"duration_ms":3,"user_id":1,"role":"pic"}}
{"time":"2026-09-14T07:22:49.330Z","level":"info","message":"HTTP request","meta":{"request_id":"bfd547435839e32048283572","method":"GET","path":"/","status":200,"duration_ms":2,"user_id":1,"role":"pic"}}
{"time":"2026-09-14T07:22:49.473Z","level":"info","message":"HTTP request","meta":{"request_id":"1544e02720a176f03767ae61","method":"GET","path":"/","status":200,"duration_ms":2,"user_id":1,"role":"pic"}}
{"time":"2026-09-14T07:22:49.676Z","level":"info","message":"HTTP request","meta":{"request_id":"0f292d96c0b4cdcd00187e49","method":"GET","path":"/","status":200,"duration_ms":2,"user_id":1,"role":"pic"}}
{"time":"2026-09-14T07:22:49.849Z","level":"info","message":"HTTP request","meta":{"request_id":"7fc7f5cd64e66e6a0835922a","method":"GET","path":"/","status":200,"duration_ms":1,"user_id":1,"role":"pic"}}
{"time":"2026-09-14T07:22:49.927Z","level":"info","message":"HTTP request","meta":{"request_id":"ed199c4d6bbd6829765f0ac7","method":"GET","path":"/","status":200,"duration_ms":2,"user_id":1,"role":"pic"}}
{"time":"2026-09-14T07:22:50.047Z","level":"info","message":"HTTP request","meta":{"request_id":"f0e4e3a2c168bbe58d5f4611","method":"GET","path":"/","status":200,"duration_ms":44,"user_id":1,"role":"pic"}}
{"time":"2026-09-14T07:22:51.274Z","level":"info","message":"HTTP request","meta":{"request_id":"74127cbd96e9b46bb19af625","method":"GET","path":"/","status":304,"duration_ms":78,"user_id":1,"role":"pic"}}
{"time":"2026-09-14T07:22:52.807Z","level":"info","message":"HTTP request","meta":{"request_id":"f4424278e7f02ece97fe70af","method":"GET","path":"/","status":304,"duration_ms":1,"user_id":1,"role":"pic"}}
{"time":"2026-09-14T07:22:53.008Z","level":"info","message":"HTTP request","meta":{"request_id":"baba07b126020a9b6ba1fd8d","method":"GET","path":"/","status":200,"duration_ms":1,"user_id":1,"role":"pic"}}
{"time":"2026-09-14T07:22:53.180Z","level":"info","message":"HTTP request","meta":{"request_id":"41a416c8be4086e85c58131d","method":"GET","path":"/","status":200,"duration_ms":1,"user_id":1,"role":"pic"}}
{"time":"2026-09-14T07:22:53.310Z","level":"info","message":"HTTP request","meta":{"request_id":"1750ed302e92b2f168693cc6","method":"GET","path":"/","status":200,"duration_ms":2,"user_id":1,"role":"pic"}}
{"time":"2026-09-14T07:22:53.404Z","level":"info","message":"HTTP request","meta":{"request_id":"f8bc8654ad5f90613d06b2f7","method":"GET","path":"/","status":200,"duration_ms":1,"user_id":1,"role":"pic"}}
{"time":"2026-09-14T07:22:53.468Z","level":"info","message":"HTTP request","meta":{"request_id":"ce01e192ac7194797a3d1b41","method":"GET","path":"/","status":200,"duration_ms":2,"user_id":1,"role":"pic"}}
{"time":"2026-09-14T07:22:53.679Z","level":"info","message":"HTTP request","meta":{"request_id":"af488bcc2db8abcceaab94e0","method":"GET","path":"/","status":200,"duration_ms":2,"user_id":1,"role":"pic"}}
{"time":"2026-09-14T07:22:53.803Z","level":"info","message":"HTTP request","meta":{"request_id":"937ffa0a8761909a7c506026","method":"GET","path":"/","status":200,"duration_ms":2,"user_id":1,"role":"pic"}}
{"time":"2026-09-14T07:22:53.897Z","level":"info","message":"HTTP request","meta":{"request_id":"efc0048959058628eb95e077","method":"GET","path":"/","status":200,"duration_ms":1,"user_id":1,"role":"pic"}}
{"time":"2026-09-14T07:22:53.991Z","level":"info","message":"HTTP request","meta":{"request_id":"e12e0a63c329058ffe6cc18c","method":"GET","path":"/","status":200,"duration_ms":1,"user_id":1,"role":"pic"}}
{"time":"2026-09-14T07:22:54.085Z","level":"info","message":"HTTP request","meta":{"request_id":"fb203808bb168b9ecda9ed60","method":"GET","path":"/","status":200,"duration_ms":2,"user_id":1,"role":"pic"}}
{"time":"2026-09-14T07:22:54.175Z","level":"info","message":"HTTP request","meta":{"request_id":"2706e1648a2ddce8a408da24","method":"GET","path":"/","status":200,"duration_ms":1,"user_id":1,"role":"pic"}}
{"time":"2026-09-14T07:22:54.299Z","level":"info","message":"HTTP request","meta":{"request_id":"c2c2fdbc413614d76841db96","method":"GET","path":"/","status":200,"duration_ms":1,"user_id":1,"role":"pic"}}
{"time":"2026-09-14T07:22:54.414Z","level":"info","message":"HTTP request","meta":{"request_id":"106dea2a0b079eba53efeaee","method":"GET","path":"/","status":200,"duration_ms":1,"user_id":1,"role":"pic"}}
{"time":"2026-09-14T07:22:54.491Z","level":"info","message":"HTTP request","meta":{"request_id":"1b94fd1369e38ffa6870fd99","method":"GET","path":"/","status":200,"duration_ms":1,"user_id":1,"role":"pic"}}
{"time":"2026-09-14T07:22:55.562Z","level":"info","message":"HTTP request","meta":{"request_id":"4470a0974d3fcfc045453c94","method":"GET","path":"/","status":200,"duration_ms":1,"user_id":1,"role":"pic"}}
{"time":"2026-09-14T07:22:56.333Z","level":"info","message":"HTTP request","meta":{"request_id":"f3bea025e95c3f44e0abb17c","method":"GET","path":"/","status":304,"duration_ms":78,"user_id":1,"role":"pic"}}
{"time":"2026-09-14T07:22:57.425Z","level":"info","message":"HTTP request","meta":{"request_id":"f62e99014cb62009763a10ae","method":"GET","path":"/","status":304,"duration_ms":1,"user_id":1,"role":"pic"}}
{"time":"2026-09-14T07:22:57.701Z","level":"info","message":"HTTP request","meta":{"request_id":"035b37aa28b89649c2a866b1","method":"GET","path":"/","status":304,"duration_ms":1,"user_id":1,"role":"pic"}}
{"time":"2026-09-14T07:22:58.286Z","level":"info","message":"HTTP request","meta":{"request_id":"4cb89b036202cb9ffc036f86","method":"GET","path":"/","status":304,"duration_ms":1,"user_id":1,"role":"pic"}}
{"time":"2026-09-14T07:22:58.391Z","level":"info","message":"HTTP request","meta":{"request_id":"4e36f32601865b8a7c1b6f55","method":"GET","path":"/","status":304,"duration_ms":1,"user_id":1,"role":"pic"}}
{"time":"2026-09-14T07:22:58.509Z","level":"info","message":"HTTP request","meta":{"request_id":"da43931e8eb7b4812480d941","method":"GET","path":"/","status":304,"duration_ms":2,"user_id":1,"role":"pic"}}
{"time":"2026-09-14T07:22:58.552Z","level":"info","message":"HTTP request","meta":{"request_id":"7435d144ee44c4f72de7fd7a","method":"GET","path":"/","status":304,"duration_ms":2,"user_id":1,"role":"pic"}}
{"time":"2026-09-14T07:22:59.453Z","level":"info","message":"HTTP request","meta":{"request_id":"aea1182523b840fa3ff6e7e3","method":"GET","path":"/","status":304,"duration_ms":1,"user_id":1,"role":"pic"}}
{"time":"2026-09-14T07:22:59.674Z","level":"info","message":"HTTP request","meta":{"request_id":"22015a0e0c2e4d769e5c583f","method":"GET","path":"/","status":304,"duration_ms":1,"user_id":1,"role":"pic"}}
{"time":"2026-09-14T07:22:59.786Z","level":"info","message":"HTTP request","meta":{"request_id":"31ee60eaa190adbb3266930f","method":"GET","path":"/","status":304,"duration_ms":1,"user_id":1,"role":"pic"}}
{"time":"2026-09-14T07:23:00.049Z","level":"info","message":"HTTP request","meta":{"request_id":"d2ffdb41921736c592ab863e","method":"GET","path":"/","status":200,"duration_ms":1,"user_id":1,"role":"pic"}}
{"time":"2026-09-14T07:23:00.153Z","level":"info","message":"HTTP request","meta":{"request_id":"48987e7461af512158dd84bc","method":"GET","path":"/","status":200,"duration_ms":1,"user_id":1,"role":"pic"}}
{"time":"2026-09-14T07:23:00.245Z","level":"info","message":"HTTP request","meta":{"request_id":"bb998209d8dc0869fb6aecc6","method":"GET","path":"/","status":200,"duration_ms":1,"user_id":1,"role":"pic"}}
{"time":"2026-09-14T07:23:00.326Z","level":"info","message":"HTTP request","meta":{"request_id":"49628bdb1abac7a01f7d6917","method":"GET","path":"/","status":200,"duration_ms":2,"user_id":1,"role":"pic"}}
{"time":"2026-09-14T07:23:00.404Z","level":"info","message":"HTTP request","meta":{"request_id":"bcb0f348c5a472299dbd636f","method":"GET","path":"/","status":200,"duration_ms":2,"user_id":1,"role":"pic"}}
{"time":"2026-09-14T07:23:04.171Z","level":"info","message":"HTTP request","meta":{"request_id":"a6a9adcc833b6e1bf5600a53","method":"GET","path":"/","status":304,"duration_ms":78,"user_id":1,"role":"pic"}}
{"time":"2026-09-14T07:28:41.182Z","level":"info","message":"DB connected","meta":{"database":"biro_umum_db","host":"localhost","port":5432}}
{"time":"2026-09-14T07:28:41.195Z","level":"info","message":"HTTP request","meta":{"request_id":"d706223eb0d5be977b353d07","method":"GET","path":"/","status":304,"duration_ms":72,"user_id":1,"role":"pic"}}
{"time":"2026-09-14T07:28:41.200Z","level":"info","message":"HTTP request","meta":{"request_id":"9825047ada20cd4555322e82","method":"GET","path":"/","status":304,"duration_ms":4,"user_id":1,"role":"pic"}}
{"time":"2026-09-14T07:28:46.113Z","level":"info","message":"HTTP request","meta":{"request_id":"6b098bcf48793b06dd33a23c","method":"GET","path":"/","status":304,"duration_ms":121,"user_id":1,"role":"pic"}}
{"time":"2026-09-14T07:28:46.256Z","level":"info","message":"HTTP request","meta":{"request_id":"ba682677e07fe42941fc92b7","method":"GET","path":"/","status":304,"duration_ms":138,"user_id":1,"role":"pic"}}
{"time":"2026-09-14T07:28:46.972Z","level":"info","message":"DB connected","meta":{"database":"biro_umum_db","host":"localhost","port":5432}}
{"time":"2026-09-14T07:28:46.973Z","level":"info","message":"DB connected","meta":{"database":"biro_umum_db","host":"localhost","port":5432}}
{"time":"2026-09-14T07:28:46.978Z","level":"info","message":"HTTP request","meta":{"request_id":"0b6f98384c47916a482a9c7c","method":"GET","path":"/summary","status":304,"duration_ms":55,"user_id":1,"role":"pic"}}
{"time":"2026-09-14T07:28:46.982Z","level":"info","message":"HTTP request","meta":{"request_id":"4b596dd51c608dcb61454706","method":"GET","path":"/activities","status":304,"duration_ms":57,"user_id":1,"role":"pic"}}
{"time":"2026-09-14T07:28:46.986Z","level":"info","message":"HTTP request","meta":{"request_id":"23304aec2b52390c22862d3a","method":"GET","path":"/summary","status":304,"duration_ms":7,"user_id":1,"role":"pic"}}
{"time":"2026-09-14T07:28:46.988Z","level":"info","message":"HTTP request","meta":{"request_id":"8e3012991c05374b55792afc","method":"GET","path":"/activities","status":304,"duration_ms":3,"user_id":1,"role":"pic"}}
{"time":"2026-09-14T07:28:47.716Z","level":"info","message":"HTTP request","meta":{"request_id":"62bf7406f32d91a0d101aa72","method":"GET","path":"/","status":304,"duration_ms":107,"user_id":1,"role":"pic"}}
{"time":"2026-09-14T07:28:47.862Z","level":"info","message":"HTTP request","meta":{"request_id":"6430b0ead180a2c549b465d9","method":"GET","path":"/","status":304,"duration_ms":139,"user_id":1,"role":"pic"}}
{"time":"2026-09-14T07:28:48.141Z","level":"info","message":"HTTP request","meta":{"request_id":"6e7a69ba3af334d15b31d085","method":"GET","path":"/summary","status":304,"duration_ms":2,"user_id":1,"role":"pic"}}
{"time":"2026-09-14T07:28:48.148Z","level":"info","message":"HTTP request","meta":{"request_id":"bd36680a0ecf0bae03612fc1","method":"GET","path":"/summary","status":304,"duration_ms":4,"user_id":1,"role":"pic"}}
{"time":"2026-09-14T07:28:48.152Z","level":"info","message":"HTTP request","meta":{"request_id":"a44410eff069b34931c91db5","method":"GET","path":"/activities","status":304,"duration_ms":6,"user_id":1,"role":"pic"}}
{"time":"2026-09-14T07:28:48.156Z","level":"info","message":"HTTP request","meta":{"request_id":"b3f665835c431c216f848cf4","method":"GET","path":"/activities","status":304,"duration_ms":3,"user_id":1,"role":"pic"}}
{"time":"2026-09-14T07:51:02.540Z","level":"info","message":"DB connected","meta":{"database":"biro_umum_db","host":"localhost","port":5432}}
{"time":"2026-09-14T07:51:02.721Z","level":"info","message":"HTTP request","meta":{"request_id":"5db214bfb1d56c291053eb61","method":"GET","path":"/","status":304,"duration_ms":240,"user_id":1,"role":"pic"}}
{"time":"2026-09-14T07:51:02.927Z","level":"info","message":"HTTP request","meta":{"request_id":"94b0d65146b548493441b7c2","method":"GET","path":"/","status":304,"duration_ms":203,"user_id":1,"role":"pic"}}
{"time":"2026-09-14T07:51:05.053Z","level":"info","message":"HTTP request","meta":{"request_id":"f74d214148393cd88fe7a6bb","method":"GET","path":"/","status":304,"duration_ms":123,"user_id":1,"role":"pic"}}
{"time":"2026-09-14T07:51:05.891Z","level":"info","message":"HTTP request","meta":{"request_id":"727fd1bde5b4ff051c0af7d6","method":"GET","path":"/","status":304,"duration_ms":1,"user_id":1,"role":"pic"}}
{"time":"2026-09-14T07:51:06.969Z","level":"info","message":"HTTP request","meta":{"request_id":"6e30830768908b9ab9ce07cb","method":"GET","path":"/","status":304,"duration_ms":107,"user_id":1,"role":"pic"}}
{"time":"2026-09-14T08:32:17.425Z","level":"info","message":"DB connected","meta":{"database":"biro_umum_db","host":"localhost","port":5432}}
{"time":"2026-09-14T08:32:17.430Z","level":"info","message":"HTTP request","meta":{"request_id":"d445aa3dd71ee196b49ca707","method":"GET","path":"/me","status":304,"duration_ms":40,"user_id":1,"role":"pic"}}
{"time":"2026-09-14T08:32:17.433Z","level":"info","message":"HTTP request","meta":{"request_id":"837c591adc0ab2ff0159bbc3","method":"GET","path":"/me","status":304,"duration_ms":2,"user_id":1,"role":"pic"}}
{"time":"2026-09-14T08:32:17.608Z","level":"info","message":"HTTP request","meta":{"request_id":"1b6702462136beddc5b1bf11","method":"GET","path":"/","status":304,"duration_ms":120,"user_id":1,"role":"pic"}}
{"time":"2026-09-14T08:32:17.757Z","level":"info","message":"HTTP request","meta":{"request_id":"8a696af6a08b91f246e763b5","method":"GET","path":"/","status":304,"duration_ms":146,"user_id":1,"role":"pic"}}
{"time":"2026-09-14T08:36:19.311Z","level":"info","message":"DB connected","meta":{"database":"biro_umum_db","host":"localhost","port":5432}}
{"time":"2026-09-14T08:36:19.335Z","level":"info","message":"HTTP request","meta":{"request_id":"3596e5a3ce684f7d43765884","method":"GET","path":"/","status":304,"duration_ms":260,"user_id":1,"role":"pic"}}
{"time":"2026-09-14T08:36:19.345Z","level":"info","message":"DB connected","meta":{"database":"biro_umum_db","host":"localhost","port":5432}}
{"time":"2026-09-14T08:36:19.354Z","level":"info","message":"HTTP request","meta":{"request_id":"8a4cce844027983ddecece00","method":"GET","path":"/","status":304,"duration_ms":129,"user_id":1,"role":"pic"}}
{"time":"2026-09-14T08:36:19.357Z","level":"info","message":"HTTP request","meta":{"request_id":"fd162c0220cf8a4fd0782965","method":"GET","path":"/","status":304,"duration_ms":5,"user_id":1,"role":"pic"}}
{"time":"2026-09-14T08:36:19.464Z","level":"info","message":"HTTP request","meta":{"request_id":"6cba7f498caf9eccdffa1acc","method":"GET","path":"/","status":304,"duration_ms":2,"user_id":1,"role":"pic"}}
{"time":"2026-09-14T08:36:19.703Z","level":"info","message":"HTTP request","meta":{"request_id":"f2ec51086755492f9c61fbc2","method":"GET","path":"/","status":304,"duration_ms":2,"user_id":1,"role":"pic"}}
{"time":"2026-09-14T08:36:19.817Z","level":"info","message":"HTTP request","meta":{"request_id":"9b466e78ceab6eb8b6c5c3bc","method":"GET","path":"/","status":304,"duration_ms":1,"user_id":1,"role":"pic"}}
{"time":"2026-09-14T08:36:20.028Z","level":"info","message":"HTTP request","meta":{"request_id":"7558d7237ddbf506316289b6","method":"GET","path":"/","status":304,"duration_ms":2,"user_id":1,"role":"pic"}}
{"time":"2026-09-14T08:36:20.184Z","level":"info","message":"HTTP request","meta":{"request_id":"937a777b19bca45cb3881cc8","method":"GET","path":"/","status":200,"duration_ms":85,"user_id":1,"role":"pic"}}
{"time":"2026-09-14T08:50:03.312Z","level":"info","message":"DB connected","meta":{"database":"biro_umum_db","host":"localhost","port":5432}}
{"time":"2026-09-14T08:50:03.322Z","level":"info","message":"HTTP request","meta":{"request_id":"f2892d680dfbcf7bbb3d8a6b","method":"GET","path":"/","status":304,"duration_ms":58,"user_id":1,"role":"pic"}}
{"time":"2026-09-14T08:50:03.326Z","level":"info","message":"HTTP request","meta":{"request_id":"593f90ca25656df30c317127","method":"GET","path":"/","status":304,"duration_ms":2,"user_id":1,"role":"pic"}}
{"time":"2026-09-14T08:50:04.387Z","level":"info","message":"HTTP request","meta":{"request_id":"4cf7b096b900249d7eba5997","method":"GET","path":"/","status":304,"duration_ms":110,"user_id":1,"role":"pic"}}
{"time":"2026-09-14T08:50:04.520Z","level":"info","message":"HTTP request","meta":{"request_id":"2ef7730fe272eea4161124cf","method":"GET","path":"/","status":304,"duration_ms":132,"user_id":1,"role":"pic"}}
{"time":"2026-09-15T01:45:16.571Z","level":"info","message":"DB connected","meta":{"database":"biro_umum_db","host":"localhost","port":5432}}
{"time":"2026-09-15T01:45:16.830Z","level":"info","message":"HTTP request","meta":{"request_id":"f9affbc3714ef6c3a05cd088","method":"GET","path":"/api/health","status":304,"duration_ms":5,"user_id":null,"role":null}}
{"time":"2026-09-15T01:45:16.917Z","level":"info","message":"HTTP request","meta":{"request_id":"0c2c1461af478bbb6e19e732","method":"GET","path":"/favicon.ico","status":404,"duration_ms":1,"user_id":null,"role":null}}
{"time":"2026-09-15T01:46:09.269Z","level":"info","message":"HTTP request","meta":{"request_id":"5b363ac7a136b68c539c081a","method":"GET","path":"/me","status":401,"duration_ms":8,"user_id":null,"role":null}}
{"time":"2026-09-15T01:46:09.279Z","level":"info","message":"HTTP request","meta":{"request_id":"bc1538b3a60002cbb6c2397d","method":"GET","path":"/me","status":401,"duration_ms":4,"user_id":null,"role":null}}
{"time":"2026-09-15T01:46:25.011Z","level":"info","message":"DB connected","meta":{"database":"biro_umum_db","host":"localhost","port":5432}}
{"time":"2026-09-15T01:46:25.312Z","level":"info","message":"HTTP request","meta":{"request_id":"1af28dc5231f9d0bb96e30fa","method":"POST","path":"/login","status":200,"duration_ms":336,"user_id":null,"role":null}}
{"time":"2026-09-15T01:46:25.440Z","level":"info","message":"DB connected","meta":{"database":"biro_umum_db","host":"localhost","port":5432}}
{"time":"2026-09-15T01:46:25.445Z","level":"info","message":"DB connected","meta":{"database":"biro_umum_db","host":"localhost","port":5432}}
{"time":"2026-09-15T01:46:25.447Z","level":"info","message":"HTTP request","meta":{"request_id":"a982024b38da12c7b1def487","method":"GET","path":"/summary","status":304,"duration_ms":59,"user_id":1,"role":"pic"}}
{"time":"2026-09-15T01:46:25.456Z","level":"info","message":"HTTP request","meta":{"request_id":"dbfbf8e7b36e941eb68109fb","method":"GET","path":"/activities","status":304,"duration_ms":66,"user_id":1,"role":"pic"}}
{"time":"2026-09-15T01:46:25.458Z","level":"info","message":"HTTP request","meta":{"request_id":"2e90dda0990931060dc85119","method":"GET","path":"/summary","status":304,"duration_ms":7,"user_id":1,"role":"pic"}}
{"time":"2026-09-15T01:46:25.464Z","level":"info","message":"HTTP request","meta":{"request_id":"aa527b1ebbc786bbaf1c9d9b","method":"GET","path":"/activities","status":304,"duration_ms":4,"user_id":1,"role":"pic"}}
{"time":"2026-09-15T01:46:29.755Z","level":"info","message":"HTTP request","meta":{"request_id":"b011f08c83a6f41c89059414","method":"GET","path":"/","status":304,"duration_ms":112,"user_id":1,"role":"pic"}}
{"time":"2026-09-15T01:46:29.905Z","level":"info","message":"HTTP request","meta":{"request_id":"a7267a049792a6e0cfdb2934","method":"GET","path":"/","status":304,"duration_ms":144,"user_id":1,"role":"pic"}}
{"time":"2026-09-15T01:46:31.565Z","level":"info","message":"HTTP request","meta":{"request_id":"51c2285701eca69ed9a34e6e","method":"GET","path":"/","status":304,"duration_ms":2,"user_id":1,"role":"pic"}}
{"time":"2026-09-15T01:46:31.568Z","level":"info","message":"HTTP request","meta":{"request_id":"e7a93f3c78c4cc8a35efc8f7","method":"GET","path":"/","status":304,"duration_ms":1,"user_id":1,"role":"pic"}}
{"time":"2026-09-15T01:46:32.942Z","level":"info","message":"HTTP request","meta":{"request_id":"746b09b0b8427392e069305f","method":"GET","path":"/","status":304,"duration_ms":5,"user_id":1,"role":"pic"}}
{"time":"2026-09-15T01:46:32.946Z","level":"info","message":"HTTP request","meta":{"request_id":"6d8af54cfd1b561fa63ec737","method":"GET","path":"/","status":304,"duration_ms":2,"user_id":1,"role":"pic"}}
{"time":"2026-09-15T01:46:34.131Z","level":"info","message":"HTTP request","meta":{"request_id":"5af3c369a885f9e973f59b9a","method":"GET","path":"/","status":304,"duration_ms":2,"user_id":1,"role":"pic"}}
{"time":"2026-09-15T01:46:34.136Z","level":"info","message":"HTTP request","meta":{"request_id":"055076e018e752870785beb0","method":"GET","path":"/","status":304,"duration_ms":3,"user_id":1,"role":"pic"}}
{"time":"2026-09-15T01:46:36.292Z","level":"info","message":"HTTP request","meta":{"request_id":"7e72f095fd5a83e93d9e41ab","method":"GET","path":"/","status":304,"duration_ms":1,"user_id":1,"role":"pic"}}
{"time":"2026-09-15T01:46:37.457Z","level":"info","message":"HTTP request","meta":{"request_id":"522f970727e62938cc3cc10b","method":"GET","path":"/","status":200,"duration_ms":1,"user_id":1,"role":"pic"}}
{"time":"2026-09-15T01:46:39.381Z","level":"info","message":"HTTP request","meta":{"request_id":"969420093509734aeb59fb9a","method":"GET","path":"/","status":304,"duration_ms":1,"user_id":1,"role":"pic"}}
{"time":"2026-09-15T01:48:45.913Z","level":"info","message":"DB connected","meta":{"database":"biro_umum_db","host":"localhost","port":5432}}
{"time":"2026-09-15T01:48:46.086Z","level":"info","message":"HTTP request","meta":{"request_id":"5b749c99ad1d04d7751c5221","method":"GET","path":"/","status":304,"duration_ms":235,"user_id":1,"role":"pic"}}
{"time":"2026-09-15T01:48:46.257Z","level":"info","message":"HTTP request","meta":{"request_id":"de0bf4199f84fa93b322e288","method":"GET","path":"/","status":304,"duration_ms":167,"user_id":1,"role":"pic"}}
{"time":"2026-09-15T01:48:49.248Z","level":"info","message":"HTTP request","meta":{"request_id":"978bbfd8d950c79a4c94246e","method":"GET","path":"/","status":304,"duration_ms":5,"user_id":1,"role":"pic"}}
{"time":"2026-09-15T01:48:49.412Z","level":"info","message":"HTTP request","meta":{"request_id":"f542dacd677d2b89924d29be","method":"GET","path":"/","status":304,"duration_ms":1,"user_id":1,"role":"pic"}}
{"time":"2026-09-15T01:48:49.586Z","level":"info","message":"HTTP request","meta":{"request_id":"614b91bd13a223a498703b71","method":"GET","path":"/","status":200,"duration_ms":2,"user_id":1,"role":"pic"}}
{"time":"2026-09-15T01:48:49.840Z","level":"info","message":"HTTP request","meta":{"request_id":"3b695789def2017d2d08a18f","method":"GET","path":"/","status":200,"duration_ms":2,"user_id":1,"role":"pic"}}
{"time":"2026-09-15T01:48:50.475Z","level":"info","message":"HTTP request","meta":{"request_id":"7f2969a161f70034a938c307","method":"GET","path":"/","status":200,"duration_ms":2,"user_id":1,"role":"pic"}}
{"time":"2026-09-15T01:48:50.604Z","level":"info","message":"HTTP request","meta":{"request_id":"380e05ce46375c99b63c7a67","method":"GET","path":"/","status":200,"duration_ms":2,"user_id":1,"role":"pic"}}
{"time":"2026-09-15T01:48:50.680Z","level":"info","message":"HTTP request","meta":{"request_id":"afb5e590a6675b3163995aa4","method":"GET","path":"/","status":200,"duration_ms":2,"user_id":1,"role":"pic"}}
{"time":"2026-09-15T01:48:50.845Z","level":"info","message":"HTTP request","meta":{"request_id":"34df06c9da4b51d119415a89","method":"GET","path":"/","status":200,"duration_ms":80,"user_id":1,"role":"pic"}}
{"time":"2026-09-15T01:48:56.167Z","level":"info","message":"HTTP request","meta":{"request_id":"313b1518a05d1c54cbb85ffb","method":"GET","path":"/","status":304,"duration_ms":123,"user_id":1,"role":"pic"}}
{"time":"2026-09-15T01:59:21.462Z","level":"info","message":"DB connected","meta":{"database":"biro_umum_db","host":"localhost","port":5432}}
{"time":"2026-09-15T01:59:21.469Z","level":"info","message":"DB connected","meta":{"database":"biro_umum_db","host":"localhost","port":5432}}
{"time":"2026-09-15T01:59:21.479Z","level":"info","message":"HTTP request","meta":{"request_id":"f0cbde290e7b44e65326826b","method":"GET","path":"/activities","status":304,"duration_ms":81,"user_id":1,"role":"pic"}}
{"time":"2026-09-15T01:59:21.484Z","level":"info","message":"HTTP request","meta":{"request_id":"a29a024a7dce32aee1ab53cd","method":"GET","path":"/activities","status":304,"duration_ms":3,"user_id":1,"role":"pic"}}
{"time":"2026-09-15T01:59:21.535Z","level":"info","message":"DB connected","meta":{"database":"biro_umum_db","host":"localhost","port":5432}}
{"time":"2026-09-15T01:59:21.540Z","level":"info","message":"HTTP request","meta":{"request_id":"aa4e1d26ea0b84b825c8ff88","method":"GET","path":"/summary","status":304,"duration_ms":147,"user_id":1,"role":"pic"}}
{"time":"2026-09-15T01:59:21.544Z","level":"info","message":"HTTP request","meta":{"request_id":"5add6b0c9aee813ecb81d258","method":"GET","path":"/summary","status":304,"duration_ms":3,"user_id":1,"role":"pic"}}
{"time":"2026-09-15T01:59:22.002Z","level":"info","message":"HTTP request","meta":{"request_id":"9fcced2de8f3970170d84d0a","method":"GET","path":"/","status":304,"duration_ms":126,"user_id":1,"role":"pic"}}
{"time":"2026-09-15T01:59:22.171Z","level":"info","message":"HTTP request","meta":{"request_id":"97743f46b85ba3e42be76b99","method":"GET","path":"/","status":304,"duration_ms":165,"user_id":1,"role":"pic"}}
{"time":"2026-09-15T01:59:23.300Z","level":"info","message":"HTTP request","meta":{"request_id":"92c039246d6cf54775ddd09d","method":"GET","path":"/","status":200,"duration_ms":3,"user_id":1,"role":"pic"}}
{"time":"2026-09-15T01:59:24.832Z","level":"info","message":"HTTP request","meta":{"request_id":"494989e78c057f1ff92cd671","method":"GET","path":"/","status":304,"duration_ms":74,"user_id":1,"role":"pic"}}
{"time":"2026-09-15T01:59:24.840Z","level":"info","message":"HTTP request","meta":{"request_id":"20ece982a3c8a576ba7747ff","method":"GET","path":"/","status":304,"duration_ms":2,"user_id":1,"role":"pic"}}
{"time":"2026-09-15T01:59:24.950Z","level":"info","message":"HTTP request","meta":{"request_id":"b458fe3fa208c4623533d9c7","method":"GET","path":"/","status":304,"duration_ms":2,"user_id":1,"role":"pic"}}
{"time":"2026-09-15T01:59:25.073Z","level":"info","message":"HTTP request","meta":{"request_id":"6dc05a6b9ca2f01ef99b6efa","method":"GET","path":"/","status":304,"duration_ms":1,"user_id":1,"role":"pic"}}
{"time":"2026-09-15T01:59:25.348Z","level":"info","message":"HTTP request","meta":{"request_id":"45641c34fbf7af3040b36b48","method":"GET","path":"/","status":304,"duration_ms":1,"user_id":1,"role":"pic"}}
{"time":"2026-09-15T01:59:25.770Z","level":"info","message":"HTTP request","meta":{"request_id":"acedc44f3bca1703a08b4ada","method":"GET","path":"/","status":304,"duration_ms":2,"user_id":1,"role":"pic"}}
{"time":"2026-09-15T01:59:26.009Z","level":"info","message":"HTTP request","meta":{"request_id":"7771768631aec088ab5c0627","method":"GET","path":"/","status":304,"duration_ms":1,"user_id":1,"role":"pic"}}
{"time":"2026-09-15T01:59:26.790Z","level":"info","message":"HTTP request","meta":{"request_id":"f8c0f9413771bc0147567334","method":"GET","path":"/","status":304,"duration_ms":1,"user_id":1,"role":"pic"}}
{"time":"2026-09-15T01:59:26.985Z","level":"info","message":"HTTP request","meta":{"request_id":"34d5eb96dd1c233d2187f818","method":"GET","path":"/","status":304,"duration_ms":1,"user_id":1,"role":"pic"}}
{"time":"2026-09-15T01:59:27.070Z","level":"info","message":"HTTP request","meta":{"request_id":"f0278e11739ea9c35f071918","method":"GET","path":"/","status":304,"duration_ms":2,"user_id":1,"role":"pic"}}
{"time":"2026-09-15T01:59:27.202Z","level":"info","message":"HTTP request","meta":{"request_id":"2b4593bfed53585b05204dae","method":"GET","path":"/","status":304,"duration_ms":1,"user_id":1,"role":"pic"}}
{"time":"2026-09-15T01:59:27.319Z","level":"info","message":"HTTP request","meta":{"request_id":"dd17a4e7565dc1bfb6c04e35","method":"GET","path":"/","status":304,"duration_ms":1,"user_id":1,"role":"pic"}}
{"time":"2026-09-15T01:59:27.608Z","level":"info","message":"HTTP request","meta":{"request_id":"d399f10f38e57a2bb3e0d380","method":"GET","path":"/","status":304,"duration_ms":53,"user_id":1,"role":"pic"}}
{"time":"2026-09-15T02:01:54.646Z","level":"info","message":"DB connected","meta":{"database":"biro_umum_db","host":"localhost","port":5432}}
{"time":"2026-09-15T02:01:54.652Z","level":"info","message":"HTTP request","meta":{"request_id":"02dd1a09ba82e44fd9d9d53e","method":"GET","path":"/","status":200,"duration_ms":43,"user_id":1,"role":"pic"}}
{"time":"2026-09-15T02:01:55.854Z","level":"info","message":"HTTP request","meta":{"request_id":"6e0f78840ee907ce67c0d83e","method":"GET","path":"/","status":304,"duration_ms":86,"user_id":1,"role":"pic"}}
{"time":"2026-09-15T02:01:57.467Z","level":"info","message":"HTTP request","meta":{"request_id":"51de89ce3d8dbffd404a3334","method":"GET","path":"/","status":304,"duration_ms":7,"user_id":1,"role":"pic"}}
{"time":"2026-09-15T02:01:57.471Z","level":"info","message":"HTTP request","meta":{"request_id":"442b17e5089d002ff80fc710","method":"GET","path":"/","status":304,"duration_ms":2,"user_id":1,"role":"pic"}}
{"time":"2026-09-15T02:02:08.596Z","level":"info","message":"HTTP request","meta":{"request_id":"2bd74ae4d947e61c3ab10ebd","method":"GET","path":"/","status":304,"duration_ms":155,"user_id":1,"role":"pic"}}
{"time":"2026-09-15T02:02:08.749Z","level":"info","message":"HTTP request","meta":{"request_id":"3a01da7b6defea082e5b3596","method":"GET","path":"/","status":304,"duration_ms":147,"user_id":1,"role":"pic"}}
{"time":"2026-09-15T02:03:00.783Z","level":"info","message":"DB connected","meta":{"database":"biro_umum_db","host":"localhost","port":5432}}
{"time":"2026-09-15T02:03:00.794Z","level":"info","message":"HTTP request","meta":{"request_id":"64b1227d7b268297f5d11246","method":"GET","path":"/","status":304,"duration_ms":161,"user_id":1,"role":"pic"}}
{"time":"2026-09-15T02:03:00.799Z","level":"info","message":"HTTP request","meta":{"request_id":"e206abd8d7bd9413fd9be67b","method":"GET","path":"/","status":304,"duration_ms":3,"user_id":1,"role":"pic"}}
{"time":"2026-09-15T02:03:01.168Z","level":"info","message":"HTTP request","meta":{"request_id":"41ff259e0c0a466621bbfb76","method":"GET","path":"/","status":304,"duration_ms":132,"user_id":1,"role":"pic"}}
{"time":"2026-09-15T02:03:01.319Z","level":"info","message":"HTTP request","meta":{"request_id":"9153038fee46345ca96b78ea","method":"GET","path":"/","status":304,"duration_ms":147,"user_id":1,"role":"pic"}}
{"time":"2026-09-15T02:17:39.057Z","level":"info","message":"DB connected","meta":{"database":"biro_umum_db","host":"localhost","port":5432}}
{"time":"2026-09-15T02:17:39.080Z","level":"info","message":"HTTP request","meta":{"request_id":"be7adaba47b48c61a4a6a3bf","method":"GET","path":"/","status":304,"duration_ms":95,"user_id":1,"role":"pic"}}
{"time":"2026-09-15T02:17:39.091Z","level":"info","message":"HTTP request","meta":{"request_id":"e02d817730557c0051379296","method":"GET","path":"/","status":304,"duration_ms":4,"user_id":1,"role":"pic"}}
{"time":"2026-09-15T02:17:39.638Z","level":"info","message":"HTTP request","meta":{"request_id":"af3cdbcd0175b97ad44bf1f1","method":"GET","path":"/","status":304,"duration_ms":145,"user_id":1,"role":"pic"}}
{"time":"2026-09-15T02:17:39.806Z","level":"info","message":"HTTP request","meta":{"request_id":"96f2604f97573304eb7a13ab","method":"GET","path":"/","status":304,"duration_ms":162,"user_id":1,"role":"pic"}}
{"time":"2026-09-15T07:12:14.019Z","level":"info","message":"DB connected","meta":{"database":"biro_umum_db","host":"localhost","port":5432}}
{"time":"2026-09-15T07:12:23.631Z","level":"info","message":"HTTP request","meta":{"request_id":"a716d6bc8c200522c9dc444c","method":"GET","path":"/me","status":304,"duration_ms":10,"user_id":1,"role":"pic"}}
{"time":"2026-09-15T07:12:23.634Z","level":"info","message":"HTTP request","meta":{"request_id":"f263f6f9ca7bb2fa2e632e06","method":"GET","path":"/me","status":304,"duration_ms":1,"user_id":1,"role":"pic"}}
{"time":"2026-09-15T07:12:23.797Z","level":"info","message":"HTTP request","meta":{"request_id":"cf76c4bd9b92bf3fd5b75a98","method":"GET","path":"/","status":304,"duration_ms":105,"user_id":1,"role":"pic"}}
{"time":"2026-09-15T07:12:23.912Z","level":"info","message":"HTTP request","meta":{"request_id":"c2dab5a874f2b4f7bb892ff1","method":"GET","path":"/","status":304,"duration_ms":110,"user_id":1,"role":"pic"}}
{"time":"2026-09-15T07:12:49.097Z","level":"info","message":"HTTP request","meta":{"request_id":"5bf12ea80505819b98733009","method":"GET","path":"/","status":304,"duration_ms":6,"user_id":1,"role":"pic"}}
{"time":"2026-09-15T07:12:49.102Z","level":"info","message":"HTTP request","meta":{"request_id":"36aefb6b2210f5c67aa806a9","method":"GET","path":"/","status":304,"duration_ms":2,"user_id":1,"role":"pic"}}
{"time":"2026-09-15T07:12:50.624Z","level":"info","message":"HTTP request","meta":{"request_id":"5410d95f5e73e06f0954a7c4","method":"GET","path":"/","status":304,"duration_ms":89,"user_id":1,"role":"pic"}}
{"time":"2026-09-15T07:12:50.740Z","level":"info","message":"HTTP request","meta":{"request_id":"ec4726d5e7d3e8c93b6f01cb","method":"GET","path":"/","status":304,"duration_ms":111,"user_id":1,"role":"pic"}}
{"time":"2026-09-15T07:15:29.275Z","level":"info","message":"DB connected","meta":{"database":"biro_umum_db","host":"localhost","port":5432}}
{"time":"2026-09-15T07:15:29.289Z","level":"info","message":"HTTP request","meta":{"request_id":"ff99cdc2a712abb9b53c5852","method":"GET","path":"/","status":304,"duration_ms":82,"user_id":1,"role":"pic"}}
{"time":"2026-09-15T07:15:29.296Z","level":"info","message":"HTTP request","meta":{"request_id":"df383bba4633de4a98846653","method":"GET","path":"/","status":304,"duration_ms":3,"user_id":1,"role":"pic"}}
{"time":"2026-09-15T07:15:30.233Z","level":"info","message":"DB connected","meta":{"database":"biro_umum_db","host":"localhost","port":5432}}
{"time":"2026-09-15T07:15:30.239Z","level":"info","message":"HTTP request","meta":{"request_id":"466c0281831ec772f9457815","method":"GET","path":"/summary","status":304,"duration_ms":71,"user_id":1,"role":"pic"}}
{"time":"2026-09-15T07:15:30.240Z","level":"info","message":"DB connected","meta":{"database":"biro_umum_db","host":"localhost","port":5432}}
{"time":"2026-09-15T07:15:30.248Z","level":"info","message":"HTTP request","meta":{"request_id":"a96bf55f40fecc8d47f96324","method":"GET","path":"/summary","status":304,"duration_ms":4,"user_id":1,"role":"pic"}}
{"time":"2026-09-15T07:15:30.253Z","level":"info","message":"HTTP request","meta":{"request_id":"5c10cbeffdf474b393b610f3","method":"GET","path":"/activities","status":304,"duration_ms":82,"user_id":1,"role":"pic"}}
{"time":"2026-09-15T07:15:30.261Z","level":"info","message":"HTTP request","meta":{"request_id":"75c97d5a5ae164ea41e85561","method":"GET","path":"/activities","status":304,"duration_ms":3,"user_id":1,"role":"pic"}}
{"time":"2026-09-15T07:15:30.803Z","level":"info","message":"HTTP request","meta":{"request_id":"17349edcbeb55a9e8df2da67","method":"GET","path":"/","status":304,"duration_ms":100,"user_id":1,"role":"pic"}}
{"time":"2026-09-15T07:15:30.929Z","level":"info","message":"HTTP request","meta":{"request_id":"b47c5327450b757f5613435a","method":"GET","path":"/","status":304,"duration_ms":121,"user_id":1,"role":"pic"}}
{"time":"2026-09-15T07:15:31.095Z","level":"info","message":"HTTP request","meta":{"request_id":"c6e40cae61f23867835a29af","method":"GET","path":"/","status":304,"duration_ms":3,"user_id":1,"role":"pic"}}
{"time":"2026-09-15T07:15:31.099Z","level":"info","message":"HTTP request","meta":{"request_id":"e17fec705b67d46500f320ca","method":"GET","path":"/","status":304,"duration_ms":2,"user_id":1,"role":"pic"}}
{"time":"2026-09-15T07:15:48.818Z","level":"info","message":"HTTP request","meta":{"request_id":"71e729e2d4a6fb6f18e25ac9","method":"GET","path":"/summary","status":304,"duration_ms":3,"user_id":1,"role":"pic"}}
{"time":"2026-09-15T07:15:48.822Z","level":"info","message":"HTTP request","meta":{"request_id":"f0104de1dd03baa044794fac","method":"GET","path":"/activities","status":304,"duration_ms":6,"user_id":1,"role":"pic"}}
{"time":"2026-09-15T07:15:48.827Z","level":"info","message":"HTTP request","meta":{"request_id":"a3bae298af2e65106469608e","method":"GET","path":"/summary","status":304,"duration_ms":3,"user_id":1,"role":"pic"}}
{"time":"2026-09-15T07:15:48.833Z","level":"info","message":"HTTP request","meta":{"request_id":"537e82220158c75aedeb46d2","method":"GET","path":"/activities","status":304,"duration_ms":8,"user_id":1,"role":"pic"}}
{"time":"2026-09-15T07:15:50.443Z","level":"info","message":"HTTP request","meta":{"request_id":"e049fae905cdd987cf9d9ae7","method":"GET","path":"/","status":304,"duration_ms":104,"user_id":1,"role":"pic"}}
{"time":"2026-09-15T07:15:50.578Z","level":"info","message":"HTTP request","meta":{"request_id":"09600cc6f289ce9e08061a40","method":"GET","path":"/","status":304,"duration_ms":129,"user_id":1,"role":"pic"}}
{"time":"2026-09-15T07:18:38.775Z","level":"info","message":"DB connected","meta":{"database":"biro_umum_db","host":"localhost","port":5432}}
{"time":"2026-09-15T07:18:38.784Z","level":"info","message":"HTTP request","meta":{"request_id":"46c6a4b666189d7533bf3020","method":"GET","path":"/","status":304,"duration_ms":60,"user_id":1,"role":"pic"}}
{"time":"2026-09-15T07:18:38.788Z","level":"info","message":"HTTP request","meta":{"request_id":"6f7ac3fd3ba5216f0cd12f47","method":"GET","path":"/","status":304,"duration_ms":2,"user_id":1,"role":"pic"}}
{"time":"2026-09-15T07:21:13.826Z","level":"info","message":"DB connected","meta":{"database":"biro_umum_db","host":"localhost","port":5432}}
{"time":"2026-09-15T07:21:13.937Z","level":"info","message":"HTTP request","meta":{"request_id":"963c9306dc7ac012f31366d5","method":"GET","path":"/","status":304,"duration_ms":152,"user_id":1,"role":"pic"}}
{"time":"2026-09-15T07:21:14.078Z","level":"info","message":"HTTP request","meta":{"request_id":"dda8ed5648d5300da9278ea5","method":"GET","path":"/","status":304,"duration_ms":138,"user_id":1,"role":"pic"}}
{"time":"2026-09-15T07:24:10.001Z","level":"info","message":"DB connected","meta":{"database":"biro_umum_db","host":"localhost","port":5432}}
{"time":"2026-09-15T07:24:10.016Z","level":"info","message":"HTTP request","meta":{"request_id":"87d19798c497b2a6028bd627","method":"GET","path":"/","status":304,"duration_ms":76,"user_id":1,"role":"pic"}}
{"time":"2026-09-15T07:24:10.024Z","level":"info","message":"HTTP request","meta":{"request_id":"ef89934bd845b1f699b5903e","method":"GET","path":"/","status":304,"duration_ms":4,"user_id":1,"role":"pic"}}
{"time":"2026-09-15T07:24:54.595Z","level":"info","message":"DB connected","meta":{"database":"biro_umum_db","host":"localhost","port":5432}}
{"time":"2026-09-15T07:24:54.601Z","level":"info","message":"DB connected","meta":{"database":"biro_umum_db","host":"localhost","port":5432}}
{"time":"2026-09-15T07:24:54.606Z","level":"info","message":"HTTP request","meta":{"request_id":"a3940bb011264cdcb3e24a5d","method":"GET","path":"/summary","status":304,"duration_ms":60,"user_id":1,"role":"pic"}}
{"time":"2026-09-15T07:24:54.607Z","level":"info","message":"DB connected","meta":{"database":"biro_umum_db","host":"localhost","port":5432}}
{"time":"2026-09-15T07:24:54.613Z","level":"info","message":"HTTP request","meta":{"request_id":"c07394adff65c041b276eddb","method":"GET","path":"/summary","status":304,"duration_ms":4,"user_id":1,"role":"pic"}}
{"time":"2026-09-15T07:24:54.617Z","level":"info","message":"HTTP request","meta":{"request_id":"c980cda311a20e35c9d7e8b8","method":"GET","path":"/activities","status":304,"duration_ms":70,"user_id":1,"role":"pic"}}
{"time":"2026-09-15T07:24:54.620Z","level":"info","message":"HTTP request","meta":{"request_id":"c80e83e83c5f2075afdabf72","method":"GET","path":"/activities","status":304,"duration_ms":2,"user_id":1,"role":"pic"}}
{"time":"2026-09-15T07:24:55.288Z","level":"info","message":"HTTP request","meta":{"request_id":"2999284318c542e5239ee37a","method":"GET","path":"/","status":304,"duration_ms":107,"user_id":1,"role":"pic"}}
{"time":"2026-09-15T07:24:55.423Z","level":"info","message":"HTTP request","meta":{"request_id":"af47610ebdd8a236303900e2","method":"GET","path":"/","status":304,"duration_ms":129,"user_id":1,"role":"pic"}}
{"time":"2026-09-15T07:24:58.669Z","level":"info","message":"HTTP request","meta":{"request_id":"f08ab7b16e537c0e0da30352","method":"GET","path":"/summary","status":304,"duration_ms":3,"user_id":1,"role":"pic"}}
{"time":"2026-09-15T07:24:58.671Z","level":"info","message":"HTTP request","meta":{"request_id":"e7a560bd0fc1a48d81458847","method":"GET","path":"/activities","status":304,"duration_ms":4,"user_id":1,"role":"pic"}}
{"time":"2026-09-15T07:24:58.676Z","level":"info","message":"HTTP request","meta":{"request_id":"35b2076710776b1d6053a56c","method":"GET","path":"/summary","status":304,"duration_ms":3,"user_id":1,"role":"pic"}}
{"time":"2026-09-15T07:24:58.677Z","level":"info","message":"HTTP request","meta":{"request_id":"95ee4db07c174b5649357f84","method":"GET","path":"/activities","status":304,"duration_ms":2,"user_id":1,"role":"pic"}}
{"time":"2026-09-15T07:24:59.470Z","level":"info","message":"HTTP request","meta":{"request_id":"a106348b938784119dbe28b3","method":"GET","path":"/","status":304,"duration_ms":109,"user_id":1,"role":"pic"}}
{"time":"2026-09-15T07:24:59.610Z","level":"info","message":"HTTP request","meta":{"request_id":"0dcf4c29843b41edaf8c0395","method":"GET","path":"/","status":304,"duration_ms":138,"user_id":1,"role":"pic"}}
{"time":"2026-09-15T08:51:46.975Z","level":"info","message":"HTTP request","meta":{"request_id":"dd0ddc7536edf090c4f922b1","method":"GET","path":"/api/health","status":304,"duration_ms":1,"user_id":null,"role":null}}
{"time":"2026-09-15T08:51:47.084Z","level":"info","message":"HTTP request","meta":{"request_id":"791bb82379e1fba77c50016d","method":"GET","path":"/favicon.ico","status":404,"duration_ms":1,"user_id":null,"role":null}}
{"time":"2026-09-15T08:51:49.372Z","level":"info","message":"DB connected","meta":{"database":"biro_umum_db","host":"localhost","port":5432}}
{"time":"2026-09-15T08:51:49.377Z","level":"info","message":"HTTP request","meta":{"request_id":"f10deec345d5e181f5d57335","method":"GET","path":"/me","status":304,"duration_ms":145,"user_id":1,"role":"pic"}}
{"time":"2026-09-15T08:51:49.380Z","level":"info","message":"HTTP request","meta":{"request_id":"a9f71bbd3397b78a621d10f2","method":"GET","path":"/me","status":304,"duration_ms":2,"user_id":1,"role":"pic"}}
{"time":"2026-09-15T08:51:49.537Z","level":"info","message":"DB connected","meta":{"database":"biro_umum_db","host":"localhost","port":5432}}
{"time":"2026-09-15T08:51:49.544Z","level":"info","message":"HTTP request","meta":{"request_id":"4d3ae8503241f107ecbb7c50","method":"GET","path":"/summary","status":304,"duration_ms":62,"user_id":1,"role":"pic"}}
{"time":"2026-09-15T08:51:49.551Z","level":"info","message":"HTTP request","meta":{"request_id":"621e81730063a991410d01bb","method":"GET","path":"/summary","status":304,"duration_ms":5,"user_id":1,"role":"pic"}}
{"time":"2026-09-15T08:51:49.636Z","level":"info","message":"DB connected","meta":{"database":"biro_umum_db","host":"localhost","port":5432}}
{"time":"2026-09-15T08:51:49.642Z","level":"info","message":"HTTP request","meta":{"request_id":"efa7171857dd96dc7f940c4d","method":"GET","path":"/activities","status":304,"duration_ms":159,"user_id":1,"role":"pic"}}
{"time":"2026-09-15T08:51:49.646Z","level":"info","message":"HTTP request","meta":{"request_id":"f4c5aeab4a517de102f01eb3","method":"GET","path":"/activities","status":304,"duration_ms":2,"user_id":1,"role":"pic"}}
{"time":"2026-09-15T08:51:52.171Z","level":"info","message":"HTTP request","meta":{"request_id":"dec377e6266934887302ed33","method":"GET","path":"/","status":304,"duration_ms":112,"user_id":1,"role":"pic"}}
{"time":"2026-09-15T08:51:52.340Z","level":"info","message":"HTTP request","meta":{"request_id":"c787095422cccf4b2be3deb5","method":"GET","path":"/","status":304,"duration_ms":166,"user_id":1,"role":"pic"}}
{"time":"2026-09-15T08:52:26.667Z","level":"info","message":"DB connected","meta":{"database":"biro_umum_db","host":"localhost","port":5432}}
{"time":"2026-09-15T08:52:26.668Z","level":"info","message":"DB connected","meta":{"database":"biro_umum_db","host":"localhost","port":5432}}
{"time":"2026-09-15T08:52:26.669Z","level":"info","message":"DB connected","meta":{"database":"biro_umum_db","host":"localhost","port":5432}}
{"time":"2026-09-15T08:52:26.673Z","level":"info","message":"HTTP request","meta":{"request_id":"466d5d5fdcc2ebc6a8d56ec5","method":"GET","path":"/activities","status":304,"duration_ms":154,"user_id":1,"role":"pic"}}
{"time":"2026-09-15T08:52:26.675Z","level":"info","message":"HTTP request","meta":{"request_id":"03ca3d185eb9f5166ab6b3c7","method":"GET","path":"/summary","status":304,"duration_ms":157,"user_id":1,"role":"pic"}}
{"time":"2026-09-15T08:52:26.680Z","level":"info","message":"HTTP request","meta":{"request_id":"533df3010f7b1046c98f84c4","method":"GET","path":"/summary","status":304,"duration_ms":2,"user_id":1,"role":"pic"}}
{"time":"2026-09-15T08:52:26.683Z","level":"info","message":"HTTP request","meta":{"request_id":"a54268b1593c1f353b3c160e","method":"GET","path":"/activities","status":304,"duration_ms":6,"user_id":1,"role":"pic"}}
{"time":"2026-09-15T08:52:27.216Z","level":"info","message":"HTTP request","meta":{"request_id":"a66a68bf9a78f3735276a6fd","method":"GET","path":"/","status":304,"duration_ms":112,"user_id":1,"role":"pic"}}
{"time":"2026-09-15T08:52:27.350Z","level":"info","message":"HTTP request","meta":{"request_id":"f9e2315c9776daf98bc876f3","method":"GET","path":"/","status":304,"duration_ms":131,"user_id":1,"role":"pic"}}
{"time":"2026-09-15T08:53:24.508Z","level":"info","message":"DB connected","meta":{"database":"biro_umum_db","host":"localhost","port":5432}}
{"time":"2026-09-15T08:53:24.517Z","level":"info","message":"HTTP request","meta":{"request_id":"73cea5c47e3ad2a05474a532","method":"GET","path":"/","status":304,"duration_ms":54,"user_id":1,"role":"pic"}}
{"time":"2026-09-15T08:53:24.521Z","level":"info","message":"HTTP request","meta":{"request_id":"e76b2ae9d01a42a489a230f3","method":"GET","path":"/","status":304,"duration_ms":2,"user_id":1,"role":"pic"}}
{"time":"2026-09-15T08:53:30.964Z","level":"info","message":"HTTP request","meta":{"request_id":"99c2d73710b99a5a98595687","method":"GET","path":"/","status":304,"duration_ms":101,"user_id":1,"role":"pic"}}
{"time":"2026-09-15T08:53:31.085Z","level":"info","message":"HTTP request","meta":{"request_id":"49e6953080a6a76e38879312","method":"GET","path":"/","status":304,"duration_ms":119,"user_id":1,"role":"pic"}}
{"time":"2026-09-15T08:53:32.948Z","level":"info","message":"HTTP request","meta":{"request_id":"3141ae5b7bb30c69a4f11594","method":"GET","path":"/","status":304,"duration_ms":3,"user_id":1,"role":"pic"}}
{"time":"2026-09-15T08:53:32.953Z","level":"info","message":"HTTP request","meta":{"request_id":"acce9af1b802a856da140364","method":"GET","path":"/","status":304,"duration_ms":2,"user_id":1,"role":"pic"}}
{"time":"2026-09-15T08:53:35.869Z","level":"info","message":"HTTP request","meta":{"request_id":"85f54d58c27ca5264570606d","method":"GET","path":"/","status":304,"duration_ms":105,"user_id":1,"role":"pic"}}
{"time":"2026-09-15T08:53:35.984Z","level":"info","message":"HTTP request","meta":{"request_id":"f7a14a1039616b8d6d2085f2","method":"GET","path":"/","status":304,"duration_ms":113,"user_id":1,"role":"pic"}}
{"time":"2026-09-15T08:53:39.227Z","level":"info","message":"HTTP request","meta":{"request_id":"7edb38ea2ccae2fb17cd26cd","method":"GET","path":"/","status":304,"duration_ms":3,"user_id":1,"role":"pic"}}
{"time":"2026-09-15T08:53:39.232Z","level":"info","message":"HTTP request","meta":{"request_id":"e16ba88bb7214a0e2091f582","method":"GET","path":"/","status":304,"duration_ms":3,"user_id":1,"role":"pic"}}
{"time":"2026-09-15T08:54:14.577Z","level":"info","message":"DB connected","meta":{"database":"biro_umum_db","host":"localhost","port":5432}}
{"time":"2026-09-15T08:54:14.602Z","level":"info","message":"HTTP request","meta":{"request_id":"02ac8f54eeba2ebc7635e548","method":"PUT","path":"/1","status":200,"duration_ms":205,"user_id":1,"role":"pic"}}
{"time":"2026-09-15T08:54:24.306Z","level":"info","message":"HTTP request","meta":{"request_id":"bb08daba11620bbd4df8eb4c","method":"PUT","path":"/1","status":200,"duration_ms":17,"user_id":1,"role":"pic"}}
{"time":"2026-09-15T08:54:33.053Z","level":"info","message":"HTTP request","meta":{"request_id":"ffe93ef661cc5e43b19fae6d","method":"GET","path":"/","status":304,"duration_ms":111,"user_id":1,"role":"pic"}}
{"time":"2026-09-15T08:54:33.210Z","level":"info","message":"HTTP request","meta":{"request_id":"429af667a145a198e4937ae7","method":"GET","path":"/","status":304,"duration_ms":154,"user_id":1,"role":"pic"}}
{"time":"2026-09-15T08:54:36.199Z","level":"info","message":"HTTP request","meta":{"request_id":"6a2e6c27529c61ff3a8282c7","method":"GET","path":"/","status":200,"duration_ms":3,"user_id":1,"role":"pic"}}
{"time":"2026-09-15T08:54:36.204Z","level":"info","message":"HTTP request","meta":{"request_id":"f7ca9f4d977812ef58e380c9","method":"GET","path":"/","status":304,"duration_ms":2,"user_id":1,"role":"pic"}}
{"time":"2026-09-15T08:54:39.733Z","level":"info","message":"HTTP request","meta":{"request_id":"3d56b6d8f2391e3aaec1049e","method":"GET","path":"/","status":304,"duration_ms":104,"user_id":1,"role":"pic"}}
{"time":"2026-09-15T08:54:39.851Z","level":"info","message":"HTTP request","meta":{"request_id":"4a49e09c66fc10b5f955d1a7","method":"GET","path":"/","status":304,"duration_ms":116,"user_id":1,"role":"pic"}}
{"time":"2026-09-15T08:54:43.077Z","level":"info","message":"HTTP request","meta":{"request_id":"e9bf790dfcf7d34ac249ef58","method":"GET","path":"/","status":304,"duration_ms":2,"user_id":1,"role":"pic"}}
{"time":"2026-09-15T08:54:43.081Z","level":"info","message":"HTTP request","meta":{"request_id":"87ba59e30e0c5f936ad7c999","method":"GET","path":"/","status":304,"duration_ms":3,"user_id":1,"role":"pic"}}
{"time":"2026-09-15T08:54:47.599Z","level":"info","message":"HTTP request","meta":{"request_id":"1352ad24cab8098fcce71b9a","method":"GET","path":"/","status":304,"duration_ms":93,"user_id":1,"role":"pic"}}
{"time":"2026-09-15T08:54:47.704Z","level":"info","message":"HTTP request","meta":{"request_id":"1c2cb89b624dafa6c9d389b3","method":"GET","path":"/","status":304,"duration_ms":104,"user_id":1,"role":"pic"}}
{"time":"2026-09-15T08:54:51.121Z","level":"info","message":"HTTP request","meta":{"request_id":"a7edc9d73f89d43b4c6b2b2d","method":"GET","path":"/","status":304,"duration_ms":3,"user_id":1,"role":"pic"}}
{"time":"2026-09-15T08:54:51.125Z","level":"info","message":"HTTP request","meta":{"request_id":"e8f489a0057b7a3fdcf78542","method":"GET","path":"/","status":304,"duration_ms":2,"user_id":1,"role":"pic"}}
{"time":"2026-09-15T08:54:57.995Z","level":"info","message":"HTTP request","meta":{"request_id":"2fc7f9c101579c29c5c00cf5","method":"GET","path":"/","status":304,"duration_ms":91,"user_id":1,"role":"pic"}}
{"time":"2026-09-15T08:54:58.104Z","level":"info","message":"HTTP request","meta":{"request_id":"8c914450d43e733f080bac6e","method":"GET","path":"/","status":304,"duration_ms":103,"user_id":1,"role":"pic"}}
{"time":"2026-09-15T08:55:04.479Z","level":"info","message":"HTTP request","meta":{"request_id":"74051f6b1aeaff8eb3bf74ec","method":"GET","path":"/","status":304,"duration_ms":2,"user_id":1,"role":"pic"}}
{"time":"2026-09-15T08:55:04.484Z","level":"info","message":"HTTP request","meta":{"request_id":"310ab133bf569ebd7febe07f","method":"GET","path":"/","status":304,"duration_ms":3,"user_id":1,"role":"pic"}}
{"time":"2026-09-15T08:55:10.429Z","level":"info","message":"HTTP request","meta":{"request_id":"a67426b33413f36e43fae0a3","method":"GET","path":"/","status":304,"duration_ms":95,"user_id":1,"role":"pic"}}
{"time":"2026-09-15T08:55:10.551Z","level":"info","message":"HTTP request","meta":{"request_id":"c719d183f21eae7ab5a2f68d","method":"GET","path":"/","status":304,"duration_ms":119,"user_id":1,"role":"pic"}}
{"time":"2026-09-15T08:55:27.312Z","level":"info","message":"HTTP request","meta":{"request_id":"199b4423825184008de9cce9","method":"GET","path":"/","status":304,"duration_ms":3,"user_id":1,"role":"pic"}}
{"time":"2026-09-15T08:55:27.316Z","level":"info","message":"HTTP request","meta":{"request_id":"92b244dfed693c2282f720d7","method":"GET","path":"/","status":304,"duration_ms":2,"user_id":1,"role":"pic"}}
{"time":"2026-09-15T08:56:13.623Z","level":"info","message":"DB connected","meta":{"database":"biro_umum_db","host":"localhost","port":5432}}
{"time":"2026-09-15T08:56:13.738Z","level":"info","message":"HTTP request","meta":{"request_id":"a217fe24c91b6f6a25f4a5b4","method":"GET","path":"/","status":304,"duration_ms":164,"user_id":1,"role":"pic"}}
{"time":"2026-09-15T08:56:13.859Z","level":"info","message":"HTTP request","meta":{"request_id":"d8aeee6f849ca3941f06b5f7","method":"GET","path":"/","status":304,"duration_ms":119,"user_id":1,"role":"pic"}}
{"time":"2026-09-15T08:56:33.055Z","level":"info","message":"HTTP request","meta":{"request_id":"3ed8ad318ed15f6dbb87b80a","method":"PUT","path":"/4","status":200,"duration_ms":113,"user_id":1,"role":"pic"}}
{"time":"2026-09-15T08:56:48.601Z","level":"info","message":"HTTP request","meta":{"request_id":"61ab6ab0be18e5e5bcf8b80d","method":"GET","path":"/","status":304,"duration_ms":6,"user_id":1,"role":"pic"}}
{"time":"2026-09-15T08:56:48.604Z","level":"info","message":"HTTP request","meta":{"request_id":"9907a7d429918a2c84d1f5b3","method":"GET","path":"/","status":304,"duration_ms":2,"user_id":1,"role":"pic"}}
{"time":"2026-09-15T08:57:03.597Z","level":"info","message":"HTTP request","meta":{"request_id":"757b1d6001c0ed57cdd9cf36","method":"PUT","path":"/1","status":200,"duration_ms":17,"user_id":1,"role":"pic"}}
{"time":"2026-09-15T08:57:18.447Z","level":"info","message":"HTTP request","meta":{"request_id":"b24a5eedc78c7dedb3857962","method":"GET","path":"/","status":200,"duration_ms":101,"user_id":1,"role":"pic"}}
{"time":"2026-09-15T08:57:18.580Z","level":"info","message":"HTTP request","meta":{"request_id":"302725cd5e186b723895a860","method":"GET","path":"/","status":304,"duration_ms":130,"user_id":1,"role":"pic"}}
{"time":"2026-09-15T08:57:31.902Z","level":"info","message":"HTTP request","meta":{"request_id":"4e1978ea12bf5d6dd4622c6e","method":"GET","path":"/","status":200,"duration_ms":3,"user_id":1,"role":"pic"}}
{"time":"2026-09-15T08:57:31.906Z","level":"info","message":"HTTP request","meta":{"request_id":"3b88cd6b8047f5f4ae6663c9","method":"GET","path":"/","status":304,"duration_ms":2,"user_id":1,"role":"pic"}}
{"time":"2026-09-15T08:57:57.157Z","level":"info","message":"HTTP request","meta":{"request_id":"718346104cdd5f5ecb5e2744","method":"GET","path":"/","status":304,"duration_ms":96,"user_id":1,"role":"pic"}}
{"time":"2026-09-15T08:57:57.274Z","level":"info","message":"HTTP request","meta":{"request_id":"d10a8a1f5ea1c09db13a4fdb","method":"GET","path":"/","status":304,"duration_ms":112,"user_id":1,"role":"pic"}}
{"time":"2026-09-15T08:58:03.230Z","level":"info","message":"HTTP request","meta":{"request_id":"7ce0988a282a682a2e9f27e6","method":"GET","path":"/","status":304,"duration_ms":2,"user_id":1,"role":"pic"}}
{"time":"2026-09-15T08:58:03.234Z","level":"info","message":"HTTP request","meta":{"request_id":"d43df12bf7cc9ee7c596f1b4","method":"GET","path":"/","status":304,"duration_ms":2,"user_id":1,"role":"pic"}}
{"time":"2026-09-15T08:58:25.789Z","level":"info","message":"HTTP request","meta":{"request_id":"61f7545717861da932f8739c","method":"GET","path":"/","status":304,"duration_ms":99,"user_id":1,"role":"pic"}}
{"time":"2026-09-15T08:58:25.909Z","level":"info","message":"HTTP request","meta":{"request_id":"e3ce969a6f0127210216e2c5","method":"GET","path":"/","status":304,"duration_ms":119,"user_id":1,"role":"pic"}}
{"time":"2026-09-15T08:59:09.116Z","level":"info","message":"DB connected","meta":{"database":"biro_umum_db","host":"localhost","port":5432}}
{"time":"2026-09-15T08:59:09.124Z","level":"info","message":"HTTP request","meta":{"request_id":"24bdf9abe363f9ac24e3fbd5","method":"GET","path":"/","status":304,"duration_ms":55,"user_id":1,"role":"pic"}}
{"time":"2026-09-15T08:59:09.128Z","level":"info","message":"HTTP request","meta":{"request_id":"b08db37f2d94b428f0844836","method":"GET","path":"/","status":304,"duration_ms":3,"user_id":1,"role":"pic"}}
{"time":"2026-09-15T08:59:35.576Z","level":"info","message":"HTTP request","meta":{"request_id":"cfb44ff8bfe59fb5f2958bd4","method":"GET","path":"/","status":304,"duration_ms":6,"user_id":1,"role":"pic"}}
{"time":"2026-09-15T08:59:35.580Z","level":"info","message":"HTTP request","meta":{"request_id":"d6de3255be39a2c52ab3218c","method":"GET","path":"/","status":304,"duration_ms":3,"user_id":1,"role":"pic"}}
{"time":"2026-09-15T08:59:39.556Z","level":"info","message":"HTTP request","meta":{"request_id":"4c0b7c8be4ceac696efbf9aa","method":"GET","path":"/","status":304,"duration_ms":158,"user_id":1,"role":"pic"}}
{"time":"2026-09-15T08:59:39.669Z","level":"info","message":"HTTP request","meta":{"request_id":"e45f215d8d27d0baf501e249","method":"GET","path":"/","status":304,"duration_ms":110,"user_id":1,"role":"pic"}}
{"time":"2026-09-15T09:01:09.903Z","level":"info","message":"DB connected","meta":{"database":"biro_umum_db","host":"localhost","port":5432}}
{"time":"2026-09-15T09:01:09.906Z","level":"info","message":"DB connected","meta":{"database":"biro_umum_db","host":"localhost","port":5432}}
{"time":"2026-09-15T09:01:09.908Z","level":"info","message":"DB connected","meta":{"database":"biro_umum_db","host":"localhost","port":5432}}
{"time":"2026-09-15T09:01:09.914Z","level":"info","message":"HTTP request","meta":{"request_id":"b32fbd98a3cdf8320f895d03","method":"GET","path":"/summary","status":200,"duration_ms":118,"user_id":1,"role":"pic"}}
{"time":"2026-09-15T09:01:09.918Z","level":"info","message":"HTTP request","meta":{"request_id":"b7daa54e9e8b930f778056e8","method":"GET","path":"/activities","status":200,"duration_ms":117,"user_id":1,"role":"pic"}}
{"time":"2026-09-15T09:01:09.921Z","level":"info","message":"HTTP request","meta":{"request_id":"540daa6a74e58b2b8770548d","method":"GET","path":"/summary","status":304,"duration_ms":5,"user_id":1,"role":"pic"}}
{"time":"2026-09-15T09:01:09.924Z","level":"info","message":"HTTP request","meta":{"request_id":"3917c9877092f967c3e23649","method":"GET","path":"/activities","status":304,"duration_ms":4,"user_id":1,"role":"pic"}}
{"time":"2026-09-15T09:01:11.780Z","level":"info","message":"HTTP request","meta":{"request_id":"02db98d8cc6e5c7cfb962600","method":"GET","path":"/","status":304,"duration_ms":106,"user_id":1,"role":"pic"}}
{"time":"2026-09-15T09:01:11.927Z","level":"info","message":"HTTP request","meta":{"request_id":"9a85ec86c344a2ef50150337","method":"GET","path":"/","status":304,"duration_ms":144,"user_id":1,"role":"pic"}}
{"time":"2026-09-15T09:01:13.841Z","level":"info","message":"HTTP request","meta":{"request_id":"0a1e42ef7aae1cc4e6068f46","method":"GET","path":"/summary","status":304,"duration_ms":4,"user_id":1,"role":"pic"}}
{"time":"2026-09-15T09:01:13.845Z","level":"info","message":"HTTP request","meta":{"request_id":"dd097dc41d24aeef4665612f","method":"GET","path":"/activities","status":304,"duration_ms":6,"user_id":1,"role":"pic"}}
{"time":"2026-09-15T09:01:13.852Z","level":"info","message":"HTTP request","meta":{"request_id":"6f102fd3941a55da9cf0f949","method":"GET","path":"/summary","status":304,"duration_ms":3,"user_id":1,"role":"pic"}}
{"time":"2026-09-15T09:01:13.859Z","level":"info","message":"HTTP request","meta":{"request_id":"028404595c80b8e92a1d2ca6","method":"GET","path":"/activities","status":304,"duration_ms":8,"user_id":1,"role":"pic"}}
{"time":"2026-09-15T09:01:16.365Z","level":"info","message":"HTTP request","meta":{"request_id":"0e7a36bec7673d69c0cf8191","method":"GET","path":"/","status":304,"duration_ms":108,"user_id":1,"role":"pic"}}
{"time":"2026-09-15T09:01:16.472Z","level":"info","message":"HTTP request","meta":{"request_id":"353e158d8a995abd09a2d4df","method":"GET","path":"/","status":304,"duration_ms":104,"user_id":1,"role":"pic"}}
{"time":"2026-09-15T09:02:18.727Z","level":"info","message":"DB connected","meta":{"database":"biro_umum_db","host":"localhost","port":5432}}
{"time":"2026-09-15T09:02:18.842Z","level":"info","message":"HTTP request","meta":{"request_id":"0837f015f98e2dcb7a554a40","method":"PUT","path":"/4","status":200,"duration_ms":284,"user_id":1,"role":"pic"}}
{"time":"2026-09-15T09:03:59.965Z","level":"info","message":"DB connected","meta":{"database":"biro_umum_db","host":"localhost","port":5432}}
{"time":"2026-09-16T01:46:53.632Z","level":"info","message":"DB connected","meta":{"database":"biro_umum_db","host":"localhost","port":5432}}
{"time":"2026-09-16T01:47:22.706Z","level":"info","message":"HTTP request","meta":{"request_id":"d0e6a8e1e90445ec2f4fa6dd","method":"GET","path":"/me","status":401,"duration_ms":7,"user_id":null,"role":null}}
{"time":"2026-09-16T01:47:22.712Z","level":"info","message":"HTTP request","meta":{"request_id":"5e8f51132ac7bd1f897f72d9","method":"GET","path":"/me","status":401,"duration_ms":2,"user_id":null,"role":null}}
{"time":"2026-09-16T01:47:31.830Z","level":"info","message":"DB connected","meta":{"database":"biro_umum_db","host":"localhost","port":5432}}
{"time":"2026-09-16T01:47:32.236Z","level":"info","message":"HTTP request","meta":{"request_id":"ceaf7dd632b897199b04cd4c","method":"POST","path":"/login","status":200,"duration_ms":444,"user_id":null,"role":null}}
{"time":"2026-09-16T01:47:32.355Z","level":"info","message":"HTTP request","meta":{"request_id":"c1c7dec83a46a64306cad6ef","method":"GET","path":"/activities","status":200,"duration_ms":13,"user_id":1,"role":"pic"}}
{"time":"2026-09-16T01:47:32.364Z","level":"info","message":"HTTP request","meta":{"request_id":"44491396452eeb9a33b90497","method":"GET","path":"/activities","status":304,"duration_ms":4,"user_id":1,"role":"pic"}}
{"time":"2026-09-16T01:47:32.493Z","level":"info","message":"DB connected","meta":{"database":"biro_umum_db","host":"localhost","port":5432}}
{"time":"2026-09-16T01:47:32.537Z","level":"info","message":"DB connected","meta":{"database":"biro_umum_db","host":"localhost","port":5432}}
{"time":"2026-09-16T01:47:32.554Z","level":"info","message":"HTTP request","meta":{"request_id":"9b0b1003dc90a63b5913d00d","method":"GET","path":"/summary","status":200,"duration_ms":210,"user_id":1,"role":"pic"}}
{"time":"2026-09-16T01:47:32.586Z","level":"info","message":"HTTP request","meta":{"request_id":"52837bb1c62347135e19b4e7","method":"GET","path":"/summary","status":304,"duration_ms":20,"user_id":1,"role":"pic"}}
{"time":"2026-09-16T01:47:33.836Z","level":"info","message":"HTTP request","meta":{"request_id":"0c7253b2a67bc664bb00c431","method":"GET","path":"/","status":200,"duration_ms":227,"user_id":1,"role":"pic"}}
{"time":"2026-09-16T01:47:34.095Z","level":"info","message":"HTTP request","meta":{"request_id":"5089fe05a7defa3f1ea7859c","method":"GET","path":"/","status":304,"duration_ms":253,"user_id":1,"role":"pic"}}
{"time":"2026-09-16T01:47:35.305Z","level":"info","message":"HTTP request","meta":{"request_id":"01fc35774abe9ed0becb158a","method":"GET","path":"/","status":304,"duration_ms":6,"user_id":1,"role":"pic"}}
{"time":"2026-09-16T01:47:35.312Z","level":"info","message":"HTTP request","meta":{"request_id":"fa1ace79d06fcb02e630deb0","method":"GET","path":"/","status":304,"duration_ms":4,"user_id":1,"role":"pic"}}
{"time":"2026-09-16T01:47:35.903Z","level":"info","message":"HTTP request","meta":{"request_id":"5b81d3516bbd376a7f28503c","method":"GET","path":"/","status":304,"duration_ms":184,"user_id":1,"role":"pic"}}
{"time":"2026-09-16T01:47:36.076Z","level":"info","message":"HTTP request","meta":{"request_id":"02acbe3af253b294616d8849","method":"GET","path":"/","status":304,"duration_ms":168,"user_id":1,"role":"pic"}}
{"time":"2026-09-16T01:51:44.631Z","level":"info","message":"DB connected","meta":{"database":"biro_umum_db","host":"localhost","port":5432}}
{"time":"2026-09-16T01:51:44.855Z","level":"info","message":"HTTP request","meta":{"request_id":"1f71e20fdcd6432ae3bc7d49","method":"GET","path":"/me","status":304,"duration_ms":14,"user_id":1,"role":"pic"}}
{"time":"2026-09-16T01:51:44.861Z","level":"info","message":"HTTP request","meta":{"request_id":"57d21b16a26614e616c8b544","method":"GET","path":"/me","status":304,"duration_ms":3,"user_id":1,"role":"pic"}}
{"time":"2026-09-16T01:51:45.127Z","level":"info","message":"HTTP request","meta":{"request_id":"2db9a115e3285558d13bc39f","method":"GET","path":"/","status":304,"duration_ms":137,"user_id":1,"role":"pic"}}
{"time":"2026-09-16T01:51:45.277Z","level":"info","message":"HTTP request","meta":{"request_id":"ee2a4cabb7b08ecb673dbe8f","method":"GET","path":"/","status":304,"duration_ms":146,"user_id":1,"role":"pic"}}
{"time":"2026-09-16T01:53:40.051Z","level":"info","message":"DB connected","meta":{"database":"biro_umum_db","host":"localhost","port":5432}}
{"time":"2026-09-16T01:53:40.060Z","level":"info","message":"HTTP request","meta":{"request_id":"ea63198683646c7af7aa1a6d","method":"GET","path":"/","status":304,"duration_ms":118,"user_id":1,"role":"pic"}}
{"time":"2026-09-16T01:53:40.066Z","level":"info","message":"HTTP request","meta":{"request_id":"ded3d56dfbde76dbf0b557bc","method":"GET","path":"/","status":304,"duration_ms":4,"user_id":1,"role":"pic"}}
{"time":"2026-09-16T01:53:42.778Z","level":"info","message":"HTTP request","meta":{"request_id":"6902d134af1db41b906ab6bb","method":"GET","path":"/","status":304,"duration_ms":109,"user_id":1,"role":"pic"}}
{"time":"2026-09-16T01:53:42.884Z","level":"info","message":"HTTP request","meta":{"request_id":"d9e780859436145a961d539d","method":"GET","path":"/","status":304,"duration_ms":102,"user_id":1,"role":"pic"}}
{"time":"2026-09-16T01:53:56.004Z","level":"info","message":"HTTP request","meta":{"request_id":"5356ccb484d19bcb206d9b16","method":"GET","path":"/","status":304,"duration_ms":6,"user_id":1,"role":"pic"}}
{"time":"2026-09-16T01:53:56.008Z","level":"info","message":"HTTP request","meta":{"request_id":"4a594b07d5a758bf6ec735b0","method":"GET","path":"/","status":304,"duration_ms":2,"user_id":1,"role":"pic"}}
{"time":"2026-09-16T01:57:41.523Z","level":"info","message":"DB connected","meta":{"database":"biro_umum_db","host":"localhost","port":5432}}
{"time":"2026-09-16T01:57:41.669Z","level":"info","message":"HTTP request","meta":{"request_id":"ac91abb9324832805138a9be","method":"GET","path":"/","status":304,"duration_ms":196,"user_id":1,"role":"pic"}}
{"time":"2026-09-16T01:57:41.804Z","level":"info","message":"HTTP request","meta":{"request_id":"0fb558619a554bcb822c6c65","method":"GET","path":"/","status":304,"duration_ms":132,"user_id":1,"role":"pic"}}
{"time":"2026-09-16T01:57:46.824Z","level":"info","message":"HTTP request","meta":{"request_id":"1e7d42c88bef5b705c32d0a3","method":"GET","path":"/","status":304,"duration_ms":5,"user_id":1,"role":"pic"}}
{"time":"2026-09-16T01:57:46.828Z","level":"info","message":"HTTP request","meta":{"request_id":"51c13b6e15e4e441c83edc65","method":"GET","path":"/","status":304,"duration_ms":2,"user_id":1,"role":"pic"}}
{"time":"2026-09-16T01:58:03.086Z","level":"info","message":"HTTP request","meta":{"request_id":"60fd7c8f2138eb819604f1d5","method":"GET","path":"/","status":304,"duration_ms":11,"user_id":1,"role":"pic"}}
{"time":"2026-09-16T01:58:03.092Z","level":"info","message":"HTTP request","meta":{"request_id":"522f20755907a574d76afa9e","method":"GET","path":"/","status":304,"duration_ms":3,"user_id":1,"role":"pic"}}
{"time":"2026-09-16T02:00:27.266Z","level":"info","message":"DB connected","meta":{"database":"biro_umum_db","host":"localhost","port":5432}}
{"time":"2026-09-16T02:00:27.274Z","level":"info","message":"HTTP request","meta":{"request_id":"2f7d0002f91308fcf7352f49","method":"GET","path":"/","status":304,"duration_ms":149,"user_id":1,"role":"pic"}}
{"time":"2026-09-16T02:00:27.277Z","level":"info","message":"HTTP request","meta":{"request_id":"97d31a1258af58f20668dfa2","method":"GET","path":"/","status":304,"duration_ms":2,"user_id":1,"role":"pic"}}
{"time":"2026-09-16T02:03:14.453Z","level":"info","message":"DB connected","meta":{"database":"biro_umum_db","host":"localhost","port":5432}}
{"time":"2026-09-16T02:03:14.462Z","level":"info","message":"DB connected","meta":{"database":"biro_umum_db","host":"localhost","port":5432}}
{"time":"2026-09-16T02:03:14.470Z","level":"info","message":"HTTP request","meta":{"request_id":"e25f1bfbb83198ed0fa60ad6","method":"GET","path":"/summary","status":304,"duration_ms":99,"user_id":1,"role":"pic"}}
{"time":"2026-09-16T02:03:14.471Z","level":"info","message":"DB connected","meta":{"database":"biro_umum_db","host":"localhost","port":5432}}
{"time":"2026-09-16T02:03:14.478Z","level":"info","message":"HTTP request","meta":{"request_id":"ef4cbf9bd037cdaeddd2da02","method":"GET","path":"/summary","status":304,"duration_ms":5,"user_id":1,"role":"pic"}}
{"time":"2026-09-16T02:03:14.481Z","level":"info","message":"HTTP request","meta":{"request_id":"17abcfc9441477e7a301cb1c","method":"GET","path":"/activities","status":304,"duration_ms":103,"user_id":1,"role":"pic"}}
{"time":"2026-09-16T02:03:14.486Z","level":"info","message":"HTTP request","meta":{"request_id":"daa08c8e7ef3137231dcf169","method":"GET","path":"/activities","status":304,"duration_ms":3,"user_id":1,"role":"pic"}}
{"time":"2026-09-16T02:03:15.631Z","level":"info","message":"HTTP request","meta":{"request_id":"e6a3d06ee14df45577df9541","method":"GET","path":"/","status":304,"duration_ms":110,"user_id":1,"role":"pic"}}
{"time":"2026-09-16T02:03:15.749Z","level":"info","message":"HTTP request","meta":{"request_id":"128105561084258d0cff3c9e","method":"GET","path":"/","status":304,"duration_ms":113,"user_id":1,"role":"pic"}}
{"time":"2026-09-16T02:09:48.388Z","level":"info","message":"DB connected","meta":{"database":"biro_umum_db","host":"localhost","port":5432}}
{"time":"2026-09-16T02:09:48.397Z","level":"info","message":"HTTP request","meta":{"request_id":"cc10cb4af8337be35731a356","method":"GET","path":"/","status":304,"duration_ms":149,"user_id":1,"role":"pic"}}
{"time":"2026-09-16T02:09:48.401Z","level":"info","message":"HTTP request","meta":{"request_id":"9e3b0b9277dd9639ae909dcd","method":"GET","path":"/","status":304,"duration_ms":3,"user_id":1,"role":"pic"}}
{"time":"2026-09-16T02:11:07.143Z","level":"info","message":"DB connected","meta":{"database":"biro_umum_db","host":"localhost","port":5432}}
{"time":"2026-09-16T02:11:07.145Z","level":"info","message":"DB connected","meta":{"database":"biro_umum_db","host":"localhost","port":5432}}
{"time":"2026-09-16T02:11:07.150Z","level":"info","message":"HTTP request","meta":{"request_id":"02a908dbfdc8a84ed7c6b8c5","method":"GET","path":"/summary","status":304,"duration_ms":66,"user_id":1,"role":"pic"}}
{"time":"2026-09-16T02:11:07.153Z","level":"info","message":"DB connected","meta":{"database":"biro_umum_db","host":"localhost","port":5432}}
{"time":"2026-09-16T02:11:07.157Z","level":"info","message":"HTTP request","meta":{"request_id":"e75105525279558b039e23fd","method":"GET","path":"/summary","status":304,"duration_ms":6,"user_id":1,"role":"pic"}}
{"time":"2026-09-16T02:11:07.164Z","level":"info","message":"HTTP request","meta":{"request_id":"6a0ce6db1b45f34f9e61816d","method":"GET","path":"/activities","status":304,"duration_ms":77,"user_id":1,"role":"pic"}}
{"time":"2026-09-16T02:11:07.167Z","level":"info","message":"HTTP request","meta":{"request_id":"152f27ba297f53463c600f4b","method":"GET","path":"/activities","status":304,"duration_ms":2,"user_id":1,"role":"pic"}}
{"time":"2026-09-16T02:11:39.450Z","level":"info","message":"DB connected","meta":{"database":"biro_umum_db","host":"localhost","port":5432}}
{"time":"2026-09-16T02:11:39.457Z","level":"info","message":"HTTP request","meta":{"request_id":"55afbb250388e9723fca0495","method":"GET","path":"/","status":304,"duration_ms":43,"user_id":1,"role":"pic"}}
{"time":"2026-09-16T02:11:39.461Z","level":"info","message":"HTTP request","meta":{"request_id":"d4f39d2cbc184fec5313239e","method":"GET","path":"/","status":304,"duration_ms":2,"user_id":1,"role":"pic"}}
{"time":"2026-09-16T02:15:01.505Z","level":"info","message":"DB connected","meta":{"database":"biro_umum_db","host":"localhost","port":5432}}
{"time":"2026-09-16T02:15:05.751Z","level":"info","message":"HTTP request","meta":{"request_id":"e86943dd3c028e9fba731490","method":"GET","path":"/me","status":304,"duration_ms":11,"user_id":1,"role":"pic"}}
{"time":"2026-09-16T02:15:05.755Z","level":"info","message":"HTTP request","meta":{"request_id":"f7834992bd7aaaaab721390f","method":"GET","path":"/me","status":304,"duration_ms":2,"user_id":1,"role":"pic"}}
{"time":"2026-09-16T02:15:05.820Z","level":"info","message":"HTTP request","meta":{"request_id":"4814df8444132e9636a257c1","method":"GET","path":"/","status":304,"duration_ms":6,"user_id":1,"role":"pic"}}
{"time":"2026-09-16T02:15:05.824Z","level":"info","message":"HTTP request","meta":{"request_id":"dfcefa0ef584fefee1521f47","method":"GET","path":"/","status":304,"duration_ms":2,"user_id":1,"role":"pic"}}
{"time":"2026-09-16T02:15:07.656Z","level":"info","message":"HTTP request","meta":{"request_id":"02b3ab01555096840d825c83","method":"GET","path":"/","status":304,"duration_ms":104,"user_id":1,"role":"pic"}}
{"time":"2026-09-16T02:15:07.792Z","level":"info","message":"HTTP request","meta":{"request_id":"23b8f49d9d5d568960df147b","method":"GET","path":"/","status":304,"duration_ms":129,"user_id":1,"role":"pic"}}
{"time":"2026-09-16T02:15:08.406Z","level":"info","message":"HTTP request","meta":{"request_id":"b5813dce3b07c4d5a8cd8336","method":"GET","path":"/","status":304,"duration_ms":3,"user_id":1,"role":"pic"}}
{"time":"2026-09-16T02:15:08.412Z","level":"info","message":"HTTP request","meta":{"request_id":"a2db8a1e883433a78275684f","method":"GET","path":"/","status":304,"duration_ms":2,"user_id":1,"role":"pic"}}
{"time":"2026-09-16T02:15:10.368Z","level":"info","message":"HTTP request","meta":{"request_id":"9a285b25cf363c75812e31dc","method":"GET","path":"/","status":304,"duration_ms":90,"user_id":1,"role":"pic"}}
{"time":"2026-09-16T02:15:10.505Z","level":"info","message":"HTTP request","meta":{"request_id":"65308189d45881c324ba50a2","method":"GET","path":"/","status":304,"duration_ms":135,"user_id":1,"role":"pic"}}
{"time":"2026-09-16T02:15:12.079Z","level":"info","message":"HTTP request","meta":{"request_id":"32499f6f66abc0a84acac41d","method":"GET","path":"/","status":304,"duration_ms":3,"user_id":1,"role":"pic"}}
{"time":"2026-09-16T02:15:12.083Z","level":"info","message":"HTTP request","meta":{"request_id":"359420510bcd0df4b188445b","method":"GET","path":"/","status":304,"duration_ms":2,"user_id":1,"role":"pic"}}
{"time":"2026-09-16T02:15:12.846Z","level":"info","message":"HTTP request","meta":{"request_id":"24a1999e541ec09267c9a6bd","method":"GET","path":"/","status":304,"duration_ms":97,"user_id":1,"role":"pic"}}
{"time":"2026-09-16T02:15:12.966Z","level":"info","message":"HTTP request","meta":{"request_id":"eeab19dd62467fad7134adfd","method":"GET","path":"/","status":304,"duration_ms":117,"user_id":1,"role":"pic"}}
{"time":"2026-09-16T02:15:37.138Z","level":"info","message":"HTTP request","meta":{"request_id":"22cf16cb1ed5339f38a18c90","method":"GET","path":"/","status":304,"duration_ms":3,"user_id":1,"role":"pic"}}
{"time":"2026-09-16T02:15:37.142Z","level":"info","message":"HTTP request","meta":{"request_id":"e66a35a0fd085c991e705e12","method":"GET","path":"/","status":304,"duration_ms":2,"user_id":1,"role":"pic"}}
{"time":"2026-09-16T02:18:28.950Z","level":"info","message":"DB connected","meta":{"database":"biro_umum_db","host":"localhost","port":5432}}
{"time":"2026-09-16T02:18:32.411Z","level":"info","message":"DB connected","meta":{"database":"biro_umum_db","host":"localhost","port":5432}}
{"time":"2026-09-16T02:18:33.613Z","level":"info","message":"HTTP request","meta":{"request_id":"5f42512b3749183cd9970d77","method":"GET","path":"/me","status":304,"duration_ms":15,"user_id":1,"role":"pic"}}
{"time":"2026-09-16T02:18:33.622Z","level":"info","message":"HTTP request","meta":{"request_id":"a94d2735543c4604ec570e81","method":"GET","path":"/me","status":304,"duration_ms":4,"user_id":1,"role":"pic"}}
{"time":"2026-09-16T02:18:33.926Z","level":"info","message":"HTTP request","meta":{"request_id":"b2c7d649715efd20e15cde43","method":"GET","path":"/","status":304,"duration_ms":8,"user_id":1,"role":"pic"}}
{"time":"2026-09-16T02:18:33.936Z","level":"info","message":"HTTP request","meta":{"request_id":"7a599a6ab7cb65571200e70c","method":"GET","path":"/","status":304,"duration_ms":3,"user_id":1,"role":"pic"}}
{"time":"2026-09-16T02:18:41.333Z","level":"info","message":"HTTP request","meta":{"request_id":"7e6ac859535a2be766e0949d","method":"GET","path":"/me","status":304,"duration_ms":6,"user_id":1,"role":"pic"}}
{"time":"2026-09-16T02:18:41.338Z","level":"info","message":"HTTP request","meta":{"request_id":"49590529c2bb400478563b54","method":"GET","path":"/me","status":304,"duration_ms":3,"user_id":1,"role":"pic"}}
{"time":"2026-09-16T02:18:41.399Z","level":"info","message":"HTTP request","meta":{"request_id":"e07d1780276a1336f406f00d","method":"GET","path":"/","status":304,"duration_ms":2,"user_id":1,"role":"pic"}}
{"time":"2026-09-16T02:18:41.403Z","level":"info","message":"HTTP request","meta":{"request_id":"41e8bff285447a4458af5350","method":"GET","path":"/","status":304,"duration_ms":2,"user_id":1,"role":"pic"}}
{"time":"2026-09-16T02:18:42.400Z","level":"info","message":"HTTP request","meta":{"request_id":"e1ddfaf1e837ca98958ab173","method":"GET","path":"/me","status":304,"duration_ms":4,"user_id":1,"role":"pic"}}
{"time":"2026-09-16T02:18:42.406Z","level":"info","message":"HTTP request","meta":{"request_id":"63af676c64ac3f60774b0efb","method":"GET","path":"/me","status":304,"duration_ms":3,"user_id":1,"role":"pic"}}
{"time":"2026-09-16T02:18:42.458Z","level":"info","message":"HTTP request","meta":{"request_id":"0d37c9d78fc2741804d27c8e","method":"GET","path":"/","status":304,"duration_ms":3,"user_id":1,"role":"pic"}}
{"time":"2026-09-16T02:18:42.462Z","level":"info","message":"HTTP request","meta":{"request_id":"e0bb7a7ab4064abcddb792e3","method":"GET","path":"/","status":304,"duration_ms":2,"user_id":1,"role":"pic"}}
{"time":"2026-09-16T02:19:02.742Z","level":"info","message":"HTTP request","meta":{"request_id":"f386e72e153b6ad3f9d14a9d","method":"PUT","path":"/2","status":200,"duration_ms":7,"user_id":1,"role":"pic"}}
{"time":"2026-09-16T02:23:05.560Z","level":"info","message":"DB connected","meta":{"database":"biro_umum_db","host":"localhost","port":5432}}
{"time":"2026-09-16T02:23:18.410Z","level":"info","message":"HTTP request","meta":{"request_id":"9c22044a04ad67cd713bfd0e","method":"GET","path":"/me","status":304,"duration_ms":12,"user_id":1,"role":"pic"}}
{"time":"2026-09-16T02:23:18.415Z","level":"info","message":"HTTP request","meta":{"request_id":"8bba0fdb276ae84f3f8c98f9","method":"GET","path":"/me","status":304,"duration_ms":2,"user_id":1,"role":"pic"}}
{"time":"2026-09-16T02:23:18.475Z","level":"info","message":"HTTP request","meta":{"request_id":"16beb3efb6206fecfc5d52fc","method":"GET","path":"/","status":200,"duration_ms":5,"user_id":1,"role":"pic"}}
{"time":"2026-09-16T02:23:18.480Z","level":"info","message":"HTTP request","meta":{"request_id":"cd36a26b5f00b5a116942dd2","method":"GET","path":"/","status":304,"duration_ms":3,"user_id":1,"role":"pic"}}
{"time":"2026-09-16T02:23:20.265Z","level":"info","message":"HTTP request","meta":{"request_id":"2cc8a3f8c2c597f18fbfd04e","method":"GET","path":"/","status":304,"duration_ms":122,"user_id":1,"role":"pic"}}
{"time":"2026-09-16T02:23:20.402Z","level":"info","message":"HTTP request","meta":{"request_id":"462d99673ec676dc2872ee00","method":"GET","path":"/","status":304,"duration_ms":134,"user_id":1,"role":"pic"}}
{"time":"2026-09-16T02:23:20.697Z","level":"info","message":"HTTP request","meta":{"request_id":"a315b8b909859452182b6f3d","method":"GET","path":"/","status":304,"duration_ms":3,"user_id":1,"role":"pic"}}
{"time":"2026-09-16T02:23:20.703Z","level":"info","message":"HTTP request","meta":{"request_id":"fcc83e151a8976ee92fff87a","method":"GET","path":"/","status":304,"duration_ms":3,"user_id":1,"role":"pic"}}
{"time":"2026-09-16T02:23:51.235Z","level":"info","message":"DB connected","meta":{"database":"biro_umum_db","host":"localhost","port":5432}}
{"time":"2026-09-16T02:23:51.245Z","level":"info","message":"HTTP request","meta":{"request_id":"552b3194f4024da33db62c12","method":"PUT","path":"/1","status":200,"duration_ms":57,"user_id":1,"role":"pic"}}
{"time":"2026-09-16T02:31:24.644Z","level":"info","message":"DB connected","meta":{"database":"biro_umum_db","host":"localhost","port":5432}}
{"time":"2026-09-16T02:31:24.651Z","level":"info","message":"HTTP request","meta":{"request_id":"584559a107da159c77705fd7","method":"GET","path":"/me","status":304,"duration_ms":58,"user_id":1,"role":"pic"}}
{"time":"2026-09-16T02:31:24.656Z","level":"info","message":"HTTP request","meta":{"request_id":"5ef9db5c7f09318ec7ac4513","method":"GET","path":"/me","status":304,"duration_ms":2,"user_id":1,"role":"pic"}}
{"time":"2026-09-16T02:31:24.730Z","level":"info","message":"HTTP request","meta":{"request_id":"b1f4a294bf36ca3782bc7851","method":"GET","path":"/","status":200,"duration_ms":6,"user_id":1,"role":"pic"}}
{"time":"2026-09-16T02:31:24.736Z","level":"info","message":"HTTP request","meta":{"request_id":"1aac5b7c34dc255e307bef03","method":"GET","path":"/","status":304,"duration_ms":3,"user_id":1,"role":"pic"}}
{"time":"2026-09-16T02:31:46.599Z","level":"info","message":"HTTP request","meta":{"request_id":"e6114de45477a4ca1f09ce5b","method":"PUT","path":"/2","status":200,"duration_ms":55,"user_id":1,"role":"pic"}}
{"time":"2026-09-16T02:31:47.862Z","level":"info","message":"HTTP request","meta":{"request_id":"774cf5b24909caa08ca342d4","method":"PUT","path":"/2","status":200,"duration_ms":72,"user_id":1,"role":"pic"}}
{"time":"2026-09-16T03:21:17.584Z","level":"info","message":"DB connected","meta":{"database":"biro_umum_db","host":"localhost","port":5432}}
{"time":"2026-09-16T03:21:17.624Z","level":"info","message":"DB connected","meta":{"database":"biro_umum_db","host":"localhost","port":5432}}
{"time":"2026-09-16T03:21:17.716Z","level":"info","message":"HTTP request","meta":{"request_id":"b50bc1a6753b1694f7704395","method":"GET","path":"/me","status":200,"duration_ms":2,"user_id":1,"role":"pic"}}
{"time":"2026-09-16T03:21:17.720Z","level":"info","message":"HTTP request","meta":{"request_id":"63616fc15ac8f0622290bd76","method":"GET","path":"/me","status":304,"duration_ms":2,"user_id":1,"role":"pic"}}
{"time":"2026-09-16T03:21:17.876Z","level":"info","message":"HTTP request","meta":{"request_id":"361c6a6b81ccad10386be880","method":"GET","path":"/","status":200,"duration_ms":32,"user_id":1,"role":"pic"}}
{"time":"2026-09-16T03:21:17.916Z","level":"info","message":"HTTP request","meta":{"request_id":"98bd11b5c083235da08d559b","method":"GET","path":"/","status":304,"duration_ms":36,"user_id":1,"role":"pic"}}
{"time":"2026-09-16T03:21:18.311Z","level":"info","message":"HTTP request","meta":{"request_id":"c510aea07f6745a911c53d8f","method":"GET","path":"/","status":304,"duration_ms":155,"user_id":1,"role":"pic"}}
{"time":"2026-09-16T03:21:18.434Z","level":"info","message":"HTTP request","meta":{"request_id":"c6be23bf0bec764243fec5f4","method":"GET","path":"/","status":304,"duration_ms":116,"user_id":1,"role":"pic"}}
{"time":"2026-09-16T07:09:03.798Z","level":"info","message":"DB connected","meta":{"database":"biro_umum_db","host":"localhost","port":5432}}
{"time":"2026-09-16T07:09:03.801Z","level":"info","message":"DB connected","meta":{"database":"biro_umum_db","host":"localhost","port":5432}}
{"time":"2026-09-16T07:09:03.807Z","level":"info","message":"HTTP request","meta":{"request_id":"54190c6a0f90a48970d1f8f6","method":"GET","path":"/summary","status":304,"duration_ms":64,"user_id":1,"role":"pic"}}
{"time":"2026-09-16T07:09:03.817Z","level":"info","message":"HTTP request","meta":{"request_id":"072661305890226fc720af40","method":"GET","path":"/summary","status":304,"duration_ms":7,"user_id":1,"role":"pic"}}
{"time":"2026-09-16T07:09:03.820Z","level":"info","message":"DB connected","meta":{"database":"biro_umum_db","host":"localhost","port":5432}}
{"time":"2026-09-16T07:09:03.832Z","level":"info","message":"HTTP request","meta":{"request_id":"661e0af688fcde451eb8171d","method":"GET","path":"/activities","status":200,"duration_ms":84,"user_id":1,"role":"pic"}}
{"time":"2026-09-16T07:09:03.837Z","level":"info","message":"HTTP request","meta":{"request_id":"89bc412b072c1208cbc00ffc","method":"GET","path":"/activities","status":304,"duration_ms":2,"user_id":1,"role":"pic"}}
{"time":"2026-09-16T07:09:25.558Z","level":"info","message":"HTTP request","meta":{"request_id":"df7fc46a72ba8179484a0370","method":"GET","path":"/","status":304,"duration_ms":18,"user_id":1,"role":"pic"}}
{"time":"2026-09-16T07:09:25.579Z","level":"info","message":"HTTP request","meta":{"request_id":"219148ad0e57d13ec8acb761","method":"GET","path":"/","status":304,"duration_ms":19,"user_id":1,"role":"pic"}}
{"time":"2026-09-16T07:09:26.381Z","level":"info","message":"HTTP request","meta":{"request_id":"6830a6eb60f7bd23b8340d42","method":"GET","path":"/","status":304,"duration_ms":104,"user_id":1,"role":"pic"}}
{"time":"2026-09-16T07:09:26.516Z","level":"info","message":"HTTP request","meta":{"request_id":"3ae94ab0d751b97a49ec19ec","method":"GET","path":"/","status":304,"duration_ms":131,"user_id":1,"role":"pic"}}
{"time":"2026-09-16T07:09:27.014Z","level":"info","message":"HTTP request","meta":{"request_id":"602339dbbe547b08a5526ff3","method":"GET","path":"/summary","status":304,"duration_ms":4,"user_id":1,"role":"pic"}}
{"time":"2026-09-16T07:09:27.017Z","level":"info","message":"HTTP request","meta":{"request_id":"aa3414cec2d8a5f5fd7310e7","method":"GET","path":"/activities","status":304,"duration_ms":5,"user_id":1,"role":"pic"}}
{"time":"2026-09-16T07:09:27.023Z","level":"info","message":"HTTP request","meta":{"request_id":"39dcfb09c1272d29f67ef44f","method":"GET","path":"/summary","status":304,"duration_ms":2,"user_id":1,"role":"pic"}}
{"time":"2026-09-16T07:09:27.027Z","level":"info","message":"HTTP request","meta":{"request_id":"ed04daec8e466f7bf1de2840","method":"GET","path":"/activities","status":304,"duration_ms":5,"user_id":1,"role":"pic"}}
{"time":"2026-09-16T07:09:35.500Z","level":"info","message":"HTTP request","meta":{"request_id":"7bf28a4bac9983bd085b730e","method":"GET","path":"/","status":304,"duration_ms":123,"user_id":1,"role":"pic"}}
{"time":"2026-09-16T07:09:35.624Z","level":"info","message":"HTTP request","meta":{"request_id":"06e68c4ec4197cf9ef187b07","method":"GET","path":"/","status":304,"duration_ms":120,"user_id":1,"role":"pic"}}
{"time":"2026-09-16T07:57:31.685Z","level":"info","message":"DB connected","meta":{"database":"biro_umum_db","host":"localhost","port":5432}}
{"time":"2026-09-16T07:57:31.692Z","level":"info","message":"HTTP request","meta":{"request_id":"98f02accf157d4258fe45642","method":"GET","path":"/me","status":200,"duration_ms":57,"user_id":1,"role":"pic"}}
{"time":"2026-09-16T07:57:31.699Z","level":"info","message":"HTTP request","meta":{"request_id":"ee8466c1eadbda5f83853f12","method":"GET","path":"/me","status":304,"duration_ms":3,"user_id":1,"role":"pic"}}
{"time":"2026-09-16T07:57:31.891Z","level":"info","message":"HTTP request","meta":{"request_id":"84706e945af447a4f9794587","method":"GET","path":"/","status":304,"duration_ms":114,"user_id":1,"role":"pic"}}
{"time":"2026-09-16T07:57:32.019Z","level":"info","message":"HTTP request","meta":{"request_id":"0da8ee6b32f26149aed7b3bc","method":"GET","path":"/","status":304,"duration_ms":124,"user_id":1,"role":"pic"}}
{"time":"2026-09-17T01:59:02.831Z","level":"info","message":"DB connected","meta":{"database":"biro_umum_db","host":"localhost","port":5432}}
{"time":"2026-09-17T02:20:04.804Z","level":"info","message":"DB connected","meta":{"database":"biro_umum_db","host":"localhost","port":5432}}
{"time":"2026-09-17T02:20:05.375Z","level":"info","message":"HTTP request","meta":{"request_id":"49d72c7bbfea9368faee7085","method":"GET","path":"/me","status":304,"duration_ms":14,"user_id":1,"role":"pic"}}
{"time":"2026-09-17T02:20:05.379Z","level":"info","message":"HTTP request","meta":{"request_id":"e52bb224bf92b9096d04ad3e","method":"GET","path":"/me","status":304,"duration_ms":2,"user_id":1,"role":"pic"}}
{"time":"2026-09-17T02:20:06.120Z","level":"info","message":"HTTP request","meta":{"request_id":"f8dc705efa640beb4bc081ab","method":"GET","path":"/","status":200,"duration_ms":198,"user_id":1,"role":"pic"}}
{"time":"2026-09-17T02:20:06.322Z","level":"info","message":"HTTP request","meta":{"request_id":"c1cab48d69fda0c41db5b2fd","method":"GET","path":"/","status":304,"duration_ms":176,"user_id":1,"role":"pic"}}
{"time":"2026-09-17T02:20:07.569Z","level":"info","message":"HTTP request","meta":{"request_id":"db527e07a8c69b4ca5260acb","method":"GET","path":"/me","status":304,"duration_ms":1,"user_id":1,"role":"pic"}}
{"time":"2026-09-17T02:20:07.573Z","level":"info","message":"HTTP request","meta":{"request_id":"618c8869d144a8050fe3e67d","method":"GET","path":"/me","status":304,"duration_ms":2,"user_id":1,"role":"pic"}}
{"time":"2026-09-17T02:20:07.776Z","level":"info","message":"HTTP request","meta":{"request_id":"bcb4a49586c4050e98d134d5","method":"GET","path":"/","status":304,"duration_ms":110,"user_id":1,"role":"pic"}}
{"time":"2026-09-17T02:20:07.906Z","level":"info","message":"HTTP request","meta":{"request_id":"23ef6cd6a781817f08c127f5","method":"GET","path":"/","status":304,"duration_ms":129,"user_id":1,"role":"pic"}}
{"time":"2026-09-17T02:20:10.011Z","level":"info","message":"HTTP request","meta":{"request_id":"c8c4b9d97f823244d5123c1a","method":"GET","path":"/me","status":304,"duration_ms":1,"user_id":1,"role":"pic"}}
{"time":"2026-09-17T02:20:10.018Z","level":"info","message":"HTTP request","meta":{"request_id":"290b9eae1dffea8538890e94","method":"GET","path":"/me","status":304,"duration_ms":3,"user_id":1,"role":"pic"}}
{"time":"2026-09-17T02:20:10.191Z","level":"info","message":"HTTP request","meta":{"request_id":"e813f6274bf40f91f80951c6","method":"GET","path":"/","status":304,"duration_ms":121,"user_id":1,"role":"pic"}}
{"time":"2026-09-17T02:20:10.333Z","level":"info","message":"HTTP request","meta":{"request_id":"b309482cc8cb85c0bf9a2afe","method":"GET","path":"/","status":304,"duration_ms":141,"user_id":1,"role":"pic"}}
{"time":"2026-09-17T02:20:24.445Z","level":"info","message":"HTTP request","meta":{"request_id":"20d79b0e6e40b3b0f6b42d6d","method":"POST","path":"/","status":201,"duration_ms":21,"user_id":1,"role":"pic"}}
{"time":"2026-09-17T02:20:24.577Z","level":"info","message":"HTTP request","meta":{"request_id":"5827c0912c104f8474ad7109","method":"GET","path":"/","status":200,"duration_ms":128,"user_id":1,"role":"pic"}}
{"time":"2026-09-17T03:09:39.605Z","level":"info","message":"DB connected","meta":{"database":"biro_umum_db","host":"localhost","port":5432}}
{"time":"2026-09-17T03:09:39.610Z","level":"info","message":"HTTP request","meta":{"request_id":"a45e5fb91b0eaa70ba6c61d4","method":"GET","path":"/me","status":304,"duration_ms":45,"user_id":1,"role":"pic"}}
{"time":"2026-09-17T03:09:39.612Z","level":"info","message":"HTTP request","meta":{"request_id":"481109e7ab2bc09989867398","method":"GET","path":"/me","status":304,"duration_ms":1,"user_id":1,"role":"pic"}}
{"time":"2026-09-17T03:09:39.986Z","level":"info","message":"HTTP request","meta":{"request_id":"dcf649d1f75a302fe853a292","method":"GET","path":"/","status":200,"duration_ms":275,"user_id":1,"role":"pic"}}
{"time":"2026-09-17T03:09:40.342Z","level":"info","message":"HTTP request","meta":{"request_id":"35e8e2d03399f9200f0855c5","method":"GET","path":"/","status":304,"duration_ms":343,"user_id":1,"role":"pic"}}
{"time":"2026-09-17T03:09:40.586Z","level":"info","message":"HTTP request","meta":{"request_id":"85c36f806801e1515656ae83","method":"GET","path":"/","status":304,"duration_ms":242,"user_id":1,"role":"pic"}}
{"time":"2026-09-17T03:09:41.557Z","level":"info","message":"HTTP request","meta":{"request_id":"c168b56f3a05ab18dbba179e","method":"GET","path":"/me","status":304,"duration_ms":2,"user_id":1,"role":"pic"}}
{"time":"2026-09-17T03:09:41.562Z","level":"info","message":"HTTP request","meta":{"request_id":"7138b30c162a541b1688e199","method":"GET","path":"/me","status":304,"duration_ms":2,"user_id":1,"role":"pic"}}
{"time":"2026-09-17T03:09:41.861Z","level":"info","message":"HTTP request","meta":{"request_id":"737f5c91f4a0eb050d8d584a","method":"GET","path":"/","status":304,"duration_ms":165,"user_id":1,"role":"pic"}}
{"time":"2026-09-17T03:09:42.042Z","level":"info","message":"HTTP request","meta":{"request_id":"8ad63af80a8f74aec9d36fc3","method":"GET","path":"/","status":304,"duration_ms":179,"user_id":1,"role":"pic"}}
{"time":"2026-09-17T03:10:09.769Z","level":"info","message":"HTTP request","meta":{"request_id":"6b4291982bded4487cfb5821","method":"GET","path":"/me","status":304,"duration_ms":3,"user_id":1,"role":"pic"}}
{"time":"2026-09-17T03:10:09.773Z","level":"info","message":"HTTP request","meta":{"request_id":"a6b63324db0d9fdb2ad0a9c7","method":"GET","path":"/me","status":304,"duration_ms":1,"user_id":1,"role":"pic"}}
{"time":"2026-09-17T03:10:09.960Z","level":"info","message":"HTTP request","meta":{"request_id":"a7bdea294650b6b7d4ca9b99","method":"GET","path":"/","status":200,"duration_ms":129,"user_id":1,"role":"pic"}}
{"time":"2026-09-17T03:10:10.114Z","level":"info","message":"HTTP request","meta":{"request_id":"660c44b4eb3d8adb22596789","method":"GET","path":"/","status":304,"duration_ms":150,"user_id":1,"role":"pic"}}
{"time":"2026-09-17T03:19:00.296Z","level":"info","message":"DB connected","meta":{"database":"biro_umum_db","host":"localhost","port":5432}}
{"time":"2026-09-17T03:19:00.332Z","level":"info","message":"HTTP request","meta":{"request_id":"d8cd0ba6c52ec58944f74ded","method":"GET","path":"/","status":304,"duration_ms":112,"user_id":1,"role":"pic"}}
{"time":"2026-09-17T03:19:00.356Z","level":"info","message":"HTTP request","meta":{"request_id":"3316c88cd4554711310e8631","method":"GET","path":"/","status":304,"duration_ms":22,"user_id":1,"role":"pic"}}
{"time":"2026-09-17T03:19:02.406Z","level":"info","message":"HTTP request","meta":{"request_id":"d5c4977fe446a52cb31e6945","method":"GET","path":"/","status":304,"duration_ms":198,"user_id":1,"role":"pic"}}
{"time":"2026-09-17T03:19:02.617Z","level":"info","message":"HTTP request","meta":{"request_id":"3b5afd43e83451128d920f72","method":"GET","path":"/","status":304,"duration_ms":207,"user_id":1,"role":"pic"}}
{"time":"2026-09-18T03:07:15.047Z","level":"error","message":"Prisma connection error","meta":{"error":{"clientVersion":"6.19.3","errorCode":"P1012","name":"PrismaClientInitializationError"}}}
{"time":"2026-09-18T03:07:35.541Z","level":"info","message":"HTTP request","meta":{"request_id":"f3d2d53edd85024e1ccad192","method":"GET","path":"/me","status":401,"duration_ms":6,"user_id":null,"role":null}}
{"time":"2026-09-18T03:07:35.545Z","level":"info","message":"HTTP request","meta":{"request_id":"8d65ecb6448365d992196e34","method":"GET","path":"/me","status":401,"duration_ms":2,"user_id":null,"role":null}}
{"time":"2026-09-18T03:08:16.670Z","level":"info","message":"HTTP request","meta":{"request_id":"f8b37e1a7ec11800204b0249","method":"POST","path":"/login","status":500,"duration_ms":8,"user_id":null,"role":null}}
{"time":"2026-09-18T03:08:18.829Z","level":"info","message":"HTTP request","meta":{"request_id":"65b029667f8bc40b5978687f","method":"POST","path":"/login","status":500,"duration_ms":2,"user_id":null,"role":null}}
{"time":"2026-09-18T03:08:19.520Z","level":"info","message":"HTTP request","meta":{"request_id":"15c38d1752edec5b76a169ef","method":"POST","path":"/login","status":500,"duration_ms":3,"user_id":null,"role":null}}
{"time":"2026-09-18T03:08:19.989Z","level":"info","message":"HTTP request","meta":{"request_id":"07d2a31ce6f54985e462b6ed","method":"POST","path":"/login","status":500,"duration_ms":2,"user_id":null,"role":null}}
{"time":"2026-09-18T03:08:20.398Z","level":"info","message":"HTTP request","meta":{"request_id":"d70e741f6d75d975555514a3","method":"POST","path":"/login","status":500,"duration_ms":3,"user_id":null,"role":null}}
{"time":"2026-09-18T03:16:55.081Z","level":"error","message":"Prisma connection error","meta":{"error":{"clientVersion":"6.19.3","errorCode":"P1012","name":"PrismaClientInitializationError"}}}
{"time":"2026-09-18T03:21:55.701Z","level":"error","message":"Prisma connection error","meta":{"error":{"clientVersion":"6.19.3","errorCode":"P1003","name":"PrismaClientInitializationError"}}}
{"time":"2026-09-18T03:27:32.356Z","level":"info","message":"Prisma connected"}
{"time":"2026-09-18T03:32:19.751Z","level":"info","message":"Prisma connected"}
{"time":"2026-09-18T03:32:29.061Z","level":"info","message":"HTTP request","meta":{"request_id":"388c8f24011d5cfb90a2befc","method":"POST","path":"/register","status":201,"duration_ms":305,"user_id":null,"role":null}}
{"time":"2026-09-18T03:32:29.226Z","level":"info","message":"HTTP request","meta":{"request_id":"fa55b61d27c9327cd7c272f1","method":"GET","path":"/summary","status":200,"duration_ms":81,"user_id":2,"role":"karyawan"}}
{"time":"2026-09-18T03:32:29.234Z","level":"info","message":"HTTP request","meta":{"request_id":"2779569f8e3fe7e22acddd01","method":"GET","path":"/summary","status":304,"duration_ms":5,"user_id":2,"role":"karyawan"}}
{"time":"2026-09-18T03:32:29.240Z","level":"info","message":"HTTP request","meta":{"request_id":"1da17096c47ccd7e941f963c","method":"GET","path":"/activities","status":200,"duration_ms":91,"user_id":2,"role":"karyawan"}}
{"time":"2026-09-18T03:32:29.251Z","level":"info","message":"HTTP request","meta":{"request_id":"c7799e89e8fd637d72eee33c","method":"GET","path":"/activities","status":304,"duration_ms":6,"user_id":2,"role":"karyawan"}}
{"time":"2026-09-18T03:32:30.974Z","level":"info","message":"HTTP request","meta":{"request_id":"5e53d8fc6082c20ee5a3780f","method":"GET","path":"/","status":200,"duration_ms":205,"user_id":2,"role":"karyawan"}}
{"time":"2026-09-18T03:32:31.210Z","level":"info","message":"HTTP request","meta":{"request_id":"afb566d720cbe839ad9c633f","method":"GET","path":"/","status":304,"duration_ms":234,"user_id":2,"role":"karyawan"}}
{"time":"2026-09-18T03:32:32.264Z","level":"error","message":"GET pengadaan gagal","meta":{"error":{"code":"P2022","meta":{"modelName":"Pengadaan","column":"pengadaan.stage2_invoice_document_file_path"},"clientVersion":"6.19.3","name":"PrismaClientKnownRequestError"}}}
{"time":"2026-09-18T03:32:32.267Z","level":"info","message":"HTTP request","meta":{"request_id":"e4e9448d8808314367fda0ce","method":"GET","path":"/","status":500,"duration_ms":15,"user_id":2,"role":"karyawan"}}
{"time":"2026-09-18T03:32:32.275Z","level":"error","message":"GET pengadaan gagal","meta":{"error":{"code":"P2022","meta":{"modelName":"Pengadaan","column":"pengadaan.stage2_invoice_document_file_path"},"clientVersion":"6.19.3","name":"PrismaClientKnownRequestError"}}}
{"time":"2026-09-18T03:32:32.277Z","level":"info","message":"HTTP request","meta":{"request_id":"e01b463517362c2f394a35fc","method":"GET","path":"/","status":500,"duration_ms":8,"user_id":2,"role":"karyawan"}}
{"time":"2026-09-18T03:32:35.830Z","level":"info","message":"HTTP request","meta":{"request_id":"2a58f8cfa7b7f4842e1df0b0","method":"GET","path":"/","status":200,"duration_ms":7,"user_id":2,"role":"karyawan"}}
{"time":"2026-09-18T03:32:35.834Z","level":"info","message":"HTTP request","meta":{"request_id":"15b8c455372480e21d3137b3","method":"GET","path":"/","status":304,"duration_ms":3,"user_id":2,"role":"karyawan"}}
{"time":"2026-09-18T03:32:36.405Z","level":"info","message":"HTTP request","meta":{"request_id":"f604d3f7827324fb36dbf273","method":"GET","path":"/","status":304,"duration_ms":7,"user_id":2,"role":"karyawan"}}
{"time":"2026-09-18T03:32:36.409Z","level":"info","message":"HTTP request","meta":{"request_id":"dd01a82c70e44dbf393f0ee2","method":"GET","path":"/","status":304,"duration_ms":3,"user_id":2,"role":"karyawan"}}
{"time":"2026-09-18T03:32:36.872Z","level":"info","message":"HTTP request","meta":{"request_id":"c8f71ef2a02f8c3a7c525e29","method":"GET","path":"/","status":304,"duration_ms":2,"user_id":2,"role":"karyawan"}}
{"time":"2026-09-18T03:32:36.877Z","level":"info","message":"HTTP request","meta":{"request_id":"9f5390a19ecc8eba816fd98c","method":"GET","path":"/","status":304,"duration_ms":3,"user_id":2,"role":"karyawan"}}
{"time":"2026-09-18T03:32:38.250Z","level":"error","message":"GET pengadaan gagal","meta":{"error":{"code":"P2022","meta":{"modelName":"Pengadaan","column":"pengadaan.stage2_invoice_document_file_path"},"clientVersion":"6.19.3","name":"PrismaClientKnownRequestError"}}}
{"time":"2026-09-18T03:32:38.251Z","level":"info","message":"HTTP request","meta":{"request_id":"44036949693c7f91565a09ac","method":"GET","path":"/","status":500,"duration_ms":5,"user_id":2,"role":"karyawan"}}
{"time":"2026-09-18T03:32:38.255Z","level":"error","message":"GET pengadaan gagal","meta":{"error":{"code":"P2022","meta":{"modelName":"Pengadaan","column":"pengadaan.stage2_invoice_document_file_path"},"clientVersion":"6.19.3","name":"PrismaClientKnownRequestError"}}}
{"time":"2026-09-18T03:32:38.257Z","level":"info","message":"HTTP request","meta":{"request_id":"62d112ad1af3c33a54f90d77","method":"GET","path":"/","status":500,"duration_ms":4,"user_id":2,"role":"karyawan"}}
{"time":"2026-09-18T03:32:38.910Z","level":"info","message":"HTTP request","meta":{"request_id":"500ae51efd7fd4dc81cdd3ba","method":"GET","path":"/","status":304,"duration_ms":197,"user_id":2,"role":"karyawan"}}
{"time":"2026-09-18T03:32:39.137Z","level":"info","message":"HTTP request","meta":{"request_id":"a153da7fee73acc3c1b2e06f","method":"GET","path":"/","status":304,"duration_ms":214,"user_id":2,"role":"karyawan"}}
{"time":"2026-09-18T03:32:40.276Z","level":"info","message":"HTTP request","meta":{"request_id":"ac6f9fb79b3ea9bb47a5bb46","method":"GET","path":"/summary","status":304,"duration_ms":4,"user_id":2,"role":"karyawan"}}
{"time":"2026-09-18T03:32:40.280Z","level":"info","message":"HTTP request","meta":{"request_id":"93107c4da1bca10a1f45163a","method":"GET","path":"/activities","status":304,"duration_ms":6,"user_id":2,"role":"karyawan"}}
{"time":"2026-09-18T03:32:40.281Z","level":"info","message":"HTTP request","meta":{"request_id":"5bbe330e8ff12e7c33fac541","method":"GET","path":"/summary","status":304,"duration_ms":3,"user_id":2,"role":"karyawan"}}
{"time":"2026-09-18T03:32:40.287Z","level":"info","message":"HTTP request","meta":{"request_id":"ed5fee86921c93f43a4522c0","method":"GET","path":"/activities","status":304,"duration_ms":3,"user_id":2,"role":"karyawan"}}
{"time":"2026-09-18T03:32:41.000Z","level":"info","message":"HTTP request","meta":{"request_id":"70a6975648e18f9326a6c4a8","method":"GET","path":"/","status":304,"duration_ms":194,"user_id":2,"role":"karyawan"}}
{"time":"2026-09-18T03:32:41.202Z","level":"info","message":"HTTP request","meta":{"request_id":"4412d9b428f8e0e3867a0782","method":"GET","path":"/","status":304,"duration_ms":201,"user_id":2,"role":"karyawan"}}
{"time":"2026-09-18T03:32:41.315Z","level":"error","message":"GET pengadaan gagal","meta":{"error":{"code":"P2022","meta":{"modelName":"Pengadaan","column":"pengadaan.stage2_invoice_document_file_path"},"clientVersion":"6.19.3","name":"PrismaClientKnownRequestError"}}}
{"time":"2026-09-18T03:32:41.317Z","level":"info","message":"HTTP request","meta":{"request_id":"94167b2fb685ceffe119a32c","method":"GET","path":"/","status":500,"duration_ms":8,"user_id":2,"role":"karyawan"}}
{"time":"2026-09-18T03:32:41.324Z","level":"error","message":"GET pengadaan gagal","meta":{"error":{"code":"P2022","meta":{"modelName":"Pengadaan","column":"pengadaan.stage2_invoice_document_file_path"},"clientVersion":"6.19.3","name":"PrismaClientKnownRequestError"}}}
{"time":"2026-09-18T03:32:41.327Z","level":"info","message":"HTTP request","meta":{"request_id":"3e084abc166abb483b175bc3","method":"GET","path":"/","status":500,"duration_ms":7,"user_id":2,"role":"karyawan"}}
{"time":"2026-09-18T03:32:58.362Z","level":"error","message":"POST pengadaan gagal","meta":{"error":{"code":"P2022","meta":{"modelName":"Pengadaan","column":"pengadaan.stage2_invoice_document_file_path"},"clientVersion":"6.19.3","name":"PrismaClientKnownRequestError"}}}
{"time":"2026-09-18T03:32:58.363Z","level":"info","message":"HTTP request","meta":{"request_id":"59261567823dcf5e1ca4e992","method":"POST","path":"/","status":500,"duration_ms":22,"user_id":2,"role":"karyawan"}}
{"time":"2026-09-18T03:33:00.300Z","level":"error","message":"POST pengadaan gagal","meta":{"error":{"code":"P2022","meta":{"modelName":"Pengadaan","column":"pengadaan.stage2_invoice_document_file_path"},"clientVersion":"6.19.3","name":"PrismaClientKnownRequestError"}}}
{"time":"2026-09-18T03:33:00.302Z","level":"info","message":"HTTP request","meta":{"request_id":"74a6dd0f3473a540fffb4a4f","method":"POST","path":"/","status":500,"duration_ms":18,"user_id":2,"role":"karyawan"}}
{"time":"2026-09-18T03:33:03.761Z","level":"info","message":"HTTP request","meta":{"request_id":"9a3bb972ca5efb234d440380","method":"GET","path":"/me","status":200,"duration_ms":2,"user_id":2,"role":"karyawan"}}
{"time":"2026-09-18T03:33:03.764Z","level":"info","message":"HTTP request","meta":{"request_id":"d4540919691932339eaf2ddd","method":"GET","path":"/me","status":304,"duration_ms":2,"user_id":2,"role":"karyawan"}}
{"time":"2026-09-18T03:33:03.831Z","level":"error","message":"GET pengadaan gagal","meta":{"error":{"code":"P2022","meta":{"modelName":"Pengadaan","column":"pengadaan.stage2_invoice_document_file_path"},"clientVersion":"6.19.3","name":"PrismaClientKnownRequestError"}}}
{"time":"2026-09-18T03:33:03.832Z","level":"info","message":"HTTP request","meta":{"request_id":"b2455a333c325c4e0341d39a","method":"GET","path":"/","status":500,"duration_ms":4,"user_id":2,"role":"karyawan"}}
{"time":"2026-09-18T03:33:03.836Z","level":"error","message":"GET pengadaan gagal","meta":{"error":{"code":"P2022","meta":{"modelName":"Pengadaan","column":"pengadaan.stage2_invoice_document_file_path"},"clientVersion":"6.19.3","name":"PrismaClientKnownRequestError"}}}
{"time":"2026-09-18T03:33:03.838Z","level":"info","message":"HTTP request","meta":{"request_id":"dd514da3325e4826cd772db9","method":"GET","path":"/","status":500,"duration_ms":5,"user_id":2,"role":"karyawan"}}
{"time":"2026-09-18T03:33:04.550Z","level":"info","message":"HTTP request","meta":{"request_id":"de2bf0881080f1c6b445daae","method":"GET","path":"/","status":304,"duration_ms":2,"user_id":2,"role":"karyawan"}}
{"time":"2026-09-18T03:33:04.554Z","level":"info","message":"HTTP request","meta":{"request_id":"30155afce73850c0fedfae39","method":"GET","path":"/","status":304,"duration_ms":2,"user_id":2,"role":"karyawan"}}
{"time":"2026-09-18T03:33:04.930Z","level":"info","message":"HTTP request","meta":{"request_id":"39f5e40380132320b1d3b708","method":"GET","path":"/","status":304,"duration_ms":2,"user_id":2,"role":"karyawan"}}
{"time":"2026-09-18T03:33:04.932Z","level":"info","message":"HTTP request","meta":{"request_id":"3964974260327fabb489d8c0","method":"GET","path":"/","status":304,"duration_ms":1,"user_id":2,"role":"karyawan"}}
{"time":"2026-09-18T03:33:05.463Z","level":"info","message":"HTTP request","meta":{"request_id":"ee0e92c249d8681fd672a533","method":"GET","path":"/","status":304,"duration_ms":181,"user_id":2,"role":"karyawan"}}
{"time":"2026-09-18T03:33:05.649Z","level":"info","message":"HTTP request","meta":{"request_id":"f9248005151d97cf5e934320","method":"GET","path":"/","status":304,"duration_ms":184,"user_id":2,"role":"karyawan"}}
{"time":"2026-09-18T03:33:17.198Z","level":"info","message":"HTTP request","meta":{"request_id":"eb6e8c2e29a79dd0cc289392","method":"POST","path":"/","status":201,"duration_ms":92,"user_id":2,"role":"karyawan"}}
{"time":"2026-09-18T03:33:17.421Z","level":"info","message":"HTTP request","meta":{"request_id":"e263c76e57ff029733f4d99e","method":"GET","path":"/","status":200,"duration_ms":203,"user_id":2,"role":"karyawan"}}
{"time":"2026-09-18T03:34:56.650Z","level":"info","message":"HTTP request","meta":{"request_id":"c47c766ff4f18f12fb570007","method":"GET","path":"/summary","status":200,"duration_ms":4,"user_id":2,"role":"karyawan"}}
{"time":"2026-09-18T03:34:56.652Z","level":"info","message":"HTTP request","meta":{"request_id":"dbebb4015b6d9d098c03f15b","method":"GET","path":"/activities","status":200,"duration_ms":4,"user_id":2,"role":"karyawan"}}
{"time":"2026-09-18T03:34:56.655Z","level":"info","message":"HTTP request","meta":{"request_id":"c6b14bd7aa816bdeda4eb1bd","method":"GET","path":"/summary","status":304,"duration_ms":2,"user_id":2,"role":"karyawan"}}
{"time":"2026-09-18T03:34:56.658Z","level":"info","message":"HTTP request","meta":{"request_id":"f959014ceed41e3a9b7c7edc","method":"GET","path":"/activities","status":304,"duration_ms":4,"user_id":2,"role":"karyawan"}}
{"time":"2026-09-18T03:43:14.700Z","level":"info","message":"HTTP request","meta":{"request_id":"cd6eca6abb291f10a19edcde","method":"GET","path":"/me","status":304,"duration_ms":51,"user_id":2,"role":"karyawan"}}
{"time":"2026-09-18T03:43:14.706Z","level":"info","message":"HTTP request","meta":{"request_id":"cc364de2ceeaa98f96a15e67","method":"GET","path":"/me","status":304,"duration_ms":3,"user_id":2,"role":"karyawan"}}
{"time":"2026-09-18T03:43:14.937Z","level":"info","message":"HTTP request","meta":{"request_id":"04ee50e4bf5e7a23365b4fab","method":"GET","path":"/summary","status":304,"duration_ms":149,"user_id":2,"role":"karyawan"}}
{"time":"2026-09-18T03:43:14.940Z","level":"info","message":"HTTP request","meta":{"request_id":"67fa408cb7969b87d45cc952","method":"GET","path":"/activities","status":304,"duration_ms":150,"user_id":2,"role":"karyawan"}}
{"time":"2026-09-18T03:43:14.948Z","level":"info","message":"HTTP request","meta":{"request_id":"65ba458de0d8c3c59ca77fc4","method":"GET","path":"/summary","status":304,"duration_ms":6,"user_id":2,"role":"karyawan"}}
{"time":"2026-09-18T03:43:14.952Z","level":"info","message":"HTTP request","meta":{"request_id":"d234209ecc4b108fc5824d86","method":"GET","path":"/activities","status":304,"duration_ms":8,"user_id":2,"role":"karyawan"}}
{"time":"2026-09-18T03:44:13.410Z","level":"info","message":"Prisma connected"}
{"time":"2026-09-18T03:44:23.327Z","level":"info","message":"Prisma connected"}
{"time":"2026-09-18T03:44:31.931Z","level":"info","message":"Prisma connected"}
{"time":"2026-09-18T03:44:38.088Z","level":"info","message":"HTTP request","meta":{"request_id":"ddd7194b054a878a7a28c4b2","method":"GET","path":"/me","status":304,"duration_ms":16,"user_id":2,"role":"karyawan"}}
{"time":"2026-09-18T03:44:38.093Z","level":"info","message":"HTTP request","meta":{"request_id":"8a392778d2576b06e17c0b93","method":"GET","path":"/me","status":304,"duration_ms":3,"user_id":2,"role":"karyawan"}}
{"time":"2026-09-18T03:44:38.236Z","level":"info","message":"HTTP request","meta":{"request_id":"4b98ca05a19c6747abe20c35","method":"GET","path":"/summary","status":304,"duration_ms":86,"user_id":2,"role":"karyawan"}}
{"time":"2026-09-18T03:44:38.240Z","level":"info","message":"HTTP request","meta":{"request_id":"4b7d7c100c697d17b2215f7e","method":"GET","path":"/activities","status":304,"duration_ms":87,"user_id":2,"role":"karyawan"}}
{"time":"2026-09-18T03:44:38.244Z","level":"info","message":"HTTP request","meta":{"request_id":"f9e6be994ad5a90f38580dc5","method":"GET","path":"/summary","status":304,"duration_ms":6,"user_id":2,"role":"karyawan"}}
{"time":"2026-09-18T03:44:38.249Z","level":"info","message":"HTTP request","meta":{"request_id":"7e25535ff105b8e5c2ce9ffe","method":"GET","path":"/activities","status":304,"duration_ms":7,"user_id":2,"role":"karyawan"}}
{"time":"2026-09-18T03:44:38.758Z","level":"info","message":"HTTP request","meta":{"request_id":"240fb06473953b1ab8deb31b","method":"GET","path":"/","status":304,"duration_ms":205,"user_id":2,"role":"karyawan"}}
{"time":"2026-09-18T03:44:38.991Z","level":"info","message":"HTTP request","meta":{"request_id":"66ca8aae48e2b9b53404fb14","method":"GET","path":"/","status":304,"duration_ms":231,"user_id":2,"role":"karyawan"}}
{"time":"2026-09-18T03:44:39.897Z","level":"error","message":"GET pengadaan gagal","meta":{"error":{"code":"P2022","meta":{"modelName":"Pengadaan","column":"pengadaan.stage2_invoice_document_file_path"},"clientVersion":"6.19.3","name":"PrismaClientKnownRequestError"}}}
{"time":"2026-09-18T03:44:39.900Z","level":"info","message":"HTTP request","meta":{"request_id":"6c510ebb5a789252eb1621e0","method":"GET","path":"/","status":500,"duration_ms":11,"user_id":2,"role":"karyawan"}}
{"time":"2026-09-18T03:44:39.908Z","level":"error","message":"GET pengadaan gagal","meta":{"error":{"code":"P2022","meta":{"modelName":"Pengadaan","column":"pengadaan.stage2_invoice_document_file_path"},"clientVersion":"6.19.3","name":"PrismaClientKnownRequestError"}}}
{"time":"2026-09-18T03:44:39.909Z","level":"info","message":"HTTP request","meta":{"request_id":"9379c5715d972517e8641c1b","method":"GET","path":"/","status":500,"duration_ms":7,"user_id":2,"role":"karyawan"}}
{"time":"2026-09-18T03:44:40.841Z","level":"info","message":"HTTP request","meta":{"request_id":"86de31a31c4db15797bf1ef1","method":"GET","path":"/","status":304,"duration_ms":5,"user_id":2,"role":"karyawan"}}
{"time":"2026-09-18T03:44:40.846Z","level":"info","message":"HTTP request","meta":{"request_id":"b4df115a3f89c1202e40d121","method":"GET","path":"/","status":304,"duration_ms":3,"user_id":2,"role":"karyawan"}}
{"time":"2026-09-18T03:44:41.899Z","level":"info","message":"HTTP request","meta":{"request_id":"63e09e0fd84b64bf929a17a7","method":"GET","path":"/","status":304,"duration_ms":5,"user_id":2,"role":"karyawan"}}
{"time":"2026-09-18T03:44:41.902Z","level":"info","message":"HTTP request","meta":{"request_id":"4fd011e60e86528032cdcdb0","method":"GET","path":"/","status":304,"duration_ms":1,"user_id":2,"role":"karyawan"}}
{"time":"2026-09-18T03:44:42.552Z","level":"info","message":"HTTP request","meta":{"request_id":"31438a17c685f579ed139ca8","method":"GET","path":"/","status":304,"duration_ms":266,"user_id":2,"role":"karyawan"}}
{"time":"2026-09-18T03:44:42.757Z","level":"info","message":"HTTP request","meta":{"request_id":"53088c9479f31c71336519f1","method":"GET","path":"/","status":304,"duration_ms":199,"user_id":2,"role":"karyawan"}}
{"time":"2026-09-18T03:44:43.651Z","level":"error","message":"GET pengadaan gagal","meta":{"error":{"code":"P2022","meta":{"modelName":"Pengadaan","column":"pengadaan.stage2_invoice_document_file_path"},"clientVersion":"6.19.3","name":"PrismaClientKnownRequestError"}}}
{"time":"2026-09-18T03:44:43.653Z","level":"info","message":"HTTP request","meta":{"request_id":"fa7fcac2cab9d871111f0fea","method":"GET","path":"/","status":500,"duration_ms":8,"user_id":2,"role":"karyawan"}}
{"time":"2026-09-18T03:44:43.657Z","level":"error","message":"GET pengadaan gagal","meta":{"error":{"code":"P2022","meta":{"modelName":"Pengadaan","column":"pengadaan.stage2_invoice_document_file_path"},"clientVersion":"6.19.3","name":"PrismaClientKnownRequestError"}}}
{"time":"2026-09-18T03:44:43.659Z","level":"info","message":"HTTP request","meta":{"request_id":"3920c112741656de01163590","method":"GET","path":"/","status":500,"duration_ms":5,"user_id":2,"role":"karyawan"}}
{"time":"2026-09-18T03:44:57.604Z","level":"error","message":"POST pengadaan gagal","meta":{"error":{"code":"P2022","meta":{"modelName":"Pengadaan","column":"pengadaan.stage2_invoice_document_file_path"},"clientVersion":"6.19.3","name":"PrismaClientKnownRequestError"}}}
{"time":"2026-09-18T03:44:57.605Z","level":"info","message":"HTTP request","meta":{"request_id":"6597fbe6ab26d6ff527c75f2","method":"POST","path":"/","status":500,"duration_ms":24,"user_id":2,"role":"karyawan"}}
{"time":"2026-09-18T03:44:59.290Z","level":"error","message":"POST pengadaan gagal","meta":{"error":{"code":"P2022","meta":{"modelName":"Pengadaan","column":"pengadaan.stage2_invoice_document_file_path"},"clientVersion":"6.19.3","name":"PrismaClientKnownRequestError"}}}
{"time":"2026-09-18T03:44:59.292Z","level":"info","message":"HTTP request","meta":{"request_id":"13a1cbbe0987b46897767824","method":"POST","path":"/","status":500,"duration_ms":24,"user_id":2,"role":"karyawan"}}
{"time":"2026-09-18T03:44:59.568Z","level":"error","message":"POST pengadaan gagal","meta":{"error":{"code":"P2022","meta":{"modelName":"Pengadaan","column":"pengadaan.stage2_invoice_document_file_path"},"clientVersion":"6.19.3","name":"PrismaClientKnownRequestError"}}}
{"time":"2026-09-18T03:44:59.569Z","level":"info","message":"HTTP request","meta":{"request_id":"2799e7bb5186dbdf0a075f16","method":"POST","path":"/","status":500,"duration_ms":21,"user_id":2,"role":"karyawan"}}
{"time":"2026-09-18T03:45:24.718Z","level":"info","message":"Prisma connected"}
{"time":"2026-09-18T03:45:29.605Z","level":"info","message":"HTTP request","meta":{"request_id":"5f6d373818ce799851885c87","method":"GET","path":"/","status":304,"duration_ms":201,"user_id":2,"role":"karyawan"}}
{"time":"2026-09-18T03:45:29.821Z","level":"info","message":"HTTP request","meta":{"request_id":"4904bb134b415342683575df","method":"GET","path":"/","status":304,"duration_ms":213,"user_id":2,"role":"karyawan"}}
{"time":"2026-09-18T03:45:30.115Z","level":"info","message":"HTTP request","meta":{"request_id":"2381ad1c02a52306b5053567","method":"GET","path":"/summary","status":304,"duration_ms":75,"user_id":2,"role":"karyawan"}}
{"time":"2026-09-18T03:45:30.123Z","level":"info","message":"HTTP request","meta":{"request_id":"740256f09d1c154eaa6ac3e6","method":"GET","path":"/summary","status":304,"duration_ms":6,"user_id":2,"role":"karyawan"}}
{"time":"2026-09-18T03:45:30.134Z","level":"info","message":"HTTP request","meta":{"request_id":"d53e724adfb194221988ead1","method":"GET","path":"/activities","status":304,"duration_ms":92,"user_id":2,"role":"karyawan"}}
{"time":"2026-09-18T03:45:30.148Z","level":"info","message":"HTTP request","meta":{"request_id":"0408ccd595df536d2a5fca81","method":"GET","path":"/activities","status":304,"duration_ms":12,"user_id":2,"role":"karyawan"}}
{"time":"2026-09-18T03:45:30.676Z","level":"info","message":"HTTP request","meta":{"request_id":"f246919ec449397ed5c9d9f5","method":"GET","path":"/","status":304,"duration_ms":189,"user_id":2,"role":"karyawan"}}
{"time":"2026-09-18T03:45:30.871Z","level":"info","message":"HTTP request","meta":{"request_id":"22768bfeae7855cd2ba32b75","method":"GET","path":"/","status":304,"duration_ms":192,"user_id":2,"role":"karyawan"}}
{"time":"2026-09-18T03:45:32.139Z","level":"error","message":"GET pengadaan gagal","meta":{"error":{"code":"P2022","meta":{"modelName":"Pengadaan","column":"pengadaan.stage2_invoice_document_file_path"},"clientVersion":"6.19.3","name":"PrismaClientKnownRequestError"}}}
{"time":"2026-09-18T03:45:32.143Z","level":"info","message":"HTTP request","meta":{"request_id":"e06350ea69a6ee85b4bd84ff","method":"GET","path":"/","status":500,"duration_ms":11,"user_id":2,"role":"karyawan"}}
{"time":"2026-09-18T03:45:32.147Z","level":"error","message":"GET pengadaan gagal","meta":{"error":{"code":"P2022","meta":{"modelName":"Pengadaan","column":"pengadaan.stage2_invoice_document_file_path"},"clientVersion":"6.19.3","name":"PrismaClientKnownRequestError"}}}
{"time":"2026-09-18T03:45:32.150Z","level":"info","message":"HTTP request","meta":{"request_id":"1ad1860a4d9e92417aedee6f","method":"GET","path":"/","status":500,"duration_ms":6,"user_id":2,"role":"karyawan"}}
{"time":"2026-09-18T03:45:34.006Z","level":"info","message":"HTTP request","meta":{"request_id":"72988773d34e6c2c972ba601","method":"GET","path":"/me","status":304,"duration_ms":5,"user_id":2,"role":"karyawan"}}
{"time":"2026-09-18T03:45:34.012Z","level":"info","message":"HTTP request","meta":{"request_id":"78a7f9871c60d85043a4bc03","method":"GET","path":"/me","status":304,"duration_ms":3,"user_id":2,"role":"karyawan"}}
{"time":"2026-09-18T03:45:34.063Z","level":"error","message":"GET pengadaan gagal","meta":{"error":{"code":"P2022","meta":{"modelName":"Pengadaan","column":"pengadaan.stage2_invoice_document_file_path"},"clientVersion":"6.19.3","name":"PrismaClientKnownRequestError"}}}
{"time":"2026-09-18T03:45:34.064Z","level":"info","message":"HTTP request","meta":{"request_id":"ba0889a3191565683a038030","method":"GET","path":"/","status":500,"duration_ms":4,"user_id":2,"role":"karyawan"}}
{"time":"2026-09-18T03:45:34.068Z","level":"error","message":"GET pengadaan gagal","meta":{"error":{"code":"P2022","meta":{"modelName":"Pengadaan","column":"pengadaan.stage2_invoice_document_file_path"},"clientVersion":"6.19.3","name":"PrismaClientKnownRequestError"}}}
{"time":"2026-09-18T03:45:34.070Z","level":"info","message":"HTTP request","meta":{"request_id":"06416c9725cbf61c73d6d383","method":"GET","path":"/","status":500,"duration_ms":4,"user_id":2,"role":"karyawan"}}
{"time":"2026-09-18T03:45:34.555Z","level":"info","message":"HTTP request","meta":{"request_id":"89d81750f310b349b96f5cfa","method":"GET","path":"/me","status":304,"duration_ms":1,"user_id":2,"role":"karyawan"}}
{"time":"2026-09-18T03:45:34.560Z","level":"info","message":"HTTP request","meta":{"request_id":"615403925122ec986b22d076","method":"GET","path":"/me","status":304,"duration_ms":3,"user_id":2,"role":"karyawan"}}
{"time":"2026-09-18T03:45:34.616Z","level":"error","message":"GET pengadaan gagal","meta":{"error":{"code":"P2022","meta":{"modelName":"Pengadaan","column":"pengadaan.stage2_invoice_document_file_path"},"clientVersion":"6.19.3","name":"PrismaClientKnownRequestError"}}}
{"time":"2026-09-18T03:45:34.618Z","level":"info","message":"HTTP request","meta":{"request_id":"51f6c2f1f758439ed0878ce1","method":"GET","path":"/","status":500,"duration_ms":5,"user_id":2,"role":"karyawan"}}
{"time":"2026-09-18T03:45:34.623Z","level":"error","message":"GET pengadaan gagal","meta":{"error":{"code":"P2022","meta":{"modelName":"Pengadaan","column":"pengadaan.stage2_invoice_document_file_path"},"clientVersion":"6.19.3","name":"PrismaClientKnownRequestError"}}}
{"time":"2026-09-18T03:45:34.625Z","level":"info","message":"HTTP request","meta":{"request_id":"ad10b32a96071bb196029198","method":"GET","path":"/","status":500,"duration_ms":6,"user_id":2,"role":"karyawan"}}
{"time":"2026-09-18T03:52:15.495Z","level":"info","message":"HTTP request","meta":{"request_id":"1cf186da5ceac0ad6e2f768b","method":"GET","path":"/me","status":304,"duration_ms":161,"user_id":2,"role":"karyawan"}}
{"time":"2026-09-18T03:52:15.498Z","level":"info","message":"HTTP request","meta":{"request_id":"280f7322db938e8f5924e39e","method":"GET","path":"/me","status":304,"duration_ms":2,"user_id":2,"role":"karyawan"}}
{"time":"2026-09-18T03:52:15.604Z","level":"error","message":"GET pengadaan gagal","meta":{"error":{"code":"P2022","meta":{"modelName":"Pengadaan","column":"pengadaan.stage2_invoice_document_file_path"},"clientVersion":"6.19.3","name":"PrismaClientKnownRequestError"}}}
{"time":"2026-09-18T03:52:15.606Z","level":"info","message":"HTTP request","meta":{"request_id":"b48282ae0e206f56fccbac41","method":"GET","path":"/","status":500,"duration_ms":5,"user_id":2,"role":"karyawan"}}
{"time":"2026-09-18T03:52:15.610Z","level":"error","message":"GET pengadaan gagal","meta":{"error":{"code":"P2022","meta":{"modelName":"Pengadaan","column":"pengadaan.stage2_invoice_document_file_path"},"clientVersion":"6.19.3","name":"PrismaClientKnownRequestError"}}}
{"time":"2026-09-18T03:52:15.612Z","level":"info","message":"HTTP request","meta":{"request_id":"fe1b66cbdb7c77f4d8ecf977","method":"GET","path":"/","status":500,"duration_ms":5,"user_id":2,"role":"karyawan"}}
{"time":"2026-09-18T03:52:46.632Z","level":"info","message":"Prisma connected"}
{"time":"2026-09-18T03:52:53.223Z","level":"info","message":"Prisma connected"}
{"time":"2026-09-18T03:53:15.183Z","level":"info","message":"Prisma connected"}
{"time":"2026-09-18T03:55:29.906Z","level":"info","message":"Prisma connected"}
{"time":"2026-09-18T03:55:42.361Z","level":"info","message":"Prisma connected"}
{"time":"2026-09-18T03:55:47.515Z","level":"info","message":"Prisma connected"}
{"time":"2026-09-18T03:55:52.257Z","level":"info","message":"Prisma connected"}
{"time":"2026-09-18T03:55:55.807Z","level":"info","message":"HTTP request","meta":{"request_id":"1e4602f02df10fa9f9fa490e","method":"GET","path":"/me","status":304,"duration_ms":17,"user_id":2,"role":"karyawan"}}
{"time":"2026-09-18T03:55:55.812Z","level":"info","message":"HTTP request","meta":{"request_id":"88bbab372585ef25b37968f2","method":"GET","path":"/me","status":304,"duration_ms":3,"user_id":2,"role":"karyawan"}}
{"time":"2026-09-18T03:55:55.901Z","level":"info","message":"HTTP request","meta":{"request_id":"7aa2fa6d9190ca3cf34815f6","method":"GET","path":"/","status":200,"duration_ms":29,"user_id":2,"role":"karyawan"}}
{"time":"2026-09-18T03:55:55.923Z","level":"info","message":"HTTP request","meta":{"request_id":"f8387366ee9e024e849281f3","method":"GET","path":"/","status":304,"duration_ms":20,"user_id":2,"role":"karyawan"}}
{"time":"2026-09-18T03:55:57.498Z","level":"info","message":"HTTP request","meta":{"request_id":"3337463d6853ca9a3f2b466d","method":"GET","path":"/","status":304,"duration_ms":218,"user_id":2,"role":"karyawan"}}
{"time":"2026-09-18T03:55:57.746Z","level":"info","message":"HTTP request","meta":{"request_id":"a6a72226f2954c59b91fda64","method":"GET","path":"/","status":304,"duration_ms":245,"user_id":2,"role":"karyawan"}}
{"time":"2026-09-18T03:55:58.227Z","level":"info","message":"HTTP request","meta":{"request_id":"b127d3771f47e6407ca1e538","method":"GET","path":"/","status":304,"duration_ms":17,"user_id":2,"role":"karyawan"}}
{"time":"2026-09-18T03:55:58.251Z","level":"info","message":"HTTP request","meta":{"request_id":"1fed195af84ff5b2b89cd5e5","method":"GET","path":"/","status":304,"duration_ms":21,"user_id":2,"role":"karyawan"}}
{"time":"2026-09-18T03:55:58.793Z","level":"info","message":"HTTP request","meta":{"request_id":"ea03f1657a670db8eb06e80b","method":"GET","path":"/","status":304,"duration_ms":9,"user_id":2,"role":"karyawan"}}
{"time":"2026-09-18T03:55:58.797Z","level":"info","message":"HTTP request","meta":{"request_id":"c69724fda02554e0d8df659a","method":"GET","path":"/","status":304,"duration_ms":3,"user_id":2,"role":"karyawan"}}
{"time":"2026-09-18T03:55:59.446Z","level":"info","message":"HTTP request","meta":{"request_id":"6e2e08d532fefb97058cd6dd","method":"GET","path":"/","status":304,"duration_ms":6,"user_id":2,"role":"karyawan"}}
{"time":"2026-09-18T03:55:59.449Z","level":"info","message":"HTTP request","meta":{"request_id":"228d42a74cb2958a7eed5808","method":"GET","path":"/","status":304,"duration_ms":2,"user_id":2,"role":"karyawan"}}
{"time":"2026-09-18T03:56:00.121Z","level":"info","message":"HTTP request","meta":{"request_id":"7c708fe33df02ef8bfc8e149","method":"GET","path":"/","status":304,"duration_ms":3,"user_id":2,"role":"karyawan"}}
{"time":"2026-09-18T03:56:00.125Z","level":"info","message":"HTTP request","meta":{"request_id":"e5050c184f7a526bb8223ca5","method":"GET","path":"/","status":304,"duration_ms":3,"user_id":2,"role":"karyawan"}}
{"time":"2026-09-18T03:56:00.697Z","level":"info","message":"HTTP request","meta":{"request_id":"4e7279129456f85f8b642775","method":"GET","path":"/","status":304,"duration_ms":175,"user_id":2,"role":"karyawan"}}
{"time":"2026-09-18T03:56:00.933Z","level":"info","message":"HTTP request","meta":{"request_id":"29131071a90c6e89b02b1aa3","method":"GET","path":"/","status":304,"duration_ms":228,"user_id":2,"role":"karyawan"}}
{"time":"2026-09-18T03:56:01.118Z","level":"info","message":"HTTP request","meta":{"request_id":"523efb497f5455ab7e56afb7","method":"GET","path":"/","status":304,"duration_ms":16,"user_id":2,"role":"karyawan"}}
{"time":"2026-09-18T03:56:01.139Z","level":"info","message":"HTTP request","meta":{"request_id":"2b9ec1baafff8e98d9afa61a","method":"GET","path":"/","status":304,"duration_ms":19,"user_id":2,"role":"karyawan"}}
{"time":"2026-09-18T03:56:01.694Z","level":"info","message":"HTTP request","meta":{"request_id":"d99bbcd4d5e366db134713a1","method":"GET","path":"/","status":304,"duration_ms":212,"user_id":2,"role":"karyawan"}}
{"time":"2026-09-18T03:56:01.920Z","level":"info","message":"HTTP request","meta":{"request_id":"b977c856712d62f64fb0ca60","method":"GET","path":"/","status":304,"duration_ms":209,"user_id":2,"role":"karyawan"}}
{"time":"2026-09-18T03:56:02.868Z","level":"info","message":"HTTP request","meta":{"request_id":"9048b40acaae2acab906c006","method":"GET","path":"/","status":304,"duration_ms":20,"user_id":2,"role":"karyawan"}}
{"time":"2026-09-18T03:56:02.893Z","level":"info","message":"HTTP request","meta":{"request_id":"1bfb2baa8b4044a2a70c7d0a","method":"GET","path":"/","status":304,"duration_ms":22,"user_id":2,"role":"karyawan"}}
{"time":"2026-09-18T03:56:11.462Z","level":"info","message":"HTTP request","meta":{"request_id":"fc53539c3e42ac2c4c41feef","method":"GET","path":"/","status":304,"duration_ms":217,"user_id":2,"role":"karyawan"}}
{"time":"2026-09-18T03:56:11.689Z","level":"info","message":"HTTP request","meta":{"request_id":"c2922727e7538ca7d7e1a50b","method":"GET","path":"/","status":304,"duration_ms":223,"user_id":2,"role":"karyawan"}}
{"time":"2026-09-18T03:57:56.502Z","level":"info","message":"HTTP request","meta":{"request_id":"5ecb6efa446ab1776db81c68","method":"POST","path":"/login","status":200,"duration_ms":294,"user_id":null,"role":null}}
{"time":"2026-09-18T03:57:56.603Z","level":"info","message":"HTTP request","meta":{"request_id":"af7fc1a7e5cf6acb205c8fac","method":"GET","path":"/activities","status":304,"duration_ms":74,"user_id":1,"role":"pic"}}
{"time":"2026-09-18T03:57:56.606Z","level":"info","message":"HTTP request","meta":{"request_id":"61e40cc90047849c54385b60","method":"GET","path":"/activities","status":304,"duration_ms":2,"user_id":1,"role":"pic"}}
{"time":"2026-09-18T03:57:56.679Z","level":"info","message":"HTTP request","meta":{"request_id":"869da2c5652e00e97047f690","method":"GET","path":"/summary","status":304,"duration_ms":153,"user_id":1,"role":"pic"}}
{"time":"2026-09-18T03:57:56.684Z","level":"info","message":"HTTP request","meta":{"request_id":"9a4bb8481d77fc0ed93d781c","method":"GET","path":"/summary","status":304,"duration_ms":4,"user_id":1,"role":"pic"}}
{"time":"2026-09-18T03:57:58.203Z","level":"info","message":"HTTP request","meta":{"request_id":"32fce5e383f43c06389a9c18","method":"GET","path":"/","status":304,"duration_ms":206,"user_id":1,"role":"pic"}}
{"time":"2026-09-18T03:57:58.440Z","level":"info","message":"HTTP request","meta":{"request_id":"a77069737f516185014642c6","method":"GET","path":"/","status":304,"duration_ms":232,"user_id":1,"role":"pic"}}
{"time":"2026-09-18T04:05:06.128Z","level":"info","message":"HTTP request","meta":{"request_id":"888ba200e157fe0c52359c04","method":"GET","path":"/","status":304,"duration_ms":64,"user_id":1,"role":"pic"}}
{"time":"2026-09-18T04:05:06.149Z","level":"info","message":"HTTP request","meta":{"request_id":"7ab735937ce64995c403da8a","method":"GET","path":"/","status":304,"duration_ms":20,"user_id":1,"role":"pic"}}
{"time":"2026-09-18T04:05:13.950Z","level":"info","message":"HTTP request","meta":{"request_id":"44b4fc4a12e4fe07f8a86e45","method":"GET","path":"/","status":304,"duration_ms":8,"user_id":1,"role":"pic"}}
{"time":"2026-09-18T04:05:13.953Z","level":"info","message":"HTTP request","meta":{"request_id":"7277dddc9942ee92506bc19e","method":"GET","path":"/","status":304,"duration_ms":2,"user_id":1,"role":"pic"}}
{"time":"2026-09-18T04:05:14.554Z","level":"info","message":"HTTP request","meta":{"request_id":"a889523e7dab7cf5cc90d838","method":"GET","path":"/","status":304,"duration_ms":6,"user_id":1,"role":"pic"}}
{"time":"2026-09-18T04:05:14.557Z","level":"info","message":"HTTP request","meta":{"request_id":"ecaeb370c05d4f48ba1eea86","method":"GET","path":"/","status":304,"duration_ms":2,"user_id":1,"role":"pic"}}
{"time":"2026-09-18T04:05:16.980Z","level":"info","message":"HTTP request","meta":{"request_id":"0db222b31f9aad419e94185b","method":"GET","path":"/","status":304,"duration_ms":161,"user_id":1,"role":"pic"}}
{"time":"2026-09-18T04:05:17.186Z","level":"info","message":"HTTP request","meta":{"request_id":"868d44a35e829f05754d9e69","method":"GET","path":"/","status":304,"duration_ms":203,"user_id":1,"role":"pic"}}
{"time":"2026-09-18T04:05:17.521Z","level":"info","message":"HTTP request","meta":{"request_id":"6898406b5c57666cb0c5f5e6","method":"GET","path":"/summary","status":304,"duration_ms":72,"user_id":1,"role":"pic"}}
{"time":"2026-09-18T04:05:17.531Z","level":"info","message":"HTTP request","meta":{"request_id":"4dbb5ccb339d9f9faa41e3af","method":"GET","path":"/summary","status":304,"duration_ms":6,"user_id":1,"role":"pic"}}
{"time":"2026-09-18T04:05:17.540Z","level":"info","message":"HTTP request","meta":{"request_id":"7e30daf3db4015e6a57eaf03","method":"GET","path":"/activities","status":304,"duration_ms":89,"user_id":1,"role":"pic"}}
{"time":"2026-09-18T04:05:17.544Z","level":"info","message":"HTTP request","meta":{"request_id":"54ce194ce7d22c7623517b15","method":"GET","path":"/activities","status":304,"duration_ms":3,"user_id":1,"role":"pic"}}
{"time":"2026-09-18T04:05:35.263Z","level":"info","message":"HTTP request","meta":{"request_id":"2ac32b29e792c512f2e4f79f","method":"GET","path":"/","status":304,"duration_ms":176,"user_id":1,"role":"pic"}}
{"time":"2026-09-18T04:05:35.458Z","level":"info","message":"HTTP request","meta":{"request_id":"f000c0a24524aa792402c1cf","method":"GET","path":"/","status":304,"duration_ms":191,"user_id":1,"role":"pic"}}
{"time":"2026-09-18T04:05:37.627Z","level":"info","message":"HTTP request","meta":{"request_id":"1781e4bc02b27ef4906038d8","method":"GET","path":"/activities","status":304,"duration_ms":6,"user_id":1,"role":"pic"}}
{"time":"2026-09-18T04:05:37.628Z","level":"info","message":"HTTP request","meta":{"request_id":"7f44c453e348bc6c51f28fac","method":"GET","path":"/summary","status":304,"duration_ms":9,"user_id":1,"role":"pic"}}
{"time":"2026-09-18T04:05:37.632Z","level":"info","message":"HTTP request","meta":{"request_id":"6d19a5216bf3836c4e46d687","method":"GET","path":"/activities","status":304,"duration_ms":2,"user_id":1,"role":"pic"}}
{"time":"2026-09-18T04:05:37.634Z","level":"info","message":"HTTP request","meta":{"request_id":"720a2cc44f41de2ea3169ac0","method":"GET","path":"/summary","status":304,"duration_ms":3,"user_id":1,"role":"pic"}}
{"time":"2026-09-18T04:05:40.521Z","level":"info","message":"HTTP request","meta":{"request_id":"8ba058e21a4a9f590e50647b","method":"GET","path":"/summary","status":304,"duration_ms":2,"user_id":1,"role":"pic"}}
{"time":"2026-09-18T04:05:40.523Z","level":"info","message":"HTTP request","meta":{"request_id":"72751b8b0a9b65b298897cd4","method":"GET","path":"/activities","status":304,"duration_ms":3,"user_id":1,"role":"pic"}}
{"time":"2026-09-18T04:05:40.787Z","level":"info","message":"HTTP request","meta":{"request_id":"91fc327a2173476e63a33724","method":"GET","path":"/summary","status":304,"duration_ms":2,"user_id":1,"role":"pic"}}
{"time":"2026-09-18T04:05:40.788Z","level":"info","message":"HTTP request","meta":{"request_id":"5066cbefa54a852801ff83bd","method":"GET","path":"/activities","status":304,"duration_ms":2,"user_id":1,"role":"pic"}}
{"time":"2026-09-18T04:05:40.984Z","level":"info","message":"HTTP request","meta":{"request_id":"6e9e2d2b9a7f2b21aa46908b","method":"GET","path":"/summary","status":304,"duration_ms":2,"user_id":1,"role":"pic"}}
{"time":"2026-09-18T04:05:40.985Z","level":"info","message":"HTTP request","meta":{"request_id":"90040b5c8cd1f17edd7229f3","method":"GET","path":"/activities","status":304,"duration_ms":2,"user_id":1,"role":"pic"}}
{"time":"2026-09-18T04:05:44.207Z","level":"info","message":"HTTP request","meta":{"request_id":"93a3eac05c9caa44f64c8060","method":"GET","path":"/","status":304,"duration_ms":162,"user_id":1,"role":"pic"}}
{"time":"2026-09-18T04:05:44.410Z","level":"info","message":"HTTP request","meta":{"request_id":"f4f2a9ea5dd7afd38ab138be","method":"GET","path":"/","status":304,"duration_ms":199,"user_id":1,"role":"pic"}}
{"time":"2026-09-18T04:05:45.816Z","level":"info","message":"HTTP request","meta":{"request_id":"48a197afa053e568297ee054","method":"GET","path":"/summary","status":304,"duration_ms":4,"user_id":1,"role":"pic"}}
{"time":"2026-09-18T04:05:45.818Z","level":"info","message":"HTTP request","meta":{"request_id":"c75d73a8abe5a29aab4d77f7","method":"GET","path":"/activities","status":304,"duration_ms":4,"user_id":1,"role":"pic"}}
{"time":"2026-09-18T04:05:45.823Z","level":"info","message":"HTTP request","meta":{"request_id":"99dd0b8aca47de6fbbfd67f7","method":"GET","path":"/summary","status":304,"duration_ms":3,"user_id":1,"role":"pic"}}
{"time":"2026-09-18T04:05:45.824Z","level":"info","message":"HTTP request","meta":{"request_id":"83f067b92b7c9e1c210949b6","method":"GET","path":"/activities","status":304,"duration_ms":3,"user_id":1,"role":"pic"}}
{"time":"2026-09-18T04:05:47.376Z","level":"info","message":"HTTP request","meta":{"request_id":"5a80b0ef2e055569c38ba410","method":"GET","path":"/","status":304,"duration_ms":179,"user_id":1,"role":"pic"}}
{"time":"2026-09-18T04:05:47.558Z","level":"info","message":"HTTP request","meta":{"request_id":"3d28f1b11e51ee1792cb24ec","method":"GET","path":"/","status":304,"duration_ms":179,"user_id":1,"role":"pic"}}
{"time":"2026-09-18T04:05:48.269Z","level":"info","message":"HTTP request","meta":{"request_id":"be6d8870b52767718bfc8b9b","method":"GET","path":"/summary","status":304,"duration_ms":2,"user_id":1,"role":"pic"}}
{"time":"2026-09-18T04:05:48.274Z","level":"info","message":"HTTP request","meta":{"request_id":"857dd286959b404d154fe1a5","method":"GET","path":"/activities","status":304,"duration_ms":6,"user_id":1,"role":"pic"}}
{"time":"2026-09-18T04:05:48.276Z","level":"info","message":"HTTP request","meta":{"request_id":"ca4e2f1a50a0a5ed7ef65569","method":"GET","path":"/summary","status":304,"duration_ms":5,"user_id":1,"role":"pic"}}
{"time":"2026-09-18T04:05:48.280Z","level":"info","message":"HTTP request","meta":{"request_id":"d694013f47130965da064ca2","method":"GET","path":"/activities","status":304,"duration_ms":3,"user_id":1,"role":"pic"}}
{"time":"2026-09-18T04:05:52.057Z","level":"info","message":"HTTP request","meta":{"request_id":"cf3eaccc916ad46eaee09822","method":"GET","path":"/","status":304,"duration_ms":153,"user_id":1,"role":"pic"}}
{"time":"2026-09-18T04:05:52.244Z","level":"info","message":"HTTP request","meta":{"request_id":"b7e3cacac514371f239151bc","method":"GET","path":"/","status":304,"duration_ms":186,"user_id":1,"role":"pic"}}
{"time":"2026-09-18T04:06:08.021Z","level":"info","message":"HTTP request","meta":{"request_id":"63fe0ef0c7ad415284958c2d","method":"GET","path":"/","status":304,"duration_ms":17,"user_id":1,"role":"pic"}}
{"time":"2026-09-18T04:06:08.037Z","level":"info","message":"HTTP request","meta":{"request_id":"e0f0f908ea95149994f230c8","method":"GET","path":"/","status":304,"duration_ms":15,"user_id":1,"role":"pic"}}
{"time":"2026-09-21T00:56:59.407Z","level":"info","message":"Prisma connected"}
{"time":"2026-09-21T01:25:47.969Z","level":"info","message":"HTTP request","meta":{"request_id":"85f8eebed485e6927e18f525","method":"GET","path":"/me","status":401,"duration_ms":10,"user_id":null,"role":null}}
{"time":"2026-09-21T01:25:48.005Z","level":"info","message":"HTTP request","meta":{"request_id":"80059828971f16a7ee64f8ab","method":"GET","path":"/me","status":401,"duration_ms":4,"user_id":null,"role":null}}
{"time":"2026-09-21T01:26:06.396Z","level":"info","message":"HTTP request","meta":{"request_id":"215457ab1c0c52195943a308","method":"POST","path":"/login","status":200,"duration_ms":419,"user_id":null,"role":null}}
{"time":"2026-09-21T01:26:06.596Z","level":"info","message":"HTTP request","meta":{"request_id":"ed5ee02c712fbedef1d76975","method":"GET","path":"/summary","status":304,"duration_ms":97,"user_id":1,"role":"pic"}}
{"time":"2026-09-21T01:26:06.604Z","level":"info","message":"HTTP request","meta":{"request_id":"9d06c23754d39352640ceba2","method":"GET","path":"/summary","status":304,"duration_ms":6,"user_id":1,"role":"pic"}}
{"time":"2026-09-21T01:26:06.653Z","level":"info","message":"HTTP request","meta":{"request_id":"d6975136616011473675803a","method":"GET","path":"/activities","status":304,"duration_ms":156,"user_id":1,"role":"pic"}}
{"time":"2026-09-21T01:26:06.657Z","level":"info","message":"HTTP request","meta":{"request_id":"05e61c7ba47c81de01642a71","method":"GET","path":"/activities","status":304,"duration_ms":3,"user_id":1,"role":"pic"}}
{"time":"2026-09-21T01:26:07.918Z","level":"info","message":"HTTP request","meta":{"request_id":"5bc53804b0c01594d5b779f1","method":"GET","path":"/","status":304,"duration_ms":285,"user_id":1,"role":"pic"}}
{"time":"2026-09-21T01:26:08.177Z","level":"info","message":"HTTP request","meta":{"request_id":"015fe1ae2b742cf4474bbb28","method":"GET","path":"/","status":304,"duration_ms":257,"user_id":1,"role":"pic"}}
{"time":"2026-09-21T01:26:08.678Z","level":"info","message":"HTTP request","meta":{"request_id":"e70a742b93c4efd2a2fc9cdc","method":"GET","path":"/","status":304,"duration_ms":45,"user_id":1,"role":"pic"}}
{"time":"2026-09-21T01:26:08.702Z","level":"info","message":"HTTP request","meta":{"request_id":"d60dfa56702f3c3e43f39588","method":"GET","path":"/","status":304,"duration_ms":22,"user_id":1,"role":"pic"}}
{"time":"2026-09-21T01:26:11.312Z","level":"info","message":"HTTP request","meta":{"request_id":"2c89f4b97e0c554efa181d7d","method":"GET","path":"/","status":304,"duration_ms":202,"user_id":1,"role":"pic"}}
{"time":"2026-09-21T01:26:11.554Z","level":"info","message":"HTTP request","meta":{"request_id":"fcd28d8c91aa94e4863c4ca1","method":"GET","path":"/","status":304,"duration_ms":231,"user_id":1,"role":"pic"}}
{"time":"2026-09-21T01:26:24.301Z","level":"info","message":"HTTP request","meta":{"request_id":"4e1a99d32e0fca1cbafa6f23","method":"GET","path":"/","status":304,"duration_ms":12,"user_id":1,"role":"pic"}}
{"time":"2026-09-21T01:26:24.305Z","level":"info","message":"HTTP request","meta":{"request_id":"4452485adc1ea4b51b8ec717","method":"GET","path":"/","status":304,"duration_ms":3,"user_id":1,"role":"pic"}}
{"time":"2026-09-21T01:26:24.578Z","level":"info","message":"HTTP request","meta":{"request_id":"7aa77a9f42f112b16fd9ed40","method":"GET","path":"/","status":304,"duration_ms":9,"user_id":1,"role":"pic"}}
{"time":"2026-09-21T01:26:24.582Z","level":"info","message":"HTTP request","meta":{"request_id":"4da46cdddaa574ca905babac","method":"GET","path":"/","status":304,"duration_ms":2,"user_id":1,"role":"pic"}}
{"time":"2026-09-21T01:26:24.924Z","level":"info","message":"HTTP request","meta":{"request_id":"7db8d5d27a52cbd1ef47c540","method":"GET","path":"/","status":304,"duration_ms":21,"user_id":1,"role":"pic"}}
{"time":"2026-09-21T01:26:24.957Z","level":"info","message":"HTTP request","meta":{"request_id":"ea9c8e5ea681ad40d63a7ca1","method":"GET","path":"/","status":304,"duration_ms":29,"user_id":1,"role":"pic"}}
{"time":"2026-09-21T01:26:25.711Z","level":"info","message":"HTTP request","meta":{"request_id":"d6aa3e307379d294f145b19d","method":"GET","path":"/","status":304,"duration_ms":239,"user_id":1,"role":"pic"}}
{"time":"2026-09-21T01:26:25.807Z","level":"info","message":"HTTP request","meta":{"request_id":"1979d34665ae365e7b08c6af","method":"GET","path":"/summary","status":304,"duration_ms":13,"user_id":1,"role":"pic"}}
{"time":"2026-09-21T01:26:25.811Z","level":"info","message":"HTTP request","meta":{"request_id":"3f40193a28ae70b8da7a40a6","method":"GET","path":"/activities","status":304,"duration_ms":14,"user_id":1,"role":"pic"}}
{"time":"2026-09-21T01:26:25.819Z","level":"info","message":"HTTP request","meta":{"request_id":"c0347eda95f11666e2f81b4b","method":"GET","path":"/summary","status":304,"duration_ms":5,"user_id":1,"role":"pic"}}
{"time":"2026-09-21T01:26:25.822Z","level":"info","message":"HTTP request","meta":{"request_id":"2b0051e681ae31d8ab2684a7","method":"GET","path":"/activities","status":304,"duration_ms":7,"user_id":1,"role":"pic"}}
{"time":"2026-09-21T01:26:25.986Z","level":"info","message":"HTTP request","meta":{"request_id":"1626212f058c805c9f954484","method":"GET","path":"/","status":304,"duration_ms":263,"user_id":1,"role":"pic"}}
{"time":"2026-09-21T01:26:27.648Z","level":"info","message":"HTTP request","meta":{"request_id":"d055f91ba2f1f1806ecb1f5e","method":"GET","path":"/","status":304,"duration_ms":203,"user_id":1,"role":"pic"}}
{"time":"2026-09-21T01:26:27.936Z","level":"info","message":"HTTP request","meta":{"request_id":"2712a563ba5ed04afafc46b7","method":"GET","path":"/","status":304,"duration_ms":282,"user_id":1,"role":"pic"}}
{"time":"2026-09-21T01:26:33.559Z","level":"info","message":"HTTP request","meta":{"request_id":"560558abd1e3d41a2d1028ec","method":"GET","path":"/summary","status":304,"duration_ms":6,"user_id":1,"role":"pic"}}
{"time":"2026-09-21T01:26:33.563Z","level":"info","message":"HTTP request","meta":{"request_id":"4a2f1f0990bea2cd2076929e","method":"GET","path":"/activities","status":304,"duration_ms":7,"user_id":1,"role":"pic"}}
{"time":"2026-09-21T01:26:33.566Z","level":"info","message":"HTTP request","meta":{"request_id":"fc9d2d6bcd9166a06b5a6c96","method":"GET","path":"/summary","status":304,"duration_ms":5,"user_id":1,"role":"pic"}}
{"time":"2026-09-21T01:26:33.574Z","level":"info","message":"HTTP request","meta":{"request_id":"7b37611fc397918edf9c78a1","method":"GET","path":"/activities","status":304,"duration_ms":5,"user_id":1,"role":"pic"}}
{"time":"2026-09-21T02:05:17.151Z","level":"info","message":"HTTP request","meta":{"request_id":"af782f98c781e934ba18254c","method":"GET","path":"/","status":304,"duration_ms":246,"user_id":1,"role":"pic"}}
{"time":"2026-09-21T02:05:17.367Z","level":"info","message":"HTTP request","meta":{"request_id":"54b37e4f8b1c13ef24edaeaa","method":"GET","path":"/","status":304,"duration_ms":206,"user_id":1,"role":"pic"}}
{"time":"2026-09-21T02:05:43.637Z","level":"info","message":"HTTP request","meta":{"request_id":"656fe3345be03938c89725f3","method":"GET","path":"/summary","status":304,"duration_ms":73,"user_id":1,"role":"pic"}}
{"time":"2026-09-21T02:05:43.641Z","level":"info","message":"HTTP request","meta":{"request_id":"9c97bd7ae15270a7bc98168d","method":"GET","path":"/activities","status":304,"duration_ms":73,"user_id":1,"role":"pic"}}
{"time":"2026-09-21T02:05:43.645Z","level":"info","message":"HTTP request","meta":{"request_id":"3c16c7edd955284811f18141","method":"GET","path":"/summary","status":304,"duration_ms":5,"user_id":1,"role":"pic"}}
{"time":"2026-09-21T02:05:43.647Z","level":"info","message":"HTTP request","meta":{"request_id":"92ce1b83bbc50c910fb97e22","method":"GET","path":"/activities","status":304,"duration_ms":4,"user_id":1,"role":"pic"}}
{"time":"2026-09-21T02:07:37.066Z","level":"info","message":"HTTP request","meta":{"request_id":"6f35387eb7e6ce8af47c273b","method":"GET","path":"/summary","status":304,"duration_ms":3,"user_id":1,"role":"pic"}}
{"time":"2026-09-21T02:07:37.069Z","level":"info","message":"HTTP request","meta":{"request_id":"9098c30385cba8485e4fdbdc","method":"GET","path":"/activities","status":304,"duration_ms":4,"user_id":1,"role":"pic"}}
{"time":"2026-09-21T02:07:37.071Z","level":"info","message":"HTTP request","meta":{"request_id":"c8949e8fa7e386c05a4758af","method":"GET","path":"/summary","status":304,"duration_ms":3,"user_id":1,"role":"pic"}}
{"time":"2026-09-21T02:07:37.075Z","level":"info","message":"HTTP request","meta":{"request_id":"1f4abafaa5446e5b3c1ad5f1","method":"GET","path":"/activities","status":304,"duration_ms":3,"user_id":1,"role":"pic"}}
{"time":"2026-09-21T02:07:38.148Z","level":"info","message":"HTTP request","meta":{"request_id":"3068cbe7201926fd332c3844","method":"GET","path":"/","status":304,"duration_ms":21,"user_id":1,"role":"pic"}}
{"time":"2026-09-21T02:07:38.180Z","level":"info","message":"HTTP request","meta":{"request_id":"35a3cb7cd8a89d73f8c35b1c","method":"GET","path":"/","status":304,"duration_ms":30,"user_id":1,"role":"pic"}}
{"time":"2026-09-21T02:07:38.799Z","level":"info","message":"HTTP request","meta":{"request_id":"25e6aeb4e6ab043b72cdcfe0","method":"GET","path":"/","status":304,"duration_ms":185,"user_id":1,"role":"pic"}}
{"time":"2026-09-21T02:07:39.018Z","level":"info","message":"HTTP request","meta":{"request_id":"b06efcb57e5db385034fcfd4","method":"GET","path":"/","status":304,"duration_ms":217,"user_id":1,"role":"pic"}}
{"time":"2026-09-21T02:09:49.524Z","level":"info","message":"HTTP request","meta":{"request_id":"ffa128a3f540bf976c1b95af","method":"GET","path":"/","status":304,"duration_ms":17,"user_id":1,"role":"pic"}}
{"time":"2026-09-21T02:09:49.547Z","level":"info","message":"HTTP request","meta":{"request_id":"2636609cdbef88a231e1dc49","method":"GET","path":"/","status":304,"duration_ms":21,"user_id":1,"role":"pic"}}
{"time":"2026-09-21T02:09:51.139Z","level":"info","message":"HTTP request","meta":{"request_id":"522ad2ada8ddf3c7c6dfd966","method":"GET","path":"/","status":304,"duration_ms":8,"user_id":1,"role":"pic"}}
{"time":"2026-09-21T02:09:51.143Z","level":"info","message":"HTTP request","meta":{"request_id":"85a36d2d53113d0ccf3fd4d4","method":"GET","path":"/","status":304,"duration_ms":2,"user_id":1,"role":"pic"}}
{"time":"2026-09-21T02:09:51.826Z","level":"info","message":"HTTP request","meta":{"request_id":"dcb9ea2b87ca9c93864452af","method":"GET","path":"/","status":304,"duration_ms":17,"user_id":1,"role":"pic"}}
{"time":"2026-09-21T02:09:51.854Z","level":"info","message":"HTTP request","meta":{"request_id":"98f268c178aef55ff22a1f7e","method":"GET","path":"/","status":304,"duration_ms":23,"user_id":1,"role":"pic"}}
{"time":"2026-09-21T02:12:43.607Z","level":"info","message":"HTTP request","meta":{"request_id":"1cf3ce3583624d9ea09dc547","method":"GET","path":"/","status":304,"duration_ms":46,"user_id":1,"role":"pic"}}
{"time":"2026-09-21T02:12:43.610Z","level":"info","message":"HTTP request","meta":{"request_id":"727c9bca6923fd4e87a6a6cd","method":"GET","path":"/","status":304,"duration_ms":2,"user_id":1,"role":"pic"}}
{"time":"2026-09-21T02:12:44.511Z","level":"info","message":"HTTP request","meta":{"request_id":"375abdff049e44c43a198308","method":"GET","path":"/","status":304,"duration_ms":25,"user_id":1,"role":"pic"}}
{"time":"2026-09-21T02:12:44.544Z","level":"info","message":"HTTP request","meta":{"request_id":"c0c3c0e4af6957effec4a2c2","method":"GET","path":"/","status":304,"duration_ms":31,"user_id":1,"role":"pic"}}
{"time":"2026-09-21T02:12:45.182Z","level":"info","message":"HTTP request","meta":{"request_id":"82fcd751c7f694074ea32733","method":"GET","path":"/","status":304,"duration_ms":4,"user_id":1,"role":"pic"}}
{"time":"2026-09-21T02:12:45.186Z","level":"info","message":"HTTP request","meta":{"request_id":"1eea831c94f155df1175676f","method":"GET","path":"/","status":304,"duration_ms":3,"user_id":1,"role":"pic"}}
{"time":"2026-09-21T02:17:04.189Z","level":"info","message":"HTTP request","meta":{"request_id":"68df5726fdb5050110668dcf","method":"GET","path":"/","status":304,"duration_ms":9,"user_id":1,"role":"pic"}}
{"time":"2026-09-21T02:17:04.192Z","level":"info","message":"HTTP request","meta":{"request_id":"eeb50e11b9807cc3164d526b","method":"GET","path":"/","status":304,"duration_ms":2,"user_id":1,"role":"pic"}}
{"time":"2026-09-21T02:17:05.864Z","level":"info","message":"HTTP request","meta":{"request_id":"41bcf604a9207cf674d21c88","method":"GET","path":"/","status":304,"duration_ms":178,"user_id":1,"role":"pic"}}
{"time":"2026-09-21T02:17:06.129Z","level":"info","message":"HTTP request","meta":{"request_id":"43b4cfc5aa7223ef60ee1d93","method":"GET","path":"/","status":304,"duration_ms":264,"user_id":1,"role":"pic"}}
{"time":"2026-09-21T02:17:06.546Z","level":"info","message":"HTTP request","meta":{"request_id":"0f812ff303f0d6ba1f995f98","method":"GET","path":"/","status":304,"duration_ms":2,"user_id":1,"role":"pic"}}
{"time":"2026-09-21T02:17:06.550Z","level":"info","message":"HTTP request","meta":{"request_id":"74fe1f2cf821da342e30680b","method":"GET","path":"/","status":304,"duration_ms":2,"user_id":1,"role":"pic"}}
{"time":"2026-09-21T02:17:31.213Z","level":"info","message":"HTTP request","meta":{"request_id":"af1db7e8f257b4d396fe8048","method":"POST","path":"/","status":201,"duration_ms":22,"user_id":1,"role":"pic"}}
{"time":"2026-09-21T03:31:43.486Z","level":"info","message":"HTTP request","meta":{"request_id":"0dff10551e31ace553592d44","method":"GET","path":"/me","status":304,"duration_ms":3,"user_id":1,"role":"pic"}}
{"time":"2026-09-21T03:31:43.489Z","level":"info","message":"HTTP request","meta":{"request_id":"b515ff9d6cd6de920a0245dc","method":"GET","path":"/me","status":304,"duration_ms":2,"user_id":1,"role":"pic"}}
{"time":"2026-09-21T03:31:43.773Z","level":"info","message":"HTTP request","meta":{"request_id":"1bd6f2127be14d5050ebffc1","method":"GET","path":"/","status":304,"duration_ms":193,"user_id":1,"role":"pic"}}
{"time":"2026-09-21T03:31:43.970Z","level":"info","message":"HTTP request","meta":{"request_id":"50a02c9613d98d754c3892b2","method":"GET","path":"/","status":304,"duration_ms":192,"user_id":1,"role":"pic"}}
{"time":"2026-09-21T03:32:00.782Z","level":"info","message":"HTTP request","meta":{"request_id":"879b15d234d93e2f7739fd36","method":"GET","path":"/me","status":304,"duration_ms":5,"user_id":1,"role":"pic"}}
{"time":"2026-09-21T03:32:00.786Z","level":"info","message":"HTTP request","meta":{"request_id":"af91e2f920cda67273a0fab1","method":"GET","path":"/me","status":304,"duration_ms":2,"user_id":1,"role":"pic"}}
{"time":"2026-09-21T03:32:01.075Z","level":"info","message":"HTTP request","meta":{"request_id":"4b68d278c247632110ad32f5","method":"GET","path":"/","status":304,"duration_ms":220,"user_id":1,"role":"pic"}}
{"time":"2026-09-21T03:32:01.312Z","level":"info","message":"HTTP request","meta":{"request_id":"e1070d96fddb76d23cf78857","method":"GET","path":"/","status":304,"duration_ms":234,"user_id":1,"role":"pic"}}
{"time":"2026-09-21T03:32:01.378Z","level":"info","message":"HTTP request","meta":{"request_id":"dbcbb59ef65ce0ff5e790103","method":"GET","path":"/","status":304,"duration_ms":43,"user_id":1,"role":"pic"}}
{"time":"2026-09-21T03:32:01.403Z","level":"info","message":"HTTP request","meta":{"request_id":"7706797512bfcfe6ca586312","method":"GET","path":"/","status":304,"duration_ms":22,"user_id":1,"role":"pic"}}
{"time":"2026-09-21T03:32:12.921Z","level":"info","message":"HTTP request","meta":{"request_id":"d0745fe8b8747d043b95e140","method":"GET","path":"/","status":304,"duration_ms":206,"user_id":1,"role":"pic"}}
{"time":"2026-09-21T03:32:13.128Z","level":"info","message":"HTTP request","meta":{"request_id":"43c608b72327a4db821dea3b","method":"GET","path":"/","status":304,"duration_ms":203,"user_id":1,"role":"pic"}}
{"time":"2026-09-21T03:32:16.116Z","level":"info","message":"HTTP request","meta":{"request_id":"dbc23fd4d9a8802e28ca20f4","method":"GET","path":"/","status":304,"duration_ms":24,"user_id":1,"role":"pic"}}
{"time":"2026-09-21T03:32:16.142Z","level":"info","message":"HTTP request","meta":{"request_id":"c38d50357db1cf7a68e74457","method":"GET","path":"/","status":304,"duration_ms":24,"user_id":1,"role":"pic"}}
